file,family,rock,ppl_xpl,mag,caption,source
raw_strekeisen\pluto\olivine\olivine_PPL_4704030.jpg,pluto,olivine,PPL,2x,"Olivine in a troctolite. Note the fractures due to the increase in volume due to the serpentinization. PPL image , 2x (Field of view = 7mm)",mafico
raw_strekeisen\pluto\olivine\olivine_PPL_98395734.jpg,pluto,olivine,PPL,2x,"Olivine in a troctolite. Note the fractures due to the increase in volume due to the serpentinization. PPL image , 2x (Field of view = 7mm)",mafico
raw_strekeisen\pluto\olivine\olivine_XPL_29590907.jpg,pluto,olivine,XPL,2x,"Olivine in a troctolite. Note the fractures due to the increase in volume due to the serpentinization. XPL image , 2x (Field of view = 7mm)",mafico
raw_strekeisen\pluto\olivine\olivine_PPL_81621457.jpg,pluto,olivine,PPL,10x,"Hornblende crystals rich in inclusions of olivine (colorless, rounded crystals) in a hornblendite from Monte Mattoni, Adamello, Italy. PPL image, 10x (Field of view = 2mm)",mafico
raw_strekeisen\pluto\olivine\olivine_XPL_9425148.jpg,pluto,olivine,XPL,10x,"Hornblende crystals rich in inclusions of olivine (rounded crystals with high interference colors) in a hornblendite from Monte Mattoni, Adamello, Italy. XPL image, 10x (Field of view = 2mm)",mafico
raw_strekeisen\pluto\olivine\olivine_XPL_71687810.jpg,pluto,olivine,XPL,10x,"Hornblende crystals rich in inclusions of olivine (rounded crystals with high interference colors) in a hornblendite from Monte Mattoni, Adamello, Italy. XPL image, 10x (Field of view = 2mm)",mafico
raw_strekeisen\pluto\olivine\olivine_XPL_75247638.jpg,pluto,olivine,XPL,1x,"Pyroxene (high interference colors), plagioclase (I order gray) and rounded altered olivine crystals. Olivine gabbro from Huntly, Aberdeenshire, England. XPL image, 1x (Field of view = 9mm)",mafico
raw_strekeisen\pluto\olivine\olivine_PPL_23884006.jpg,pluto,olivine,PPL,1x,"Pyroxene (beige), plagioclase (colorless) and rounded altered olivine crystals. Olivine gabbro from Huntly, Aberdeenshire, England. PPL image, 1x (Field of view = 9mm)",mafico
raw_strekeisen\pluto\olivine\olivine_XPL_12933993.jpg,pluto,olivine,XPL,1x,"Pyroxene (high interference colors), plagioclase (I order gray) and rounded altered olivine crystals. Olivine gabbro from Huntly, Aberdeenshire, England. XPL image, 1x (Field of view = 9mm)",mafico
raw_strekeisen\pluto\olivine\olivine_PPL_45047752.jpg,pluto,olivine,PPL,2x,"Pyroxene (beige), plagioclase (colorless) and rounded altered olivine crystals (surrounded by a thin orthopyroxene rim and a vermicular kelifitic rim). Olivine gabbro from Huntly, Aberdeenshire, England. PPL image, 2x (Field of view = 7mm)",mafico
raw_strekeisen\pluto\olivine\olivine_XPL_69048886.jpg,pluto,olivine,XPL,2x,"Pyroxene (high interference colors), plagioclase (I order gray) and rounded altered olivine crystals (surrounded by a thin gray orthopyroxene rim and a vermicular kelifitic rim). Olivine gabbro from Huntly, Aberdeenshire, England. XPL image, 2x (Field of view = 7mm)",mafico
raw_strekeisen\pluto\olivine\olivine_PPL_93886587.jpg,pluto,olivine,PPL,10x,"Pyroxene (beige), plagioclase (colorless) and rounded altered olivine crystals (surrounded by a thin orthopyroxene rim and a vermicular kelifitic rim). Olivine gabbro from Huntly, Aberdeenshire, England. PPL image, 10x (Field of view = 2mm)",mafico
raw_strekeisen\pluto\olivine\olivine_XPL_64005179.jpg,pluto,olivine,XPL,2x,"Olivine crystals in a dunite. XPL image, 2x (Field of view = 7mm)",mafico
raw_strekeisen\pluto\olivine\olivine_XPL_17721203.jpg,pluto,olivine,XPL,2x,"Olivine crystals in a dunite. XPL image, 2x (Field of view = 7mm)",mafico
raw_strekeisen\pluto\olivine\olivine_XPL_87781801.jpg,pluto,olivine,XPL,10x,"Olivine crystals (with kinkbands) in a dunite. XPL image, 10x (Field of view = 2mm)",mafico
raw_strekeisen\pluto\olivine\olivine_XPL_14172046.jpg,pluto,olivine,XPL,2x,"Olivine crystals in a dunite. XPL image, 2x (Field of view = 7mm)",mafico
raw_strekeisen\pluto\olivine\olivine_XPL_70476036.jpg,pluto,olivine,XPL,2x,"Olivine crystals in a dunite. XPL image, 2x (Field of view = 7mm)",mafico
raw_strekeisen\pluto\olivine\olivine_XPL_96309863.jpg,pluto,olivine,XPL,2x,"Olivine crystals in a dunite. XPL image, 2x (Field of view = 7mm)",mafico
raw_strekeisen\pluto\olivine\olivine_XPL_83988976.jpg,pluto,olivine,XPL,2x,"Olivine crystals (with kinkbands) in a dunite. XPL image, 2x (Field of view = 7mm)",mafico
raw_strekeisen\pluto\olivine\olivine_XPL_33142470.jpg,pluto,olivine,XPL,2x,"Olivine crystals (with kinkbands) in a dunite. XPL image, 2x (Field of view = 7mm)",mafico
raw_strekeisen\pluto\olivine\olivine_XPL_56063015.jpg,pluto,olivine,XPL,2x,"Olivine crystals (with kinkbands) in a dunite. XPL image, 2x (Field of view = 7mm)",mafico
raw_strekeisen\pluto\olivine\olivine_XPL_85338598.jpg,pluto,olivine,XPL,2x,"Olivine crystals in a dunite. XPL image, 2x (Field of view = 7mm)",mafico
raw_strekeisen\pluto\olivine\olivine_XPL_40367892.jpg,pluto,olivine,XPL,2x,"Olivine crystals in a dunite. XPL image, 2x (Field of view = 7mm)",mafico
raw_strekeisen\pluto\olivine\olivine_XPL_78342023.jpg,pluto,olivine,XPL,2x,"Olivine crystals in a dunite. XPL image, 2x (Field of view = 7mm)",mafico
raw_strekeisen\pluto\olivine\olivine_XPL_87024918.jpg,pluto,olivine,XPL,10x,"Olivine, plagioclase and interstitial pyroxene from Rhum Layered Complex. XPL image, 10x (Field of view = 2mm)",mafico
raw_strekeisen\pluto\olivine\olivine_XPL_19359354.jpg,pluto,olivine,XPL,10x,"Plagioclase with olivine and spinel inclusions from Rhum Layered Complex. XPL image, 10x (Field of view = 2mm)",mafico
raw_strekeisen\pluto\olivine\olivine_XPL_72950472.jpg,pluto,olivine,XPL,10x,"Olivine and interstitial pyroxene from Rhum Layered Complex. XPL image, 10x (Field of view = 2mm)",mafico
raw_strekeisen\pluto\olivine\olivine_XPL_11021901.jpg,pluto,olivine,XPL,2x,"Olivine and plagioclase in the troctolitic portion from Rhum Layered Complex. XPL image, 2x (Field of view = 7mm)",mafico
raw_strekeisen\pluto\olivine\olivine_XPL_30716780.jpg,pluto,olivine,XPL,2x,"Olivine and plagioclase in the troctolitic portion from Rhum Layered Complex. XPL image, 2x (Field of view = 7mm)",mafico
raw_strekeisen\pluto\olivine\olivine_XPL_67976720.jpg,pluto,olivine,XPL,2x,"Olivine and plagioclase in the troctolitic portion from Rhum Layered Complex. XPL image, 2x (Field of view = 7mm)",mafico
raw_strekeisen\pluto\olivine\olivine_XPL_13935071.jpg,pluto,olivine,XPL,10x,"Mesh texture: olivine remnant ""islands"" rimmed by serpentine + magnetite veins. XPL image, 10x (Field of view = 2mm)",mafico
raw_strekeisen\pluto\olivine\olivine_PPL_51405172.jpg,pluto,olivine,PPL,10x,"Mesh texture: olivine remnant ""islands"" rimmed by serpentine + magnetite veins. PPL image, 10x (Field of view = 2mm)",mafico
raw_strekeisen\pluto\olivine\olivine_XPL_97358433.jpg,pluto,olivine,XPL,10x,"Mesh texture: olivine remnant ""islands"" rimmed by serpentine + magnetite veins. XPL image, 10x (Field of view = 2mm)",mafico
raw_strekeisen\pluto\olivine\olivine_PPL_93571831.jpg,pluto,olivine,PPL,10x,"Mesh texture: olivine remnant ""islands"" rimmed by serpentine + magnetite veins. PPL image, 10x (Field of view = 2mm)",mafico
raw_strekeisen\pluto\olivine\olivine_XPL_86830963.jpg,pluto,olivine,XPL,10x,"Mesh texture: olivine remnant ""islands"" rimmed by serpentine + magnetite veins. XPL image, 10x (Field of view = 2mm)",mafico
raw_strekeisen\pluto\clinopyroxene\clinopyroxene_PPL_16235353.jpg,pluto,clinopyroxene,PPL,2x,"Pyroxene in basal section (with colorless apatite inclusions) in a xenolith from Vulsini volcano, Italy. PPL image, 2x (Field of view = 7mm)",mafico
raw_strekeisen\pluto\clinopyroxene\clinopyroxene_PPL_23368800.jpg,pluto,clinopyroxene,PPL,10x,"Pyroxene in basal section (with colorless apatite inclusions) in a xenolith from Vulsini volcano, Italy. PPL image, 10x (Field of view = 2mm)",mafico
raw_strekeisen\pluto\clinopyroxene\clinopyroxene_PPL_90782838.jpg,pluto,clinopyroxene,PPL,10x,"Pyroxene in basal section (with colorless apatite inclusions) in a xenolith from Vulsini volcano, Italy. PPL image, 10x (Field of view = 2mm)",mafico
raw_strekeisen\pluto\clinopyroxene\clinopyroxene_PPL_14149091.jpg,pluto,clinopyroxene,PPL,2x,"Aegirine (grass-green) crystals in a alkaline syenite from Murun massif, Siberia, Russia. PPL image, 2x (Field of view = 7mm)",mafico
raw_strekeisen\pluto\clinopyroxene\clinopyroxene_XPL_57292494.jpg,pluto,clinopyroxene,XPL,2x,"Aegirine (green) crystals in a alkaline syenite from Murun massif, Siberia, Russia. XPL image, 2x (Field of view = 7mm)",mafico
raw_strekeisen\pluto\clinopyroxene\clinopyroxene_PPL_66036227.jpg,pluto,clinopyroxene,PPL,2x,"Aegirine (grass-green) crystals in a alkaline syenite from Murun massif, Siberia, Russia. PPL image, 2x (Field of view = 7mm)",mafico
raw_strekeisen\pluto\clinopyroxene\clinopyroxene_PPL_95222302.jpg,pluto,clinopyroxene,PPL,2x,"Aegirine (grass-green) crystals in a alkaline syenite from Murun massif, Siberia, Russia. PPL image, 2x (Field of view = 7mm)",mafico
raw_strekeisen\pluto\clinopyroxene\clinopyroxene_PPL_1454660.jpg,pluto,clinopyroxene,PPL,2x,"Aegirine (grass-green) crystals in a alkaline syenite from Murun massif, Siberia, Russia. PPL image, 2x (Field of view = 7mm)",mafico
raw_strekeisen\pluto\clinopyroxene\clinopyroxene_PPL_56910057.jpg,pluto,clinopyroxene,PPL,10x,"Aegirine (grass-green) crystals in a alkaline syenite from Mnt. Flora, Lovozero massif, Kola, Russia. PPL image, 10x (Field of view = 2mm)",mafico
raw_strekeisen\pluto\clinopyroxene\clinopyroxene_XPL_65157328.jpg,pluto,clinopyroxene,XPL,10x,"Aegirine (grass-green) crystals in a alkaline syenite from Mnt. Flora, Lovozero massif, Kola, Russia. XPL image, 10x (Field of view = 2mm)",mafico
raw_strekeisen\pluto\clinopyroxene\clinopyroxene_PPL_87406751.jpg,pluto,clinopyroxene,PPL,10x,"Aegirine crystal (zoned basal section) in a alkaline syenite from Mnt. Flora, Lovozero massif, Kola, Russia. PPL image, 10x (Field of view = 2mm)",mafico
raw_strekeisen\pluto\clinopyroxene\clinopyroxene_XPL_52897809.jpg,pluto,clinopyroxene,XPL,10x,"Aegirine crystal (zoned basal section) in a alkaline syenite from Mnt. Flora, Lovozero massif, Kola, Russia. XPL image, 10x (Field of view = 2mm)",mafico
raw_strekeisen\pluto\clinopyroxene\clinopyroxene_PPL_81203070.jpg,pluto,clinopyroxene,PPL,2x,"Aegirine (grass-green) crystals. Brandberg Complex (Namibia). PPL image, 2x (Field of view = 7mm)",mafico
raw_strekeisen\pluto\clinopyroxene\clinopyroxene_XPL_30370927.jpg,pluto,clinopyroxene,XPL,2x,"Aegirine (high interference colors) crystals in a fine-grained matrix made of quartz and feldspar (I order gray). Brandberg Complex (Namibia). XPL image, 2x (Field of view = 7mm)",mafico
raw_strekeisen\pluto\clinopyroxene\clinopyroxene_PPL_33266113.jpg,pluto,clinopyroxene,PPL,2x,"Aegirine (grass-green) crystals. Brandberg Complex (Namibia). PPL image, 2x (Field of view = 7mm)",mafico
raw_strekeisen\pluto\clinopyroxene\clinopyroxene_XPL_40121531.jpg,pluto,clinopyroxene,XPL,2x,"Aegirine (high interference colors) crystals in a fine-grained matrix made of quartz and feldspar (I order gray). Brandberg Complex (Namibia). XPL image, 2x (Field of view = 7mm)",mafico
raw_strekeisen\pluto\clinopyroxene\clinopyroxene_PPL_87122188.jpg,pluto,clinopyroxene,PPL,2x,"Aegirine (grass-green) crystals.  Brandberg Complex (Namibia). PPL image, 2x (Field of view = 7mm)",mafico
raw_strekeisen\pluto\clinopyroxene\clinopyroxene_XPL_56355253.jpg,pluto,clinopyroxene,XPL,2x,"Aegirine (high interference colors) crystals in a fine-grained matrix made of quartz and feldspar (I order gray). Brandberg Complex (Namibia). XPL image, 2x (Field of view = 7mm)",mafico
raw_strekeisen\pluto\clinopyroxene\clinopyroxene_PPL_25779635.jpg,pluto,clinopyroxene,PPL,2x,"Augite (pink), nepheline (colorless) and Apatite (elongated, colorless crystals). Cape Verde. PPL image, 2x (Field of view = 7mm)",mafico
raw_strekeisen\pluto\clinopyroxene\clinopyroxene_XPL_38747407.jpg,pluto,clinopyroxene,XPL,2x,"Augite and nepheline (grey). Cape Verde. XPL image, 2x (Field of view = 7mm)",mafico
raw_strekeisen\pluto\clinopyroxene\clinopyroxene_PPL_58601437.jpg,pluto,clinopyroxene,PPL,2x,"Augite (pink) and nepheline (colorless). Cape Verde. PPL image, 2x (Field of view = 7mm)",mafico
raw_strekeisen\pluto\clinopyroxene\clinopyroxene_XPL_90974653.jpg,pluto,clinopyroxene,XPL,2x,"Augite and nepheline (grey). Cape Verde. XPL image, 2x (Field of view = 7mm)",mafico
raw_strekeisen\pluto\clinopyroxene\clinopyroxene_XPL_88423798.jpg,pluto,clinopyroxene,XPL,2x,"Augite and nepheline (grey). Cape Verde. XPL image, 2x (Field of view = 7mm)",mafico
raw_strekeisen\pluto\clinopyroxene\clinopyroxene_XPL_42706334.jpg,pluto,clinopyroxene,XPL,2x,"Augite and nepheline (grey). Cape Verde. XPL image, 2x (Field of view = 7mm)",mafico
raw_strekeisen\pluto\clinopyroxene\clinopyroxene_PPL_47909148.jpg,pluto,clinopyroxene,PPL,2x,"Clinopyroxene crystals in a gabbro. PPL image, 2x (Field of view = 7mm)",mafico
raw_strekeisen\pluto\clinopyroxene\clinopyroxene_XPL_18808018.jpg,pluto,clinopyroxene,XPL,2x,"Clinopyroxene crystals in a gabbro. XPL image, 2x (Field of view = 7mm)",mafico
raw_strekeisen\pluto\clinopyroxene\clinopyroxene_PPL_7657414.jpg,pluto,clinopyroxene,PPL,2x,"Clinopyroxene crystals in a gabbro. PPL image, 2x (Field of view = 7mm)",mafico
raw_strekeisen\pluto\clinopyroxene\clinopyroxene_XPL_91142154.jpg,pluto,clinopyroxene,XPL,2x,"Clinopyroxene crystals in a gabbro. XPL image, 2x (Field of view = 7mm)",mafico
raw_strekeisen\pluto\clinopyroxene\clinopyroxene_XPL_5813447.jpg,pluto,clinopyroxene,XPL,2x,"Clinopyroxene crystals in a gabbro. XPL image, 2x (Field of view = 7mm)",mafico
raw_strekeisen\pluto\clinopyroxene\clinopyroxene_XPL_78482976.jpg,pluto,clinopyroxene,XPL,2x,"Resorbed olivine crystal in a gabbro, Antarctica. XPL image, 2x (Field of view = 7mm)",mafico
raw_strekeisen\pluto\clinopyroxene\clinopyroxene_PPL_73962836.jpg,pluto,clinopyroxene,PPL,2x,"Coarse-grained augite crystals and sericitized plagioclase in a augite-bearing gabbro. PPL image, 2x (Field of view = 7mm)/td>",mafico
raw_strekeisen\pluto\clinopyroxene\clinopyroxene_XPL_3831940.jpg,pluto,clinopyroxene,XPL,2x,"Coarse-grained augite crystals and plagioclase in a augite-bearing gabbro. XPL image, 2x (Field of view = 7mm)/td>",mafico
raw_strekeisen\pluto\clinopyroxene\clinopyroxene_PPL_6361252.jpg,pluto,clinopyroxene,PPL,2x,"Coarse-grained augite crystals and sericitized plagioclase in a augite-bearing gabbro. PPL image, 2x (Field of view = 7mm)/td>",mafico
raw_strekeisen\pluto\clinopyroxene\clinopyroxene_PPL_64477056.jpg,pluto,clinopyroxene,PPL,2x,"Coarse-grained augite crystals and sericitized plagioclase in a augite-bearing gabbro. PPL image, 2x (Field of view = 7mm)/td>",mafico
raw_strekeisen\pluto\clinopyroxene\clinopyroxene_PPL_89165347.jpg,pluto,clinopyroxene,PPL,2x,"Coarse-grained augite crystals and sericitized plagioclase in a augite-bearing gabbro. PPL image, 2x (Field of view = 7mm)/td>",mafico
raw_strekeisen\pluto\clinopyroxene\clinopyroxene_PPL_478864.jpg,pluto,clinopyroxene,PPL,2x,"Coarse-grained augite crystals and sericitized plagioclase in a augite-bearing gabbro. PPL image, 2x (Field of view = 7mm)/td>",mafico
raw_strekeisen\pluto\cumberlandite\cumberlandite_PPL_38517758.jpg,pluto,cumberlandite,PPL,1x,"Olivine (brown) crystals, magnetite-ilmenite crystals and altered plagioclase (white). Cumberland, Rhode Island, USA. PPL image, 1x (Field of view = 9mm)",mafico
raw_strekeisen\pluto\cumberlandite\cumberlandite_XPL_30173956.jpg,pluto,cumberlandite,XPL,1x,"Olivine, magnetite-ilmenite crystals and altered plagioclase. Cumberland, Rhode Island, USA. XPL image, 1x (Field of view = 9mm)",mafico
raw_strekeisen\pluto\cumberlandite\cumberlandite_PPL_96582099.jpg,pluto,cumberlandite,PPL,1x,"Olivine (brown) crystals, magnetite-ilmenite crystals and altered plagioclase (white). Cumberland, Rhode Island, USA. PPL image, 1x (Field of view = 9mm)",mafico
raw_strekeisen\pluto\cumberlandite\cumberlandite_PPL_59493540.jpg,pluto,cumberlandite,PPL,1x,"Olivine (brown) crystals, magnetite-ilmenite crystals and altered plagioclase (white). Cumberland, Rhode Island, USA. PPL image, 1x (Field of view = 9mm)",mafico
raw_strekeisen\pluto\cumberlandite\cumberlandite_XPL_46030271.jpg,pluto,cumberlandite,XPL,1x,"br />Olivine, magnetite-ilmenite crystals and altered plagioclase. Cumberland, Rhode Island, USA. XPL image, 1x (Field of view = 9mm)",mafico
raw_strekeisen\pluto\cumberlandite\cumberlandite_PPL_10378920.jpg,pluto,cumberlandite,PPL,1x,"Olivine (brown) crystals, magnetite-ilmenite crystals and altered plagioclase (white). Cumberland, Rhode Island, USA. PPL image, 1x (Field of view = 9mm)",mafico
raw_strekeisen\pluto\cumberlandite\cumberlandite_PPL_85971986.jpg,pluto,cumberlandite,PPL,1x,"Olivine (brown) crystals and magnetite-ilmenite crystals. Cumberland, Rhode Island, USA. PPL image, 1x (Field of view = 9mm)",mafico
raw_strekeisen\pluto\cumberlandite\cumberlandite_PPL_88421126.jpg,pluto,cumberlandite,PPL,1x,"Olivine (brown) crystals and magnetite-ilmenite crystals. Cumberland, Rhode Island, USA. PPL image, 1x (Field of view = 9mm)",mafico
raw_strekeisen\pluto\cumberlandite\cumberlandite_PPL_66824894.jpg,pluto,cumberlandite,PPL,1x,"Olivine (brown) crystals and magnetite-ilmenite crystals. Cumberland, Rhode Island, USA. PPL image, 1x (Field of view = 9mm)",mafico
raw_strekeisen\pluto\cumberlandite\cumberlandite_PPL_89906225.jpg,pluto,cumberlandite,PPL,1x,"Olivine (brown) crystals, magnetite-ilmenite crystals and altered plagioclase (white). Cumberland, Rhode Island, USA. PPL image, 1x (Field of view = 9mm)",mafico
raw_strekeisen\pluto\cumberlandite\cumberlandite_XPL_24169025.jpg,pluto,cumberlandite,XPL,1x,"br />Olivine, magnetite-ilmenite crystals and altered plagioclase. Cumberland, Rhode Island, USA. XPL image, 1x (Field of view = 9mm)",mafico
raw_strekeisen\pluto\cumberlandite\cumberlandite_PPL_92752189.jpg,pluto,cumberlandite,PPL,1x,"Olivine (brown) crystals, magnetite-ilmenite crystals and altered plagioclase (white). Cumberland, Rhode Island, USA. PPL image, 1x (Field of view = 9mm)",mafico
raw_strekeisen\pluto\cumberlandite\cumberlandite_PPL_24262486.jpg,pluto,cumberlandite,PPL,1x,"Olivine (brown) crystals, magnetite-ilmenite crystals and altered plagioclase (white). Cumberland, Rhode Island, USA. PPL image, 1x (Field of view = 9mm)",mafico
raw_strekeisen\pluto\cumberlandite\cumberlandite_XPL_94407022.jpg,pluto,cumberlandite,XPL,1x,"br />Olivine, magnetite-ilmenite crystals and altered plagioclase. Cumberland, Rhode Island, USA. XPL image, 1x (Field of view = 9mm)",mafico
raw_strekeisen\pluto\cumberlandite\cumberlandite_PPL_65570978.jpg,pluto,cumberlandite,PPL,1x,"Olivine (brown) crystals, magnetite-ilmenite crystals and altered plagioclase (white). Cumberland, Rhode Island, USA. PPL image, 1x (Field of view = 9mm)",mafico
raw_strekeisen\pluto\cumberlandite\cumberlandite_PPL_70987188.jpg,pluto,cumberlandite,PPL,1x,"Olivine (brown) crystals and magnetite-ilmenite crystals. Cumberland, Rhode Island, USA. PPL image, 1x (Field of view = 9mm)",mafico
raw_strekeisen\pluto\cumberlandite\cumberlandite_XPL_24189105.jpg,pluto,cumberlandite,XPL,1x,"Olivine, magnetite-ilmenite crystals and altered plagioclase. Cumberland, Rhode Island, USA. XPL image, 1x (Field of view = 9mm)",mafico
raw_strekeisen\pluto\cumberlandite\cumberlandite_PPL_80218836.jpg,pluto,cumberlandite,PPL,1x,"Olivine (brown) crystals, magnetite-ilmenite crystals and altered plagioclase (white). Cumberland, Rhode Island, USA. PPL image, 1x (Field of view = 9mm)",mafico
raw_strekeisen\pluto\cumberlandite\cumberlandite_PPL_45951773.jpg,pluto,cumberlandite,PPL,2x,"Olivine (brown) and magnetite-ilmenite crystals. Cumberland, Rhode Island, USA. PPL image, 2x (Field of view = 7mm)",mafico
raw_strekeisen\pluto\jacupirangite\jacupirangite_PPL_59718321.jpg,pluto,jacupirangite,PPL,2x,"Titanoaugite, nepheline (colorless), biotite and magnetite crystals in a Jacupirangite. PPL image, 2x (Field of view = 7mm)",mafico
raw_strekeisen\pluto\jacupirangite\jacupirangite_PPL_90297954.jpg,pluto,jacupirangite,PPL,2x,"Titanoaugite, nepheline (colorless), biotite and magnetite crystals in a Jacupirangite. PPL image, 2x (Field of view = 7mm)",mafico
raw_strekeisen\pluto\jacupirangite\jacupirangite_XPL_46911042.jpg,pluto,jacupirangite,XPL,2x,"Titanoaugite and nepheline (gray) crystals in a Jacupirangite. XPL image, 2x (Field of view = 7mm)",mafico
raw_strekeisen\pluto\jacupirangite\jacupirangite_XPL_25012995.jpg,pluto,jacupirangite,XPL,2x,"Titanoaugite and nepheline (gray) crystals in a Jacupirangite. XPL image, 2x (Field of view = 7mm)",mafico
raw_strekeisen\pluto\jacupirangite\jacupirangite_XPL_52851017.jpg,pluto,jacupirangite,XPL,2x,"Titanoaugite and nepheline (gray) crystals in a Jacupirangite. XPL image, 2x (Field of view = 7mm)",mafico
raw_strekeisen\pluto\jacupirangite\jacupirangite_PPL_24571054.jpg,pluto,jacupirangite,PPL,2x,"Titanoaugite, nepheline (colorless), biotite and magnetite crystals in a Jacupirangite. PPL image, 2x (Field of view = 7mm)",mafico
raw_strekeisen\pluto\jacupirangite\jacupirangite_XPL_70283871.jpg,pluto,jacupirangite,XPL,2x,"Titanoaugite and nepheline (gray) crystals in a Jacupirangite. XPL image, 2x (Field of view = 7mm)",mafico
raw_strekeisen\pluto\jacupirangite\jacupirangite_XPL_45355327.jpg,pluto,jacupirangite,XPL,2x,"Titanoaugite and nepheline (gray) crystals in a Jacupirangite. XPL image, 2x (Field of view = 7mm)",mafico
raw_strekeisen\pluto\jacupirangite\jacupirangite_PPL_41335399.jpg,pluto,jacupirangite,PPL,2x,"Titanoaugite, nepheline (colorless), biotite and magnetite crystals in a Jacupirangite. PPL image, 2x (Field of view = 7mm)",mafico
raw_strekeisen\pluto\jacupirangite\jacupirangite_PPL_52746894.jpg,pluto,jacupirangite,PPL,10x,"Titanoaugite, nepheline (colorless), biotite and magnetite crystals in a Jacupirangite. PPL image, 10x (Field of view = 2mm)",mafico
raw_strekeisen\pluto\jacupirangite\jacupirangite_PPL_42900203.jpg,pluto,jacupirangite,PPL,10x,"Titanoaugite, nepheline (colorless), biotite and magnetite crystals in a Jacupirangite. PPL image, 10x (Field of view = 2mm)",mafico
raw_strekeisen\pluto\jacupirangite\jacupirangite_XPL_27632899.jpg,pluto,jacupirangite,XPL,2x,"Titanoaugite and nepheline (gray) crystals in a Jacupirangite. XPL image, 2x (Field of view = 7mm)",mafico
raw_strekeisen\pluto\jacupirangite\jacupirangite_XPL_71419192.jpg,pluto,jacupirangite,XPL,2x,"Titanoaugite crystals in a Jacupirangite. XPL image, 2x (Field of view = 7mm)",mafico
raw_strekeisen\pluto\jacupirangite\jacupirangite_PPL_52334528.jpg,pluto,jacupirangite,PPL,10x,"Titanoaugite and nepheline (colorless) crystals in a Jacupirangite. PPL image, 10x (Field of view = 2mm)",mafico
raw_strekeisen\pluto\jacupirangite\jacupirangite_XPL_10849464.jpg,pluto,jacupirangite,XPL,2x,"Titanoaugite and nepheline (gray) crystals in a Jacupirangite. XPL image, 2x (Field of view = 7mm)",mafico
raw_strekeisen\pluto\jacupirangite\jacupirangite_PPL_39726359.jpg,pluto,jacupirangite,PPL,10x,"Titanoaugite and nepheline (colorless) crystals in a Jacupirangite. PPL image, 10x (Field of view = 2mm)",mafico
raw_strekeisen\pluto\jacupirangite\jacupirangite_XPL_37673513.jpg,pluto,jacupirangite,XPL,2x,"Titanoaugite crystals in a Jacupirangite. XPL image, 2x (Field of view = 7mm)",mafico
raw_strekeisen\pluto\jacupirangite\jacupirangite_XPL_97671229.jpg,pluto,jacupirangite,XPL,2x,"Titanoaugite crystals in a Jacupirangite. XPL image, 2x (Field of view = 7mm)",mafico
raw_strekeisen\pluto\kentallenite\kentallenite_PPL_7517013.jpg,pluto,kentallenite,PPL,2x,"Olivine (high relief and fractured due to serpentinization), pyroxene (beige), phlogopite (brown) and feldspar (colorless) crystals in a kentallenite from Kentallen. PPL image, 2x (Field of view = 7mm)",mafico
raw_strekeisen\pluto\kentallenite\kentallenite_XPL_66695675.jpg,pluto,kentallenite,XPL,2x,"Olivine (high relief and fractured due to serpentinization), pyroxene, phlogopite and feldspar crystals in a kentallenite from Kentallen. XPL image, 2x (Field of view = 7mm)",mafico
raw_strekeisen\pluto\kentallenite\kentallenite_PPL_98426996.jpg,pluto,kentallenite,PPL,2x,"Olivine (high relief and fractured due to serpentinization), pyroxene (beige), phlogopite (brown) and feldspar (colorless) crystals in a kentallenite from Kentallen. PPL image, 2x (Field of view = 7mm)",mafico
raw_strekeisen\pluto\kentallenite\kentallenite_PPL_86686773.jpg,pluto,kentallenite,PPL,2x,"Olivine (high relief and fractured due to serpentinization), pyroxene (beige), phlogopite (brown) and feldspar (colorless) crystals in a kentallenite from Kentallen. PPL image, 2x (Field of view = 7mm)",mafico
raw_strekeisen\pluto\kentallenite\kentallenite_XPL_2321891.jpg,pluto,kentallenite,XPL,2x,"Olivine (high relief and fractured due to serpentinization), pyroxene, phlogopite and feldspar crystals in a kentallenite from Kentallen. XPL image, 2x (Field of view = 7mm)",mafico
raw_strekeisen\pluto\kentallenite\kentallenite_PPL_79671928.jpg,pluto,kentallenite,PPL,2x,"Olivine (high relief and fractured due to serpentinization), pyroxene (beige), phlogopite (brown) and feldspar (colorless) crystals in a kentallenite from Kentallen. PPL image, 2x (Field of view = 7mm)",mafico
raw_strekeisen\pluto\kentallenite\kentallenite_PPL_69704971.jpg,pluto,kentallenite,PPL,2x,"Olivine (high relief and fractured due to serpentinization), pyroxene (beige), phlogopite (brown) and feldspar (colorless) crystals in a kentallenite from Kentallen. PPL image, 2x (Field of view = 7mm)",mafico
raw_strekeisen\pluto\kentallenite\kentallenite_PPL_68448988.jpg,pluto,kentallenite,PPL,2x,"Olivine (high relief and fractured due to serpentinization), pyroxene (beige), phlogopite (brown) and feldspar (colorless) crystals in a kentallenite from Kentallen. PPL image, 2x (Field of view = 7mm)",mafico
raw_strekeisen\pluto\kentallenite\kentallenite_XPL_85925422.jpg,pluto,kentallenite,XPL,2x,"Olivine (high relief and fractured due to serpentinization), pyroxene, phlogopite and feldspar crystals in a kentallenite from Kentallen. XPL image, 2x (Field of view = 7mm)",mafico
raw_strekeisen\pluto\kentallenite\kentallenite_PPL_99159572.jpg,pluto,kentallenite,PPL,2x,"Olivine (high relief and fractured due to serpentinization), pyroxene (beige), phlogopite (brown) and feldspar (colorless) crystals in a kentallenite from Kentallen. PPL image, 2x (Field of view = 7mm)",mafico
raw_strekeisen\pluto\kentallenite\kentallenite_PPL_27489138.jpg,pluto,kentallenite,PPL,2x,"Olivine (high relief and fractured due to serpentinization), pyroxene (beige), phlogopite (brown) and feldspar (colorless) crystals in a kentallenite from Kentallen. PPL image, 2x (Field of view = 7mm)",mafico
raw_strekeisen\pluto\kentallenite\kentallenite_XPL_26603830.jpg,pluto,kentallenite,XPL,2x,"Olivine (high relief and fractured due to serpentinization), pyroxene, phlogopite and feldspar crystals in a kentallenite from Kentallen. XPL image, 2x (Field of view = 7mm)",mafico
raw_strekeisen\pluto\kentallenite\kentallenite_PPL_36729391.jpg,pluto,kentallenite,PPL,2x,"Olivine (high relief and fractured due to serpentinization), pyroxene (beige), phlogopite (brown) and feldspar (colorless) crystals in a kentallenite from Kentallen. PPL image, 2x (Field of view = 7mm)",mafico
raw_strekeisen\pluto\kentallenite\kentallenite_XPL_62516294.jpg,pluto,kentallenite,XPL,2x,"Olivine (high relief and fractured due to serpentinization), pyroxene, phlogopite and feldspar crystals in a kentallenite from Kentallen. XPL image, 2x (Field of view = 7mm)",mafico
raw_strekeisen\pluto\kentallenite\kentallenite_XPL_62711974.jpg,pluto,kentallenite,XPL,2x,"Olivine (high relief and fractured due to serpentinization), pyroxene, phlogopite and feldspar crystals in a kentallenite from Kentallen. XPL image, 2x (Field of view = 7mm)",mafico
raw_strekeisen\pluto\kentallenite\kentallenite_PPL_81603425.jpg,pluto,kentallenite,PPL,10x,"Olivine (high relief and fractured due to serpentinization), pyroxene (beige), phlogopite (brown) and feldspar (colorless) crystals in a kentallenite from Kentallen. PPL image, 10x (Field of view = 2mm)",mafico
raw_strekeisen\pluto\kentallenite\kentallenite_PPL_45740323.jpg,pluto,kentallenite,PPL,10x,"Olivine (high relief and fractured due to serpentinization), pyroxene (beige), phlogopite (brown) and feldspar (colorless) crystals in a kentallenite from Kentallen. PPL image, 10x (Field of view = 2mm)",mafico
raw_strekeisen\pluto\kentallenite\kentallenite_PPL_16852080.jpg,pluto,kentallenite,PPL,10x,"Olivine (high relief and fractured due to serpentinization), pyroxene (beige), phlogopite (brown) and feldspar (colorless) crystals in a kentallenite from Kentallen. PPL image, 10x (Field of view = 2mm)",mafico
raw_strekeisen\pluto\kentallenite\kentallenite_PPL_65763244.jpg,pluto,kentallenite,PPL,10x,"Olivine (high relief and fractured due to serpentinization), pyroxene (beige), phlogopite (brown) and feldspar (colorless) crystals in a kentallenite from Kentallen. PPL image, 10x (Field of view = 2mm)",mafico
raw_strekeisen\pluto\kentallenite\kentallenite_PPL_5324317.jpg,pluto,kentallenite,PPL,10x,"Olivine (high relief and fractured due to serpentinization), pyroxene (beige), phlogopite (brown) and feldspar (colorless) crystals in a kentallenite from Kentallen. PPL image, 10x (Field of view = 2mm)",mafico
raw_strekeisen\pluto\kentallenite\kentallenite_XPL_19207314.jpg,pluto,kentallenite,XPL,10x,"Olivine (high relief and fractured due to serpentinization), pyroxene, phlogopite and feldspar crystals in a kentallenite from Kentallen. XPL image, 10x (Field of view = 2mm)",mafico
raw_strekeisen\pluto\kentallenite\kentallenite_PPL_56787653.jpg,pluto,kentallenite,PPL,10x,"Olivine (high relief and fractured due to serpentinization), pyroxene (beige), phlogopite (brown) and feldspar (colorless) crystals in a kentallenite from Kentallen. PPL image, 10x (Field of view = 2mm)",mafico
raw_strekeisen\pluto\kentallenite\kentallenite_PPL_30318657.jpg,pluto,kentallenite,PPL,10x,"Olivine (high relief and fractured due to serpentinization), pyroxene (beige), phlogopite (brown) and feldspar (colorless) crystals in a kentallenite from Kentallen. PPL image, 10x (Field of view = 2mm)",mafico
raw_strekeisen\pluto\kentallenite\kentallenite_XPL_61468360.jpg,pluto,kentallenite,XPL,10x,"Olivine (high relief and fractured due to serpentinization), pyroxene, phlogopite and feldspar crystals in a kentallenite from Kentallen. XPL image, 10x (Field of view = 2mm)",mafico
raw_strekeisen\pluto\kentallenite\kentallenite_PPL_1963757.jpg,pluto,kentallenite,PPL,10x,"Olivine (high relief and fractured due to serpentinization), pyroxene (beige), phlogopite (brown) and feldspar (colorless) crystals in a kentallenite from Kentallen. PPL image, 10x (Field of view = 2mm)",mafico
raw_strekeisen\pluto\kentallenite\kentallenite_PPL_85955684.jpg,pluto,kentallenite,PPL,10x,"Olivine (high relief and fractured due to serpentinization), pyroxene (beige), phlogopite (brown) and feldspar (colorless) crystals in a kentallenite from Kentallen. PPL image, 10x (Field of view = 2mm)",mafico
raw_strekeisen\pluto\kentallenite\kentallenite_XPL_57771999.jpg,pluto,kentallenite,XPL,10x,"Olivine (high relief and fractured due to serpentinization), pyroxene, phlogopite and feldspar crystals in a kentallenite from Kentallen. XPL image, 10x (Field of view = 2mm)",mafico
raw_strekeisen\pluto\kentallenite\kentallenite_PPL_46643229.jpg,pluto,kentallenite,PPL,10x,"Olivine (high relief and fractured due to serpentinization), pyroxene (beige), phlogopite (brown) and feldspar (colorless) crystals in a kentallenite from Kentallen. PPL image, 10x (Field of view = 2mm)",mafico
raw_strekeisen\pluto\kentallenite\kentallenite_PPL_41085818.jpg,pluto,kentallenite,PPL,10x,"Olivine (high relief and fractured due to serpentinization), pyroxene (beige), phlogopite (brown) and feldspar (colorless) crystals in a kentallenite from Kentallen. PPL image, 10x (Field of view = 2mm)",mafico
raw_strekeisen\pluto\kentallenite\kentallenite_XPL_92604130.jpg,pluto,kentallenite,XPL,10x,"Olivine (high relief and fractured due to serpentinization), pyroxene, phlogopite and feldspar crystals in a kentallenite from Kentallen. XPL image, 10x (Field of view = 2mm)",mafico
raw_strekeisen\pluto\kentallenite\kentallenite_PPL_56562480.jpg,pluto,kentallenite,PPL,10x,"Olivine (high relief and fractured due to serpentinization), pyroxene (beige), phlogopite (brown) and feldspar (colorless) crystals in a kentallenite from Kentallen. PPL image, 10x (Field of view = 2mm)",mafico
raw_strekeisen\pluto\kentallenite\kentallenite_PPL_87171627.jpg,pluto,kentallenite,PPL,10x,"Olivine (high relief and fractured due to serpentinization), pyroxene (beige), phlogopite (brown) and feldspar (colorless) crystals in a kentallenite from Kentallen. PPL image, 10x (Field of view = 2mm)",mafico
raw_strekeisen\pluto\kentallenite\kentallenite_XPL_7311.jpg,pluto,kentallenite,XPL,10x,"Olivine (high relief and fractured due to serpentinization), pyroxene, phlogopite and feldspar crystals in a kentallenite from Kentallen. XPL image, 10x (Field of view = 2mm)",mafico
raw_strekeisen\pluto\kentallenite\kentallenite_PPL_43082297.jpg,pluto,kentallenite,PPL,10x,"Olivine (high relief and fractured due to serpentinization), pyroxene (beige), phlogopite (brown) and feldspar (colorless) crystals in a kentallenite from Kentallen. PPL image, 10x (Field of view = 2mm)",mafico
raw_strekeisen\pluto\kentallenite\kentallenite_PPL_36479205.jpg,pluto,kentallenite,PPL,10x,"Olivine (high relief and fractured due to serpentinization), pyroxene (beige), phlogopite (brown) and feldspar (colorless) crystals in a kentallenite from Kentallen. PPL image, 10x (Field of view = 2mm)",mafico
raw_strekeisen\pluto\kentallenite\kentallenite_XPL_98248446.jpg,pluto,kentallenite,XPL,10x,"Olivine (high relief and fractured due to serpentinization), pyroxene, phlogopite and feldspar crystals in a kentallenite from Kentallen. XPL image, 10x (Field of view = 2mm)",mafico
raw_strekeisen\pluto\kentallenite\kentallenite_PPL_80428605.jpg,pluto,kentallenite,PPL,10x,"Olivine (high relief and fractured due to serpentinization), pyroxene (beige), phlogopite (brown) and feldspar (colorless) crystals in a kentallenite from Kentallen. PPL image, 10x (Field of view = 2mm)",mafico
raw_strekeisen\pluto\kentallenite\kentallenite_PPL_23274985.jpg,pluto,kentallenite,PPL,10x,"Olivine (high relief and fractured due to serpentinization), pyroxene (beige), phlogopite (brown) and feldspar (colorless) crystals in a kentallenite from Kentallen. PPL image, 10x (Field of view = 2mm)",mafico
raw_strekeisen\pluto\kentallenite\kentallenite_XPL_63420354.jpg,pluto,kentallenite,XPL,10x,"Olivine (high relief and fractured due to serpentinization), pyroxene, phlogopite and feldspar crystals in a kentallenite from Kentallen. XPL image, 10x (Field of view = 2mm)",mafico
raw_strekeisen\pluto\kentallenite\kentallenite_PPL_41803206.jpg,pluto,kentallenite,PPL,10x,"Olivine (high relief and fractured due to serpentinization), pyroxene (beige), phlogopite (brown) and feldspar (colorless) crystals in a kentallenite from Kentallen. PPL image, 10x (Field of view = 2mm)",mafico
raw_strekeisen\pluto\kentallenite\kentallenite_PPL_41620152.jpg,pluto,kentallenite,PPL,10x,"Olivine (high relief and fractured due to serpentinization), pyroxene (beige), phlogopite (brown) and feldspar (colorless) crystals in a kentallenite from Kentallen. PPL image, 10x (Field of view = 2mm)",mafico
raw_strekeisen\pluto\kentallenite\kentallenite_PPL_71788310.jpg,pluto,kentallenite,PPL,10x,"Olivine (high relief and fractured due to serpentinization), pyroxene (beige), phlogopite (brown) and feldspar (colorless) crystals in a kentallenite from Kentallen. PPL image, 10x (Field of view = 2mm)",mafico
raw_strekeisen\pluto\melteigite\melteigite_PPL_4746760.jpg,pluto,melteigite,PPL,2x,"Nepheline (clear), sodalite (dusty due to alteration), aegirine (green) and small, brown perovskite crystals in a melteigite from Alnö complex, Sweden. PPL image, 2x (Field of view = 7mm)",mafico
raw_strekeisen\pluto\melteigite\melteigite_XPL_4345093.jpg,pluto,melteigite,XPL,2x,"Nepheline (I order gray), sodalite (isotropic), aegirine (high birefringence) and small, perovskite crystals in a melteigite from Alnö complex, Sweden. XPL image, 2x (Field of view = 7mm)",mafico
raw_strekeisen\pluto\melteigite\melteigite_PPL_10474172.jpg,pluto,melteigite,PPL,2x,"Nepheline (clear), sodalite (dusty due to alteration), aegirine (green) and small, brown perovskite crystals in a melteigite from Alnö complex, Sweden. PPL image, 2x (Field of view = 7mm)",mafico
raw_strekeisen\pluto\melteigite\melteigite_XPL_60641861.jpg,pluto,melteigite,XPL,2x,"Nepheline (I order gray), sodalite (isotropic), aegirine (high birefringence) and small, perovskite crystals in a melteigite from Alnö complex, Sweden. XPL image, 2x (Field of view = 7mm)",mafico
raw_strekeisen\pluto\melteigite\melteigite_PPL_25222286.jpg,pluto,melteigite,PPL,2x,"Nepheline (clear), sodalite (dusty due to alteration), aegirine (green) and small, brown perovskite crystals in a melteigite from Alnö complex, Sweden. PPL image, 2x (Field of view = 7mm)",mafico
raw_strekeisen\pluto\melteigite\melteigite_PPL_49602753.jpg,pluto,melteigite,PPL,2x,"Nepheline (clear), sodalite (dusty due to alteration), aegirine (green) and small, brown perovskite crystals in a melteigite from Alnö complex, Sweden. PPL image, 2x (Field of view = 7mm)",mafico
raw_strekeisen\pluto\melteigite\melteigite_XPL_76249168.jpg,pluto,melteigite,XPL,2x,"Nepheline (I order gray), sodalite (isotropic), aegirine (high birefringence) and small, perovskite crystals in a melteigite from Alnö complex, Sweden. XPL image, 2x (Field of view = 7mm)",mafico
raw_strekeisen\pluto\melteigite\melteigite_PPL_35058883.jpg,pluto,melteigite,PPL,2x,"Nepheline (clear), sodalite (dusty due to alteration), aegirine (green) and small, brown perovskite crystals in a melteigite from Alnö complex, Sweden. PPL image, 2x (Field of view = 7mm)",mafico
raw_strekeisen\pluto\melteigite\melteigite_PPL_35154704.jpg,pluto,melteigite,PPL,2x,"Nepheline (clear), sodalite (dusty due to alteration), aegirine (green) and small, brown perovskite crystals in a melteigite from Alnö complex, Sweden. PPL image, 2x (Field of view = 7mm)",mafico
raw_strekeisen\pluto\melteigite\melteigite_PPL_87036503.jpg,pluto,melteigite,PPL,2x,"Nepheline (clear), sodalite (dusty due to alteration), aegirine (green) and small, brown perovskite crystals in a melteigite from Alnö complex, Sweden. PPL image, 2x (Field of view = 7mm)",mafico
raw_strekeisen\pluto\melteigite\melteigite_XPL_19430103.jpg,pluto,melteigite,XPL,2x,"Nepheline (I order gray), sodalite (isotropic), aegirine (high birefringence) and small, perovskite crystals in a melteigite from Alnö complex, Sweden. XPL image, 2x (Field of view = 7mm)",mafico
raw_strekeisen\pluto\melteigite\melteigite_PPL_28609832.jpg,pluto,melteigite,PPL,2x,"Nepheline (clear), sodalite (dusty due to alteration), aegirine (green) and small, brown perovskite crystals in a melteigite from Alnö complex, Sweden. PPL image, 2x (Field of view = 7mm)",mafico
raw_strekeisen\pluto\melteigite\melteigite_PPL_34115344.jpg,pluto,melteigite,PPL,2x,"Nepheline (clear), sodalite (dusty due to alteration), aegirine (green) and small, brown perovskite crystals in a melteigite from Alnö complex, Sweden. PPL image, 2x (Field of view = 7mm)",mafico
raw_strekeisen\pluto\melteigite\melteigite_PPL_14046023.jpg,pluto,melteigite,PPL,2x,"Nepheline (clear), sodalite (dusty due to alteration), aegirine (green) and small, brown perovskite crystals in a melteigite from Alnö complex, Sweden. PPL image, 2x (Field of view = 7mm)",mafico
raw_strekeisen\pluto\melteigite\melteigite_XPL_99953554.jpg,pluto,melteigite,XPL,2x,"Nepheline (I order gray), sodalite (isotropic), aegirine (high birefringence) and small, perovskite crystals in a melteigite from Alnö complex, Sweden. XPL image, 2x (Field of view = 7mm)",mafico
raw_strekeisen\pluto\melteigite\melteigite_PPL_59189891.jpg,pluto,melteigite,PPL,2x,"Nepheline (clear), sodalite (dusty due to alteration), aegirine (green) and small, brown perovskite crystals in a melteigite from Alnö complex, Sweden. PPL image, 2x (Field of view = 7mm)",mafico
raw_strekeisen\pluto\melteigite\melteigite_PPL_81444865.jpg,pluto,melteigite,PPL,2x,"Nepheline (clear), sodalite (dusty due to alteration), aegirine (green) and small, brown perovskite crystals in a melteigite from Alnö complex, Sweden. PPL image, 2x (Field of view = 7mm)",mafico
raw_strekeisen\pluto\melteigite\melteigite_PPL_49700395.jpg,pluto,melteigite,PPL,2x,"Nepheline (clear), sodalite (dusty due to alteration), aegirine (green) and small, brown perovskite crystals in a melteigite from Alnö complex, Sweden. PPL image, 2x (Field of view = 7mm)",mafico
raw_strekeisen\pluto\melteigite\melteigite_PPL_97048757.jpg,pluto,melteigite,PPL,2x,"Nepheline (clear), sodalite (dusty due to alteration), aegirine (green) and small, brown perovskite crystals in a melteigite from Alnö complex, Sweden. PPL image, 2x (Field of view = 7mm)",mafico
raw_strekeisen\pluto\melteigite\melteigite_XPL_75312726.jpg,pluto,melteigite,XPL,2x,"Nepheline (I order gray), sodalite (isotropic), aegirine (high birefringence) and small, perovskite crystals in a melteigite from Alnö complex, Sweden. XPL image, 2x (Field of view = 7mm)",mafico
raw_strekeisen\pluto\melteigite\melteigite_PPL_85019790.jpg,pluto,melteigite,PPL,2x,"Nepheline (clear), sodalite (dusty due to alteration), aegirine (green) and small, brown perovskite crystals in a melteigite from Alnö complex, Sweden. PPL image, 2x (Field of view = 7mm)",mafico
raw_strekeisen\pluto\melteigite\melteigite_PPL_21874381.jpg,pluto,melteigite,PPL,2x,"Nepheline (clear), sodalite (dusty due to alteration), aegirine (green) and small, brown perovskite crystals in a melteigite from Alnö complex, Sweden. PPL image, 2x (Field of view = 7mm)",mafico
raw_strekeisen\pluto\melteigite\melteigite_XPL_39206760.jpg,pluto,melteigite,XPL,2x,"Nepheline (I order gray), sodalite (isotropic), aegirine (high birefringence) and small, perovskite crystals in a melteigite from Alnö complex, Sweden. XPL image, 2x (Field of view = 7mm)",mafico
raw_strekeisen\pluto\melteigite\melteigite_PPL_15800566.jpg,pluto,melteigite,PPL,2x,"Nepheline (clear), sodalite (dusty due to alteration), aegirine (green) and small, brown perovskite crystals in a melteigite from Alnö complex, Sweden. PPL image, 2x (Field of view = 7mm)",mafico
raw_strekeisen\pluto\melteigite\melteigite_PPL_68578317.jpg,pluto,melteigite,PPL,2x,"Nepheline (clear), sodalite (dusty due to alteration), aegirine (green) and small, brown perovskite crystals in a melteigite from Alnö complex, Sweden. PPL image, 2x (Field of view = 7mm)",mafico
raw_strekeisen\pluto\melteigite\melteigite_XPL_24956017.jpg,pluto,melteigite,XPL,2x,"Nepheline (I order gray), sodalite (isotropic), aegirine (high birefringence) and small, perovskite crystals in a melteigite from Alnö complex, Sweden. XPL image, 2x (Field of view = 7mm)",mafico
raw_strekeisen\pluto\melteigite\melteigite_PPL_6733078.jpg,pluto,melteigite,PPL,2x,"Nepheline (clear), sodalite (dusty due to alteration), aegirine (green) and small, brown perovskite crystals in a melteigite from Alnö complex, Sweden. PPL image, 2x (Field of view = 7mm)",mafico
raw_strekeisen\pluto\melteigite\melteigite_PPL_34917596.jpg,pluto,melteigite,PPL,10x,"Nepheline (clear), sodalite (dusty due to alteration), aegirine (green) and small, brown perovskite crystals in a melteigite from Alnö complex, Sweden. PPL image, 10x (Field of view = 2mm)",mafico
raw_strekeisen\pluto\melteigite\melteigite_PPL_90407348.jpg,pluto,melteigite,PPL,10x,"Nepheline (clear), sodalite (dusty due to alteration), aegirine (green) and small, brown perovskite crystals in a melteigite from Alnö complex, Sweden. PPL image, 10x (Field of view = 2mm)",mafico
raw_strekeisen\pluto\melteigite\melteigite_PPL_43294596.jpg,pluto,melteigite,PPL,10x,"Nepheline (clear), sodalite (dusty due to alteration), aegirine (green) and small, brown perovskite crystals in a melteigite from Alnö complex, Sweden. PPL image, 10x (Field of view = 2mm)",mafico
raw_strekeisen\pluto\melteigite\melteigite_PPL_96744558.jpg,pluto,melteigite,PPL,10x,"Nepheline (clear), sodalite (dusty due to alteration), aegirine (green) and small, brown perovskite crystals in a melteigite from Alnö complex, Sweden. PPL image, 10x (Field of view = 2mm)",mafico
raw_strekeisen\pluto\melteigite\melteigite_PPL_13435204.jpg,pluto,melteigite,PPL,10x,"Nepheline (clear), sodalite (dusty due to alteration), aegirine (green) and small, brown perovskite crystals in a melteigite from Alnö complex, Sweden. PPL image, 10x (Field of view = 2mm)",mafico
raw_strekeisen\pluto\melteigite\melteigite_PPL_44216588.jpg,pluto,melteigite,PPL,10x,"Nepheline (clear), sodalite (dusty due to alteration), aegirine (green) and small, brown perovskite crystals in a melteigite from Alnö complex, Sweden. PPL image, 10x (Field of view = 2mm)",mafico
raw_strekeisen\pluto\monzodiorite\monzodiorite_PPL_17946801.jpg,pluto,monzodiorite,PPL,2x,"Poikilitic orthoclase with plagioclase, biotite and pyroxene inclusions. PPL image, 2x (Field of view = 7mm)",mafico
raw_strekeisen\pluto\monzodiorite\monzodiorite_XPL_18471253.jpg,pluto,monzodiorite,XPL,2x,"Poikilitic orthoclase with plagioclase, biotite and pyroxene inclusions. XPL image, 2x (Field of view = 7mm)",mafico
raw_strekeisen\pluto\monzodiorite\monzodiorite_XPL_78927709.jpg,pluto,monzodiorite,XPL,2x,"Plagioclase, pyroxene and interstitial orthoclase. XPL image, 2x (Field of view = 7mm)",mafico
raw_strekeisen\pluto\monzodiorite\monzodiorite_XPL_90720240.jpg,pluto,monzodiorite,XPL,2x,"Plagioclase, pyroxene and interstitial orthoclase. XPL image, 2x (Field of view = 7mm)",mafico
raw_strekeisen\pluto\monzodiorite\monzodiorite_XPL_68594018.jpg,pluto,monzodiorite,XPL,2x,"Plagioclase, pyroxene and interstitial orthoclase. XPL image, 2x (Field of view = 7mm)",mafico
raw_strekeisen\pluto\monzodiorite\monzodiorite_XPL_55427397.jpg,pluto,monzodiorite,XPL,2x,"Plagioclase, pyroxene and interstitial orthoclase. XPL image, 2x (Field of view = 7mm)",mafico
raw_strekeisen\pluto\monzodiorite\monzodiorite_XPL_65771242.jpg,pluto,monzodiorite,XPL,2x,"Plagioclase, pyroxene and interstitial orthoclase. XPL image, 2x (Field of view = 7mm)",mafico
raw_strekeisen\pluto\norite\norite_PPL_26491074.jpg,pluto,norite,PPL,2x,"Plagioclase and orthopyroxenes in a Norite from Germany. PPL image, 2x (Field of view = 7mm)",mafico
raw_strekeisen\pluto\norite\norite_XPL_70169464.jpg,pluto,norite,XPL,2x,"Plagioclase and orthopyroxenes in a Norite from Germany. XPL image, 2x (Field of view = 7mm)",mafico
raw_strekeisen\pluto\norite\norite_PPL_17378806.jpg,pluto,norite,PPL,2x,"Plagioclase and orthopyroxenes in a Norite from Germany. PPL image, 2x (Field of view = 7mm)",mafico
raw_strekeisen\pluto\norite\norite_XPL_24008555.jpg,pluto,norite,XPL,2x,"Plagioclase orthopyroxenes and clinopyroxene (stronger birefringence) in a Norite from Germany. XPL image, 2x (Field of view = 7mm)",mafico
raw_strekeisen\pluto\norite\norite_PPL_57330366.jpg,pluto,norite,PPL,2x,"Plagioclase and orthopyroxenes in a Norite from Germany. PPL image, 2x (Field of view = 7mm)",mafico
raw_strekeisen\pluto\norite\norite_XPL_56078015.jpg,pluto,norite,XPL,2x,"Plagioclase and orthopyroxenes in a Norite from Germany. XPL image, 2x (Field of view = 7mm)",mafico
raw_strekeisen\pluto\norite\norite_PPL_18855787.jpg,pluto,norite,PPL,2x,"Plagioclase and orthopyroxenes in a Norite from Germany. PPL image, 2x (Field of view = 7mm)",mafico
raw_strekeisen\pluto\norite\norite_XPL_90335653.jpg,pluto,norite,XPL,2x,"Plagioclase and orthopyroxenes in a Norite from Germany. XPL image, 2x (Field of view = 7mm)",mafico
raw_strekeisen\pluto\norite\norite_PPL_66089518.jpg,pluto,norite,PPL,2x,"Plagioclase and orthopyroxenes in a Norite from Germany. PPL image, 2x (Field of view = 7mm)",mafico
raw_strekeisen\pluto\norite\norite_XPL_6139437.jpg,pluto,norite,XPL,2x,"Plagioclase orthopyroxenes and clinopyroxene (stronger birefringence) in a Norite from Germany. XPL image, 2x (Field of view = 7mm)",mafico
raw_strekeisen\pluto\norite\norite_PPL_7257460.jpg,pluto,norite,PPL,2x,"Plagioclase and orthopyroxenes in a Norite from Germany. PPL image, 2x (Field of view = 7mm)",mafico
raw_strekeisen\pluto\norite\norite_XPL_32075611.jpg,pluto,norite,XPL,2x,"Plagioclase orthopyroxenes and clinopyroxene (stronger birefringence) in a Norite from Germany. XPL image, 2x (Field of view = 7mm)",mafico
raw_strekeisen\pluto\norite\norite_PPL_77954683.jpg,pluto,norite,PPL,2x,"Plagioclase and orthopyroxenes in a Norite from Germany. PPL image, 2x (Field of view = 7mm)",mafico
raw_strekeisen\pluto\norite\norite_XPL_87404220.jpg,pluto,norite,XPL,2x,"Plagioclase and orthopyroxenes in a Norite from Germany. XPL image, 2x (Field of view = 7mm)",mafico
raw_strekeisen\pluto\norite\norite_PPL_39361823.jpg,pluto,norite,PPL,2x,"Plagioclase and orthopyroxenes in a Norite from Germany. PPL image, 2x (Field of view = 7mm)",mafico
raw_strekeisen\pluto\norite\norite_XPL_62009631.jpg,pluto,norite,XPL,2x,"Plagioclase orthopyroxenes and clinopyroxene (stronger birefringence) in a Norite from Germany. XPL image, 2x (Field of view = 7mm)",mafico
raw_strekeisen\pluto\norite\norite_PPL_74444054.jpg,pluto,norite,PPL,2x,"Plagioclase and orthopyroxenes in a Norite from Germany. PPL image, 2x (Field of view = 7mm)",mafico
raw_strekeisen\pluto\norite\norite_XPL_84033240.jpg,pluto,norite,XPL,2x,"Plagioclase and orthopyroxenes in a Norite from Germany. XPL image, 2x (Field of view = 7mm)",mafico
raw_strekeisen\pluto\norite\norite_PPL_50388341.jpg,pluto,norite,PPL,2x,"Plagioclase and orthopyroxenes in a Norite from Germany. PPL image, 2x (Field of view = 7mm)",mafico
raw_strekeisen\pluto\norite\norite_XPL_84937911.jpg,pluto,norite,XPL,2x,"Plagioclase and orthopyroxenes in a Norite from Germany. XPL image, 2x (Field of view = 7mm)",mafico
raw_strekeisen\pluto\norite\norite_XPL_44892028.jpg,pluto,norite,XPL,2x,"Plagioclase and orthopyroxenes in a Norite from Germany. XPL image, 2x (Field of view = 7mm)",mafico
raw_strekeisen\pluto\mattoni\mattoni_PPL_87150072.jpg,pluto,mattoni,PPL,1x,"Zoned hornblende crystals rich in inclusions of olivine (colorless, rounded crystals) in a hornblendite from Monte Mattoni, Adamello, Italy. PPL image, 1x (Field of view = 9mm)/td>",mafico
raw_strekeisen\pluto\mattoni\mattoni_XPL_30524807.jpg,pluto,mattoni,XPL,1x,"Hornblende crystals rich in inclusions of olivine (rounded crystals with high interference colors) in a hornblendite from Monte Mattoni, Adamello, Italy. XPL image, 1x (Field of view = 9mm)/td>",mafico
raw_strekeisen\pluto\mattoni\mattoni_PPL_87032895.jpg,pluto,mattoni,PPL,1x,"Zoned hornblende crystals rich in inclusions of olivine (colorless, rounded crystals) in a hornblendite from Monte Mattoni, Adamello, Italy. PPL image, 1x (Field of view = 9mm)/td>",mafico
raw_strekeisen\pluto\mattoni\mattoni_XPL_62859890.jpg,pluto,mattoni,XPL,1x,"Hornblende crystals rich in inclusions of olivine (rounded crystals with high interference colors) in a hornblendite from Monte Mattoni, Adamello, Italy. XPL image, 1x (Field of view = 9mm)/td>",mafico
raw_strekeisen\pluto\mattoni\mattoni_PPL_51524723.jpg,pluto,mattoni,PPL,1x,"Zoned hornblende crystals rich in inclusions of olivine (colorless, rounded crystals) in a hornblendite from Monte Mattoni, Adamello, Italy. PPL image, 1x (Field of view = 9mm)/td>",mafico
raw_strekeisen\pluto\mattoni\mattoni_XPL_76388641.jpg,pluto,mattoni,XPL,1x,"Hornblende crystals rich in inclusions of olivine (rounded crystals with high interference colors) in a hornblendite from Monte Mattoni, Adamello, Italy. XPL image, 1x (Field of view = 9mm)/td>",mafico
raw_strekeisen\pluto\mattoni\mattoni_PPL_93825771.jpg,pluto,mattoni,PPL,1x,"Zoned hornblende crystals rich in inclusions of olivine (colorless, rounded crystals) in a hornblendite from Monte Mattoni, Adamello, Italy. PPL image, 1x (Field of view = 9mm)/td>",mafico
raw_strekeisen\pluto\mattoni\mattoni_XPL_5814300.jpg,pluto,mattoni,XPL,1x,"Hornblende crystals rich in inclusions of olivine (rounded crystals with high interference colors) in a hornblendite from Monte Mattoni, Adamello, Italy. XPL image, 1x (Field of view = 9mm)/td>",mafico
raw_strekeisen\pluto\mattoni\mattoni_PPL_69932119.jpg,pluto,mattoni,PPL,1x,"Zoned hornblende crystals rich in inclusions of olivine (colorless, rounded crystals) in a hornblendite from Monte Mattoni, Adamello, Italy. PPL image, 1x (Field of view = 9mm)/td>",mafico
raw_strekeisen\pluto\mattoni\mattoni_XPL_25015150.jpg,pluto,mattoni,XPL,1x,"Hornblende crystals rich in inclusions of olivine (rounded crystals with high interference colors) in a hornblendite from Monte Mattoni, Adamello, Italy. XPL image, 1x (Field of view = 9mm)/td>",mafico
raw_strekeisen\pluto\mattoni\mattoni_XPL_62570659.jpg,pluto,mattoni,XPL,1x,"Hornblende crystals rich in inclusions of olivine (rounded crystals with high interference colors) in a hornblendite from Monte Mattoni, Adamello, Italy. XPL image, 1x (Field of view = 9mm)/td>",mafico
raw_strekeisen\pluto\mattoni\mattoni_PPL_49028795.jpg,pluto,mattoni,PPL,1x,"Zoned hornblende crystals rich in inclusions of olivine (colorless, rounded crystals) in a hornblendite from Monte Mattoni, Adamello, Italy. PPL image, 1x (Field of view = 9mm)/td>",mafico
raw_strekeisen\pluto\mattoni\mattoni_XPL_63686190.jpg,pluto,mattoni,XPL,1x,"Hornblende crystals rich in inclusions of olivine (rounded crystals with high interference colors) in a hornblendite from Monte Mattoni, Adamello, Italy. XPL image, 1x (Field of view = 9mm)/td>",mafico
raw_strekeisen\pluto\mattoni\mattoni_PPL_96897448.jpg,pluto,mattoni,PPL,1x,"Zoned hornblende crystals rich in inclusions of olivine (colorless, rounded crystals) in a hornblendite from Monte Mattoni, Adamello, Italy. PPL image, 1x (Field of view = 9mm)/td>",mafico
raw_strekeisen\pluto\mattoni\mattoni_XPL_55643458.jpg,pluto,mattoni,XPL,1x,"Hornblende crystals rich in inclusions of olivine (rounded crystals with high interference colors) in a hornblendite from Monte Mattoni, Adamello, Italy. XPL image, 1x (Field of view = 9mm)/td>",mafico
raw_strekeisen\pluto\mattoni\mattoni_PPL_68185583.jpg,pluto,mattoni,PPL,1x,"Zoned hornblende crystals rich in inclusions of olivine (colorless, rounded crystals) in a hornblendite from Monte Mattoni, Adamello, Italy. PPL image, 1x (Field of view = 9mm)/td>",mafico
raw_strekeisen\pluto\mattoni\mattoni_XPL_59303798.jpg,pluto,mattoni,XPL,1x,"Hornblende crystals rich in inclusions of olivine (rounded crystals with high interference colors) in a hornblendite from Monte Mattoni, Adamello, Italy. XPL image, 1x (Field of view = 9mm)/td>",mafico
raw_strekeisen\pluto\mattoni\mattoni_PPL_26519591.jpg,pluto,mattoni,PPL,1x,"Zoned hornblende crystals rich in inclusions of olivine (colorless, rounded crystals) in a hornblendite from Monte Mattoni, Adamello, Italy. PPL image, 1x (Field of view = 9mm)/td>",mafico
raw_strekeisen\pluto\mattoni\mattoni_XPL_5217138.jpg,pluto,mattoni,XPL,1x,"Hornblende crystals rich in inclusions of olivine (rounded crystals with high interference colors) in a hornblendite from Monte Mattoni, Adamello, Italy. XPL image, 1x (Field of view = 9mm)/td>",mafico
raw_strekeisen\pluto\mattoni\mattoni_PPL_23823951.jpg,pluto,mattoni,PPL,1x,"Zoned hornblende crystals rich in inclusions of olivine (colorless, rounded crystals) in a hornblendite from Monte Mattoni, Adamello, Italy. PPL image, 1x (Field of view = 9mm)/td>",mafico
raw_strekeisen\pluto\mattoni\mattoni_XPL_49154123.jpg,pluto,mattoni,XPL,1x,"Hornblende crystals rich in inclusions of olivine (rounded crystals with high interference colors) in a hornblendite from Monte Mattoni, Adamello, Italy. XPL image, 1x (Field of view = 9mm)/td>",mafico
raw_strekeisen\pluto\mattoni\mattoni_PPL_76887714.jpg,pluto,mattoni,PPL,2x,"Zoned hornblende crystals rich in inclusions of olivine (colorless, rounded crystals) in a hornblendite from Monte Mattoni, Adamello, Italy. PPL image, 2x (Field of view = 7mm)/td>",mafico
raw_strekeisen\pluto\mattoni\mattoni_XPL_81833004.jpg,pluto,mattoni,XPL,2x,"Hornblende crystals rich in inclusions of olivine (rounded crystals with high interference colors) in a hornblendite from Monte Mattoni, Adamello, Italy. XPL image, 2x (Field of view = 7mm)/td>",mafico
raw_strekeisen\pluto\mattoni\mattoni_PPL_81528900.jpg,pluto,mattoni,PPL,2x,"Zoned hornblende crystals rich in inclusions of olivine (colorless, rounded crystals); Note how abundance of inclusions decreases from the brown cores to the green rims. Hornblendite from Monte Mattoni, Adamello, Italy. PPL image, 2x (Field of view = 7mm)/td>",mafico
raw_strekeisen\pluto\mattoni\mattoni_XPL_54078789.jpg,pluto,mattoni,XPL,2x,"Hornblende crystals rich in inclusions of olivine (rounded crystals with high interference colors) in a hornblendite from Monte Mattoni, Adamello, Italy. XPL image, 2x (Field of view = 7mm)/td>",mafico
raw_strekeisen\pluto\mattoni\mattoni_PPL_94070003.jpg,pluto,mattoni,PPL,2x,"Zoned hornblende crystals rich in inclusions of olivine (colorless, rounded crystals) in a hornblendite from Monte Mattoni, Adamello, Italy. PPL image, 2x (Field of view = 7mm)/td>",mafico
raw_strekeisen\pluto\mattoni\mattoni_XPL_72786734.jpg,pluto,mattoni,XPL,2x,"Hornblende crystals rich in inclusions of olivine (rounded crystals with high interference colors) in a hornblendite from Monte Mattoni, Adamello, Italy. XPL image, 2x (Field of view = 7mm)/td>",mafico
raw_strekeisen\pluto\mattoni\mattoni_PPL_54548309.jpg,pluto,mattoni,PPL,2x,"Zoned hornblende crystal rich in inclusions of olivine (colorless, rounded crystals); Note how abundance of inclusions decreases from the brown cores to the green rims. Hornblendite from Monte Mattoni, Adamello, Italy. PPL image, 2x (Field of view = 7mm)/td>",mafico
raw_strekeisen\pluto\mattoni\mattoni_XPL_98847484.jpg,pluto,mattoni,XPL,2x,"Hornblende crystal rich in inclusions of olivine (rounded crystals with high interference colors); Note how abundance of inclusions decreases from the cores to the rims. Hornblendite from Monte Mattoni, Adamello, Italy. XPL image, 2x (Field of view = 7mm)/td>",mafico
raw_strekeisen\pluto\mattoni\mattoni_PPL_31393861.jpg,pluto,mattoni,PPL,2x,"Zoned hornblende crystals rich in inclusions of olivine (colorless, rounded crystals) in a hornblendite from Monte Mattoni, Adamello, Italy. PPL image, 2x (Field of view = 7mm)/td>",mafico
raw_strekeisen\pluto\mattoni\mattoni_XPL_88222076.jpg,pluto,mattoni,XPL,2x,"Hornblende crystals rich in inclusions of olivine (rounded crystals with high interference colors) in a hornblendite from Monte Mattoni, Adamello, Italy. XPL image, 2x (Field of view = 7mm)/td>",mafico
raw_strekeisen\pluto\mattoni\mattoni_PPL_836707.jpg,pluto,mattoni,PPL,2x,"Zoned hornblende crystals rich in inclusions of olivine (colorless, rounded crystals) in a hornblendite from Monte Mattoni, Adamello, Italy. PPL image, 2x (Field of view = 7mm)/td>",mafico
raw_strekeisen\pluto\mattoni\mattoni_XPL_5854140.jpg,pluto,mattoni,XPL,2x,"Hornblende crystals rich in inclusions of olivine (rounded crystals with high interference colors) in a hornblendite from Monte Mattoni, Adamello, Italy. XPL image, 2x (Field of view = 7mm)/td>",mafico
raw_strekeisen\pluto\mattoni\mattoni_PPL_30712232.jpg,pluto,mattoni,PPL,2x,"Zoned hornblende crystals rich in inclusions of olivine (colorless, rounded crystals) in a hornblendite from Monte Mattoni, Adamello, Italy. PPL image, 2x (Field of view = 7mm)/td>",mafico
raw_strekeisen\pluto\mattoni\mattoni_XPL_21128666.jpg,pluto,mattoni,XPL,2x,"Hornblende crystals rich in inclusions of olivine (rounded crystals with high interference colors) in a hornblendite from Monte Mattoni, Adamello, Italy. XPL image, 2x (Field of view = 7mm)/td>",mafico
raw_strekeisen\pluto\mattoni\mattoni_XPL_87282088.jpg,pluto,mattoni,XPL,2x,"Hornblende crystals rich in inclusions of olivine (rounded crystals with high interference colors) in a hornblendite from Monte Mattoni, Adamello, Italy. XPL image, 2x (Field of view = 7mm)/td>",mafico
raw_strekeisen\pluto\mattoni\mattoni_PPL_62981279.jpg,pluto,mattoni,PPL,2x,"Zoned hornblende crystals rich in inclusions of olivine (colorless, rounded crystals) in a hornblendite from Monte Mattoni, Adamello, Italy. PPL image, 2x (Field of view = 7mm)/td>",mafico
raw_strekeisen\pluto\mattoni\mattoni_XPL_19072165.jpg,pluto,mattoni,XPL,2x,"Hornblende crystals rich in inclusions of olivine (rounded crystals with high interference colors) in a hornblendite from Monte Mattoni, Adamello, Italy. XPL image, 2x (Field of view = 7mm)/td>",mafico
raw_strekeisen\pluto\mattoni\mattoni_PPL_61133893.jpg,pluto,mattoni,PPL,2x,"Zoned hornblende crystals rich in inclusions of olivine (colorless, rounded crystals) in a hornblendite from Monte Mattoni, Adamello, Italy. PPL image, 2x (Field of view = 7mm)/td>",mafico
raw_strekeisen\pluto\mattoni\mattoni_XPL_65235402.jpg,pluto,mattoni,XPL,2x,"Hornblende crystals rich in inclusions of olivine (rounded crystals with high interference colors) in a hornblendite from Monte Mattoni, Adamello, Italy. XPL image, 2x (Field of view = 7mm)/td>",mafico
raw_strekeisen\pluto\mattoni\mattoni_XPL_88830112.jpg,pluto,mattoni,XPL,2x,"Hornblende crystals rich in inclusions of olivine (rounded crystals with high interference colors) in a hornblendite from Monte Mattoni, Adamello, Italy. XPL image, 2x (Field of view = 7mm)/td>",mafico
raw_strekeisen\pluto\mattoni\mattoni_PPL_79848289.jpg,pluto,mattoni,PPL,2x,"Zoned hornblende crystals rich in inclusions of olivine (colorless, rounded crystals) in a hornblendite from Monte Mattoni, Adamello, Italy. PPL image, 2x (Field of view = 7mm)/td>",mafico
raw_strekeisen\pluto\mattoni\mattoni_PPL_3951523.jpg,pluto,mattoni,PPL,10x,"Zoned hornblende crystals rich in inclusions of olivine (colorless, rounded crystals) in a hornblendite from Monte Mattoni, Adamello, Italy. PPL image, 10x (Field of view = 2mm)/td>",mafico
raw_strekeisen\pluto\mattoni\mattoni_XPL_6218663.jpg,pluto,mattoni,XPL,10x,"Hornblende crystals rich in inclusions of olivine (rounded crystals with high interference colors) in a hornblendite from Monte Mattoni, Adamello, Italy. XPL image, 10x (Field of view = 2mm)/td>",mafico
raw_strekeisen\pluto\mattoni\mattoni_PPL_80207600.jpg,pluto,mattoni,PPL,10x,"Zoned hornblende crystals rich in inclusions of olivine (colorless, rounded crystals) in a hornblendite from Monte Mattoni, Adamello, Italy. PPL image, 10x (Field of view = 2mm)/td>",mafico
raw_strekeisen\pluto\mattoni\mattoni_XPL_61247334.jpg,pluto,mattoni,XPL,10x,"Hornblende crystals rich in inclusions of olivine (rounded crystals with high interference colors) in a hornblendite from Monte Mattoni, Adamello, Italy. XPL image, 10x (Field of view = 2mm)/td>",mafico
raw_strekeisen\pluto\mattoni\mattoni_PPL_24561551.jpg,pluto,mattoni,PPL,10x,"Zoned hornblende crystals rich in inclusions of olivine (colorless, rounded crystals) in a hornblendite from Monte Mattoni, Adamello, Italy. PPL image, 10x (Field of view = 2mm)/td>",mafico
raw_strekeisen\pluto\mattoni\mattoni_XPL_70313329.jpg,pluto,mattoni,XPL,10x,"Hornblende crystals rich in inclusions of olivine (rounded crystals with high interference colors) in a hornblendite from Monte Mattoni, Adamello, Italy. XPL image, 10x (Field of view = 2mm)/td>",mafico
raw_strekeisen\pluto\mattoni\mattoni_PPL_33792335.jpg,pluto,mattoni,PPL,10x,"Zoned hornblende crystals rich in inclusions of olivine (colorless, rounded crystals) in a hornblendite from Monte Mattoni, Adamello, Italy. PPL image, 10x (Field of view = 2mm)/td>",mafico
raw_strekeisen\pluto\mattoni\mattoni_XPL_85387848.jpg,pluto,mattoni,XPL,10x,"Hornblende crystals rich in inclusions of olivine (rounded crystals with high interference colors) in a hornblendite from Monte Mattoni, Adamello, Italy. XPL image, 10x (Field of view = 2mm)/td>",mafico
raw_strekeisen\pluto\mattoni\mattoni_PPL_14041832.jpg,pluto,mattoni,PPL,10x,"Zoned hornblende crystals rich in inclusions of olivine (colorless, rounded crystals) in a hornblendite from Monte Mattoni, Adamello, Italy. PPL image, 10x (Field of view = 2mm)/td>",mafico
raw_strekeisen\pluto\olivinegabbro\olivinegabbro_PPL_49843161.jpg,pluto,olivinegabbro,PPL,1x,"Pyroxene (beige), plagioclase (colorless) and rounded altered olivine crystals. Olivine gabbro from Huntly, Aberdeenshire, Scotland. PPL image, 1x (Field of view = 9mm)",mafico
raw_strekeisen\pluto\olivinegabbro\olivinegabbro_XPL_28676156.jpg,pluto,olivinegabbro,XPL,1x,"Pyroxene (high interference colors), plagioclase (I order gray) and rounded altered olivine crystals. Olivine gabbro from Huntly, Aberdeenshire, Scotland . XPL image, 1x (Field of view = 9mm)",mafico
raw_strekeisen\pluto\olivinegabbro\olivinegabbro_XPL_3890743.jpg,pluto,olivinegabbro,XPL,1x,"Pyroxene (high interference colors), plagioclase (I order gray) and rounded altered olivine crystals. Olivine gabbro from Huntly, Aberdeenshire, Scotland . XPL image, 1x (Field of view = 9mm)",mafico
raw_strekeisen\pluto\olivinegabbro\olivinegabbro_XPL_2272492.jpg,pluto,olivinegabbro,XPL,1x,"Pyroxene (high interference colors), plagioclase (I order gray) and rounded altered olivine crystals. Olivine gabbro from Huntly, Aberdeenshire, Scotland . XPL image, 1x (Field of view = 9mm)",mafico
raw_strekeisen\pluto\olivinegabbro\olivinegabbro_XPL_36755392.jpg,pluto,olivinegabbro,XPL,1x,"Pyroxene (high interference colors), plagioclase (I order gray) and rounded altered olivine crystals. Olivine gabbro from Huntly, Aberdeenshire, Scotland . XPL image, 1x (Field of view = 9mm)",mafico
raw_strekeisen\pluto\olivinegabbro\olivinegabbro_PPL_38061940.jpg,pluto,olivinegabbro,PPL,2x,"Pyroxene (beige), plagioclase (colorless) and rounded altered olivine crystals (surrounded by a vermicular kelifitic rim). Olivine gabbro from Huntly, Aberdeenshire, Scotland. PPL image, 2x (Field of view = 7mm)",mafico
raw_strekeisen\pluto\olivinegabbro\olivinegabbro_PPL_94925861.jpg,pluto,olivinegabbro,PPL,2x,"Pyroxene (beige), plagioclase (colorless) and rounded altered olivine crystals (surrounded by a thin orthopyroxene rim and a vermicular kelifitic rim). Olivine gabbro from Huntly, Aberdeenshire, Scotland. PPL image, 2x (Field of view = 7mm)",mafico
raw_strekeisen\pluto\olivinegabbro\olivinegabbro_XPL_56839573.jpg,pluto,olivinegabbro,XPL,2x,"Pyroxene (high interference colors), plagioclase (I order gray) and rounded altered olivine crystals (surrounded by a thin gray orthopyroxene rim and a vermicular kelifitic rim). Olivine gabbro from Huntly, Aberdeenshire, Scotland . XPL image, 2x (Field of view = 7mm)",mafico
raw_strekeisen\pluto\olivinegabbro\olivinegabbro_PPL_72998168.jpg,pluto,olivinegabbro,PPL,2x,"Pyroxene (beige), plagioclase (colorless) and rounded altered olivine crystals (surrounded by a thin orthopyroxene rim and a vermicular kelifitic rim). Olivine gabbro from Huntly, Aberdeenshire, Scotland. PPL image, 2x (Field of view = 7mm)",mafico
raw_strekeisen\pluto\olivinegabbro\olivinegabbro_XPL_61366765.jpg,pluto,olivinegabbro,XPL,10x,"Pyroxene (high interference colors), plagioclase (I order gray) and rounded altered olivine crystals (surrounded by a thin gray orthopyroxene rim and a vermicular kelifitic rim). Olivine gabbro from Huntly, Aberdeenshire, Scotland . XPL image, 10x (Field of view = 2mm)",mafico
raw_strekeisen\pluto\olivinegabbro\olivinegabbro_PPL_67243404.jpg,pluto,olivinegabbro,PPL,20x,"Pyroxene (beige), plagioclase (colorless) and rounded altered olivine crystals (surrounded by a thin orthopyroxene rim and a vermicular kelifitic rim). Olivine gabbro from Huntly, Aberdeenshire, Scotland. PPL image, 20x (Field of view = 1mm)",mafico
raw_strekeisen\pluto\olivinegabbro\olivinegabbro_XPL_18567904.jpg,pluto,olivinegabbro,XPL,20x,"Pyroxene (high interference colors), plagioclase (I order gray) and rounded altered olivine crystals (surrounded by a thin gray orthopyroxene rim and a vermicular kelifitic rim). Olivine gabbro from Huntly, Aberdeenshire, Scotland . XPL image, 20x (Field of view = 1mm)",mafico
raw_strekeisen\pluto\olivinegabbro\olivinegabbro_PPL_80466109.jpg,pluto,olivinegabbro,PPL,20x,"Pyroxene (beige), plagioclase (colorless) and rounded altered olivine crystals (surrounded by a thin orthopyroxene rim and a vermicular kelifitic rim). Olivine gabbro from Huntly, Aberdeenshire, Scotland. PPL image, 20x (Field of view = 1mm)",mafico
raw_strekeisen\pluto\olivinegabbro\olivinegabbro_XPL_33781219.jpg,pluto,olivinegabbro,XPL,20x,"Pyroxene (high interference colors), plagioclase (I order gray) and rounded altered olivine crystals (surrounded by a thin gray orthopyroxene rim and a vermicular kelifitic rim). Olivine gabbro from Huntly, Aberdeenshire, Scotland . XPL image, 20x (Field of view = 1mm)",mafico
raw_strekeisen\pluto\olivinegabbro\olivinegabbro_PPL_34407446.jpg,pluto,olivinegabbro,PPL,20x,"Pyroxene (beige), plagioclase (colorless) and rounded altered olivine crystals (surrounded by a thin orthopyroxene rim and a vermicular kelifitic rim). Olivine gabbro from Huntly, Aberdeenshire, Scotland. PPL image, 20x (Field of view = 1mm)",mafico
raw_strekeisen\pluto\olivinegabbro\olivinegabbro_PPL_32886397.jpg,pluto,olivinegabbro,PPL,20x,"Pyroxene (beige), plagioclase (colorless) and rounded altered olivine crystals (surrounded by a thin orthopyroxene rim and a vermicular kelifitic rim). Olivine gabbro from Huntly, Aberdeenshire, Scotland. PPL image, 20x (Field of view = 1mm)",mafico
raw_strekeisen\pluto\olivinegabbro\olivinegabbro_XPL_58446963.jpg,pluto,olivinegabbro,XPL,20x,"Pyroxene (high interference colors), plagioclase (I order gray) and rounded altered olivine crystals (surrounded by a thin gray orthopyroxene rim and a vermicular kelifitic rim). Olivine gabbro from Huntly, Aberdeenshire, Scotland . XPL image, 20x (Field of view = 1mm)",mafico
raw_strekeisen\pluto\orthopyroxenite\orthopyroxenite_PPL_83586840.jpg,pluto,orthopyroxenite,PPL,2x,Orthopyroxene crystals in a orthopyroxenite. PPL image. 2x (Field of view = 7mm),mafico
raw_strekeisen\pluto\orthopyroxenite\orthopyroxenite_XPL_75844152.jpg,pluto,orthopyroxenite,XPL,2x,Orthopyroxene crystals in a orthopyroxenite. XPL image. 2x (Field of view = 7mm),mafico
raw_strekeisen\pluto\orthopyroxenite\orthopyroxenite_PPL_71447730.jpg,pluto,orthopyroxenite,PPL,2x,Orthopyroxene crystals in a orthopyroxenite. PPL image. 2x (Field of view = 7mm),mafico
raw_strekeisen\pluto\orthopyroxenite\orthopyroxenite_XPL_93631414.jpg,pluto,orthopyroxenite,XPL,2x,Orthopyroxene crystals in a orthopyroxenite. XPL image. 2x (Field of view = 7mm),mafico
raw_strekeisen\pluto\orthopyroxenite\orthopyroxenite_XPL_25041239.jpg,pluto,orthopyroxenite,XPL,2x,Orthopyroxene crystals in a orthopyroxenite. XPL image. 2x (Field of view = 7mm),mafico
raw_strekeisen\pluto\orthopyroxenite\orthopyroxenite_XPL_85486855.jpg,pluto,orthopyroxenite,XPL,2x,Orthopyroxene crystals in a orthopyroxenite. XPL image. 2x (Field of view = 7mm),mafico
raw_strekeisen\pluto\orthopyroxenite\orthopyroxenite_XPL_5951739.jpg,pluto,orthopyroxenite,XPL,2x,Orthopyroxene crystals in a orthopyroxenite. XPL image. 2x (Field of view = 7mm),mafico
raw_strekeisen\pluto\orthopyroxenite\orthopyroxenite_PPL_15180425.jpg,pluto,orthopyroxenite,PPL,2x,Orthopyroxene crystals in a orthopyroxenite. PPL image. 2x (Field of view = 7mm),mafico
raw_strekeisen\pluto\orthopyroxenite\orthopyroxenite_PPL_71769407.jpg,pluto,orthopyroxenite,PPL,2x,Orthopyroxene crystals in a orthopyroxenite. PPL image. 2x (Field of view = 7mm),mafico
raw_strekeisen\pluto\orthopyroxenite\orthopyroxenite_XPL_1735096.jpg,pluto,orthopyroxenite,XPL,2x,Orthopyroxene crystals in a orthopyroxenite. XPL image. 2x (Field of view = 7mm),mafico
raw_strekeisen\pluto\orthopyroxenite\orthopyroxenite_XPL_97930898.jpg,pluto,orthopyroxenite,XPL,2x,Orthopyroxene crystals in a orthopyroxenite. XPL image. 2x (Field of view = 7mm),mafico
raw_strekeisen\pluto\orthopyroxenite\orthopyroxenite_XPL_81166889.jpg,pluto,orthopyroxenite,XPL,2x,Orthopyroxene crystals in a orthopyroxenite. XPL image. 2x (Field of view = 7mm),mafico
raw_strekeisen\pluto\orthopyroxenite\orthopyroxenite_PPL_15621396.jpg,pluto,orthopyroxenite,PPL,10x,Orthopyroxene crystals in a orthopyroxenite. PPL image. 10x (Field of view = 2mm),mafico
raw_strekeisen\pluto\orthopyroxenite\orthopyroxenite_XPL_22092319.jpg,pluto,orthopyroxenite,XPL,10x,Orthopyroxene crystals in a orthopyroxenite. XPL image. 10x (Field of view = 2mm),mafico
raw_strekeisen\pluto\orthopyroxenite\orthopyroxenite_PPL_17831275.jpg,pluto,orthopyroxenite,PPL,10x,Orthopyroxene crystals in a orthopyroxenite. PPL image. 10x (Field of view = 2mm),mafico
raw_strekeisen\pluto\orthopyroxenite\orthopyroxenite_XPL_4171645.jpg,pluto,orthopyroxenite,XPL,10x,Orthopyroxene crystals in a orthopyroxenite. XPL image. 10x (Field of view = 2mm),mafico
raw_strekeisen\pluto\orthopyroxenite\orthopyroxenite_PPL_56202695.jpg,pluto,orthopyroxenite,PPL,10x,Orthopyroxene crystals in a orthopyroxenite. PPL image. 10x (Field of view = 2mm),mafico
raw_strekeisen\pluto\orthopyroxenite\orthopyroxenite_XPL_77770321.jpg,pluto,orthopyroxenite,XPL,10x,Orthopyroxene crystals in a orthopyroxenite. XPL image. 10x (Field of view = 2mm),mafico
raw_strekeisen\pluto\dunite\dunite_PPL_9499721.jpg,pluto,dunite,PPL,2x,"Olivine crystals in a dunite. PPL image , 2x (Field of view = 7mm)",mafico
raw_strekeisen\pluto\dunite\dunite_XPL_81487039.jpg,pluto,dunite,XPL,2x,"Olivine crystals in a dunite. XPL image , 2x (Field of view = 7mm)",mafico
raw_strekeisen\pluto\dunite\dunite_PPL_98213025.jpg,pluto,dunite,PPL,2x,"Olivine crystals in a dunite. PPL image , 2x (Field of view = 7mm)",mafico
raw_strekeisen\pluto\dunite\dunite_XPL_31102267.jpg,pluto,dunite,XPL,2x,"Olivine crystals in a dunite. XPL image , 2x (Field of view = 7mm)",mafico
raw_strekeisen\pluto\dunite\dunite_XPL_38356912.jpg,pluto,dunite,XPL,2x,"Olivine crystals in a dunite. XPL image , 2x (Field of view = 7mm)",mafico
raw_strekeisen\pluto\dunite\dunite_XPL_25996138.jpg,pluto,dunite,XPL,2x,"Olivine crystals in a dunite. XPL image , 2x (Field of view = 7mm)",mafico
raw_strekeisen\pluto\dunite\dunite_XPL_76777620.jpg,pluto,dunite,XPL,10x,"Olivine crystals in a dunite. XPL image , 10x (Field of view = 2mm)",mafico
raw_strekeisen\pluto\dunite\dunite_XPL_17872190.jpg,pluto,dunite,XPL,10x,"Olivine crystals in a dunite. XPL image, 10x (Field of view = 2mm)",mafico
raw_strekeisen\pluto\dunite\dunite_XPL_16815880.jpg,pluto,dunite,XPL,10x,"Olivine crystals (with kinkbands) in a dunite. XPL image, 10x (Field of view = 2mm)",mafico
raw_strekeisen\pluto\dunite\dunite_XPL_27299672.jpg,pluto,dunite,XPL,2x,"Olivine crystals in a dunite. XPL image, 2x (Field of view = 7mm)",mafico
raw_strekeisen\pluto\dunite\dunite_XPL_55843929.jpg,pluto,dunite,XPL,2x,"Olivine crystals in a dunite. XPL image, 2x (Field of view = 7mm)",mafico
raw_strekeisen\pluto\dunite\dunite_XPL_87541786.jpg,pluto,dunite,XPL,2x,"Olivine crystals in a dunite. XPL image, 2x (Field of view = 7mm)",mafico
raw_strekeisen\pluto\wherlite\wherlite_XPL_42633821.jpg,pluto,wherlite,XPL,1x,"Olivine and pyroxene crystals in a wherlite. XPL image, 1x (Field of view = 9mm)",mafico
raw_strekeisen\pluto\wherlite\wherlite_PPL_79285241.jpg,pluto,wherlite,PPL,1x,"Olivine, brown spinel and pyroxene crystals in a wherlite. PPL image, 1x (Field of view = 9mm)",mafico
raw_strekeisen\pluto\wherlite\wherlite_XPL_12540566.jpg,pluto,wherlite,XPL,1x,"Olivine, brown spinel (isotropic) and pyroxene crystals in a wherlite. XPL image, 1x (Field of view = 9mm)",mafico
raw_strekeisen\pluto\wherlite\wherlite_PPL_97580530.jpg,pluto,wherlite,PPL,1x,"Olivine, brown spinel and pyroxene crystals in a wherlite. PPL image, 1x (Field of view = 9mm)",mafico
raw_strekeisen\pluto\wherlite\wherlite_XPL_83922944.jpg,pluto,wherlite,XPL,1x,"Olivine, brown spinel (isotropic) and pyroxene crystals in a wherlite. XPL image, 1x (Field of view = 9mm)",mafico
raw_strekeisen\pluto\wherlite\wherlite_PPL_32459920.jpg,pluto,wherlite,PPL,2x,"Olivine, brown spinel and pyroxene crystals in a wherlite. PPL image, 2x (Field of view = 7mm)",mafico
raw_strekeisen\pluto\wherlite\wherlite_XPL_17459846.jpg,pluto,wherlite,XPL,1x,"Olivine, brown spinel (isotropic) and pyroxene crystals in a wherlite. XPL image, 1x (Field of view = 9mm)",mafico
raw_strekeisen\pluto\wherlite\wherlite_PPL_29287405.jpg,pluto,wherlite,PPL,1x,"Olivine and pyroxene crystals in a wherlite. PPL image, 1x (Field of view = 9mm)",mafico
raw_strekeisen\pluto\wherlite\wherlite_PPL_70682247.jpg,pluto,wherlite,PPL,1x,"Olivine and pyroxene crystals in a wherlite. PPL image, 1x (Field of view = 9mm)",mafico
raw_strekeisen\pluto\wherlite\wherlite_XPL_75177074.jpg,pluto,wherlite,XPL,1x,"Olivine and pyroxene crystals in a wherlite. XPL image, 1x (Field of view = 9mm)",mafico
raw_strekeisen\pluto\wherlite\wherlite_XPL_44292307.jpg,pluto,wherlite,XPL,1x,"Olivine and pyroxene crystals in a wherlite. XPL image, 1x (Field of view = 9mm)",mafico
raw_strekeisen\pluto\wherlite\wherlite_XPL_12011380.jpg,pluto,wherlite,XPL,1x,"Olivine and pyroxene crystals in a wherlite. XPL image, 1x (Field of view = 9mm)",mafico
raw_strekeisen\pluto\wherlite\wherlite_XPL_87287382.jpg,pluto,wherlite,XPL,1x,"Olivine and pyroxene crystals in a wherlite. XPL image, 1x (Field of view = 9mm)",mafico
raw_strekeisen\pluto\wherlite\wherlite_PPL_28819280.jpg,pluto,wherlite,PPL,2x,"Olivine and brown spinel crystals in a wherlite. PPL image, 2x (Field of view = 7mm)",mafico
raw_strekeisen\pluto\wherlite\wherlite_PPL_63765038.jpg,pluto,wherlite,PPL,2x,"Olivine and brown spinel crystals in a wherlite. PPL image, 2x (Field of view = 7mm)",mafico
raw_strekeisen\pluto\wherlite\wherlite_PPL_40998720.jpg,pluto,wherlite,PPL,2x,"Olivine and brown spinel crystals in a wherlite. PPL image, 2x (Field of view = 7mm)",mafico
raw_strekeisen\pluto\wherlite\wherlite_PPL_15549556.jpg,pluto,wherlite,PPL,2x,"Olivine and brown spinel crystals in a wherlite. PPL image, 2x (Field of view = 7mm)",mafico
raw_strekeisen\pluto\wherlite\wherlite_XPL_46586594.jpg,pluto,wherlite,XPL,2x,"Olivine and brown spinel (isotropic) crystals in a wherlite. XPL image, 2x (Field of view = 7mm)",mafico
raw_strekeisen\pluto\wherlite\wherlite_XPL_81488333.jpg,pluto,wherlite,XPL,2x,"Olivine and pyroxene with exolution lamellae. XPL image , 2x (Field of view = 7mm)",mafico
raw_strekeisen\pluto\wherlite\wherlite_XPL_20618648.jpg,pluto,wherlite,XPL,2x,"Olivine and pyroxene with exolution lamellae. XPL image , 2x (Field of view = 7mm)",mafico
raw_strekeisen\pluto\wherlite\wherlite_XPL_71858699.jpg,pluto,wherlite,XPL,2x,"Olivine and pyroxene (gray) in a wherlite. XPL image , 2x (Field of view = 7mm)",mafico
raw_strekeisen\pluto\wherlite\wherlite_XPL_34760787.jpg,pluto,wherlite,XPL,2x,"Olivine and pyroxene (gray) in a wherlite. XPL image , 2x (Field of view = 7mm)",mafico
raw_strekeisen\pluto\wherlite\wherlite_XPL_24903419.jpg,pluto,wherlite,XPL,2x,"Olivine and pyroxene (gray) in a wherlite. XPL image , 2x (Field of view = 7mm)",mafico
raw_strekeisen\pluto\wherlite\wherlite_XPL_16956680.jpg,pluto,wherlite,XPL,2x,"Olivine and pyroxene with exolution lamellae. XPL image , 2x (Field of view = 7mm)",mafico
raw_strekeisen\pluto\wherlite\wherlite_XPL_62880707.jpg,pluto,wherlite,XPL,2x,"Olivine and pyroxene (gray) in a wherlite. XPL image , 2x (Field of view = 7mm)",mafico
raw_strekeisen\pluto\wherlite\wherlite_XPL_20345950.jpg,pluto,wherlite,XPL,2x,"Olivine and pyroxene (gray) in a wherlite. XPL image , 2x (Field of view = 7mm)",mafico
raw_strekeisen\pluto\wherlite\wherlite_XPL_69479149.jpg,pluto,wherlite,XPL,1x,Poikilitic augite (blue birefringence) with rounded serpentinized olivine inclusions. Wherlite from Cyprus. XPL image. 1x (Field of view = 9mm),mafico
raw_strekeisen\pluto\harzburgite\harzburgite_XPL_72310585.jpg,pluto,harzburgite,XPL,10x,Orthopyroxene (gray) and olivine crystals. XPL image. 10x (Field of view = 2mm),mafico
raw_strekeisen\pluto\harzburgite\harzburgite_PPL_92888683.jpg,pluto,harzburgite,PPL,10x,Orthopyroxene and olivine crystals. PPL image. 10x (Field of view = 2mm),mafico
raw_strekeisen\pluto\harzburgite\harzburgite_XPL_83842295.jpg,pluto,harzburgite,XPL,10x,Orthopyroxene (gray) and Olivine crystals. XPL image. 10x (Field of view = 2mm),mafico
raw_strekeisen\pluto\harzburgite\harzburgite_XPL_18861369.jpg,pluto,harzburgite,XPL,10x,Orthopyroxene (gray) and olivine crystals. XPL image. 10x (Field of view = 2mm),mafico
raw_strekeisen\pluto\harzburgite\harzburgite_XPL_36915344.jpg,pluto,harzburgite,XPL,10x,Orthopyroxene (gray) and olivine crystals. XPL image. 10x (Field of view = 2mm),mafico
raw_strekeisen\pluto\harzburgite\harzburgite_XPL_90084830.jpg,pluto,harzburgite,XPL,10x,Orthopyroxene (gray) and olivine crystals. XPL image. 10x (Field of view = 2mm),mafico
raw_strekeisen\pluto\harzburgite\harzburgite_XPL_5174209.jpg,pluto,harzburgite,XPL,10x,Orthopyroxene (gray) and olivine crystals. XPL image. 10x (Field of view = 2mm),mafico
raw_strekeisen\pluto\garnetlherzolite\garnetlherzolite_PPL_34817324.jpg,pluto,garnetlherzolite,PPL,10x,"Olivine, chromite and garnet crystals with kelifitic decomposition rims (consisting of fibrous pyroxene). PPL image. 10x (Field of view = 2mm)",mafico
raw_strekeisen\pluto\garnetlherzolite\garnetlherzolite_XPL_46269042.jpg,pluto,garnetlherzolite,XPL,10x,"Olivine, chromite and garnet (isotropic) crystals with kelifitic decomposition rims (consisting of fibrous pyroxene). XPL image. 10x (Field of view = 2mm)",mafico
raw_strekeisen\pluto\garnetlherzolite\garnetlherzolite_PPL_69049648.jpg,pluto,garnetlherzolite,PPL,10x,"Olivine, chromite and garnet crystals with kelifitic decomposition rims (consisting of fibrous pyroxene). PPL image. 10x (Field of view = 2mm)",mafico
raw_strekeisen\pluto\garnetlherzolite\garnetlherzolite_XPL_11950163.jpg,pluto,garnetlherzolite,XPL,10x,"Olivine, chromite and garnet (isotropic) crystals with kelifitic decomposition rims (consisting of fibrous pyroxene). XPL image. 10x (Field of view = 2mm)",mafico
raw_strekeisen\pluto\garnetlherzolite\garnetlherzolite_PPL_55257684.jpg,pluto,garnetlherzolite,PPL,10x,"Olivine, chromite and garnet crystals with kelifitic decomposition rims (consisting of fibrous pyroxene). PPL image. 10x (Field of view = 2mm)",mafico
raw_strekeisen\pluto\garnetlherzolite\garnetlherzolite_XPL_70444027.jpg,pluto,garnetlherzolite,XPL,10x,"Olivine, chromite and garnet (isotropic) crystals with kelifitic decomposition rims (consisting of fibrous pyroxene). XPL image. 10x (Field of view = 2mm)",mafico
raw_strekeisen\pluto\garnetlherzolite\garnetlherzolite_PPL_88356663.jpg,pluto,garnetlherzolite,PPL,10x,"Olivine, chromite and garnet crystals with kelifitic decomposition rims (consisting of fibrous pyroxene). PPL image. 10x (Field of view = 2mm)",mafico
raw_strekeisen\pluto\garnetlherzolite\garnetlherzolite_XPL_80519797.jpg,pluto,garnetlherzolite,XPL,10x,"Olivine, chromite and garnet (isotropic) crystals with kelifitic decomposition rims (consisting of fibrous pyroxene). XPL image. 10x (Field of view = 2mm)",mafico
raw_strekeisen\pluto\garnetlherzolite\garnetlherzolite_PPL_6038864.jpg,pluto,garnetlherzolite,PPL,10x,"Olivine, chromite and garnet crystals with kelifitic decomposition rims (consisting of fibrous pyroxene). PPL image. 10x (Field of view = 2mm)",mafico
raw_strekeisen\pluto\garnetlherzolite\garnetlherzolite_XPL_33401192.jpg,pluto,garnetlherzolite,XPL,10x,"Olivine, chromite and garnet (isotropic) crystals with kelifitic decomposition rims (consisting of fibrous pyroxene). XPL image. 10x (Field of view = 2mm)",mafico
raw_strekeisen\pluto\garnetlherzolite\garnetlherzolite_PPL_80626899.jpg,pluto,garnetlherzolite,PPL,10x,"Olivine, chromite and garnet crystals with kelifitic decomposition rims (consisting of fibrous pyroxene). PPL image. 10x (Field of view = 2mm)",mafico
raw_strekeisen\pluto\garnetlherzolite\garnetlherzolite_XPL_90756915.jpg,pluto,garnetlherzolite,XPL,10x,"Olivine, chromite and garnet (isotropic) crystals with kelifitic decomposition rims (consisting of fibrous pyroxene). XPL image. 10x (Field of view = 2mm)",mafico
raw_strekeisen\pluto\garnetlherzolite\garnetlherzolite_PPL_12809593.jpg,pluto,garnetlherzolite,PPL,10x,"Olivine, chromite and garnet crystals with kelifitic decomposition rims (consisting of fibrous pyroxene). PPL image. 10x (Field of view = 2mm)",mafico
raw_strekeisen\pluto\garnetlherzolite\garnetlherzolite_XPL_70237950.jpg,pluto,garnetlherzolite,XPL,10x,"Olivine, chromite and garnet (isotropic) crystals with kelifitic decomposition rims (consisting of fibrous pyroxene). XPL image. 10x (Field of view = 2mm)",mafico
raw_strekeisen\pluto\garnetlherzolite\garnetlherzolite_PPL_81855551.jpg,pluto,garnetlherzolite,PPL,20x,"Olivine, chromite and garnet crystals with kelifitic decomposition rims (consisting of fibrous pyroxene). PPL image. 20x (Field of view = 1mm)",mafico
raw_strekeisen\pluto\garnetlherzolite\garnetlherzolite_XPL_47465221.jpg,pluto,garnetlherzolite,XPL,20x,"Olivine, chromite and garnet (isotropic) crystals with kelifitic decomposition rims (consisting of fibrous pyroxene). XPL image. 20x (Field of view = 1mm)",mafico
raw_strekeisen\pluto\garnetlherzolite\garnetlherzolite_PPL_59132820.jpg,pluto,garnetlherzolite,PPL,10x,Olivine and garnet crystals with kelifitic decomposition rims (consisting of fibrous pyroxene). PPL image. 10x (Field of view = 2mm),mafico
raw_strekeisen\pluto\garnetlherzolite\garnetlherzolite_PPL_18498694.jpg,pluto,garnetlherzolite,PPL,10x,Olivine and garnet crystals with kelifitic decomposition rims (consisting of fibrous pyroxene). PPL image. 10x (Field of view = 2mm),mafico
raw_strekeisen\pluto\garnetlherzolite\garnetlherzolite_PPL_6531347.jpg,pluto,garnetlherzolite,PPL,20x,Garnet crystals in a serpentinized Garnet Lherzolite. PPL image. 20x (Field of view = 7mm),mafico
raw_strekeisen\pluto\garnetlherzolite\garnetlherzolite_XPL_23123017.jpg,pluto,garnetlherzolite,XPL,20x,Garnet crystals in a serpentinized Garnet Lherzolite. XPL image. 20x (Field of view = 7mm),mafico
raw_strekeisen\pluto\garnetlherzolite\garnetlherzolite_PPL_80668564.jpg,pluto,garnetlherzolite,PPL,20x,Garnet crystals in a serpentinized Garnet Lherzolite. PPL image. 20x (Field of view = 7mm),mafico
raw_strekeisen\pluto\garnetlherzolite\garnetlherzolite_XPL_89928195.jpg,pluto,garnetlherzolite,XPL,20x,Garnet crystals in a serpentinized Garnet Lherzolite. XPL image. 20x (Field of view = 7mm),mafico
raw_strekeisen\pluto\garnetlherzolite\garnetlherzolite_PPL_21695757.jpg,pluto,garnetlherzolite,PPL,20x,Garnet crystal in a serpentinized Garnet Lherzolite. PPL image. 20x (Field of view = 7mm),mafico
raw_strekeisen\pluto\garnetlherzolite\garnetlherzolite_XPL_88819535.jpg,pluto,garnetlherzolite,XPL,20x,Garnet crystal in a serpentinized Garnet Lherzolite. XPL image. 20x (Field of view = 7mm),mafico
raw_strekeisen\pluto\garnetlherzolite\garnetlherzolite_PPL_40736200.jpg,pluto,garnetlherzolite,PPL,20x,Garnet crystal in a serpentinized Garnet Lherzolite. PPL image. 20x (Field of view = 7mm),mafico
raw_strekeisen\pluto\garnetlherzolite\garnetlherzolite_XPL_54120979.jpg,pluto,garnetlherzolite,XPL,20x,Garnet crystal in a serpentinized Garnet Lherzolite. XPL image. 20x (Field of view = 7mm),mafico
raw_strekeisen\pluto\garnetlherzolite\garnetlherzolite_PPL_13938009.jpg,pluto,garnetlherzolite,PPL,20x,Garnet crystal in a serpentinized Garnet Lherzolite. PPL image. 20x (Field of view = 7mm),mafico
raw_strekeisen\pluto\garnetlherzolite\garnetlherzolite_PPL_66965151.jpg,pluto,garnetlherzolite,PPL,20x,Garnet crystal in a serpentinized Garnet Lherzolite. PPL image. 20x (Field of view = 7mm),mafico
raw_strekeisen\pluto\garnetlherzolite\garnetlherzolite_PPL_44604627.jpg,pluto,garnetlherzolite,PPL,20x,Garnet crystal in a serpentinized Garnet Lherzolite. PPL image. 20x (Field of view = 7mm),mafico
raw_strekeisen\pluto\garnetlherzolite\garnetlherzolite_PPL_5559249.jpg,pluto,garnetlherzolite,PPL,20x,Garnet crystal in a serpentinized Garnet Lherzolite. PPL image. 20x (Field of view = 7mm),mafico
raw_strekeisen\pluto\garnetlherzolite\garnetlherzolite_XPL_52926334.jpg,pluto,garnetlherzolite,XPL,10x,"Orthopyroxene (gray), Clinopyroxene and Olivine. XPL image. 10x (Field of view = 2mm)",mafico
raw_strekeisen\pluto\garnetlherzolite\garnetlherzolite_PPL_43034607.jpg,pluto,garnetlherzolite,PPL,10x,Garnet with kelifitic decomposition rims (consisting of fibrous pyroxene). PPL image. 10x (Field of view = 2mm),mafico
raw_strekeisen\pluto\garnetlherzolite\garnetlherzolite_XPL_25305212.jpg,pluto,garnetlherzolite,XPL,10x,Garnet with kelifitic decomposition rims (consisting of fibrous pyroxene). XPL image. 10x (Field of view = 2mm),mafico
raw_strekeisen\pluto\garnetlherzolite\garnetlherzolite_PPL_82685277.jpg,pluto,garnetlherzolite,PPL,2x,Olivine and spinel crystals. PPL image. 2x (Field of view = 7mm),mafico
raw_strekeisen\pluto\garnetlherzolite\garnetlherzolite_PPL_50460032.jpg,pluto,garnetlherzolite,PPL,2x,Olivine and spinel crystals. PPL image. 2x (Field of view = 7mm),mafico
raw_strekeisen\pluto\garnetlherzolite\garnetlherzolite_PPL_24640035.jpg,pluto,garnetlherzolite,PPL,2x,Garnet with kelifitic decomposition rims (consisting of fibrous pyroxene). PPL image. 2x (Field of view = 7mm),mafico
raw_strekeisen\pluto\garnetlherzolite\garnetlherzolite_PPL_65996616.jpg,pluto,garnetlherzolite,PPL,2x,Garnet with kelifitic decomposition rims (consisting of fibrous pyroxene). PPL image. 2x (Field of view = 7mm),mafico
raw_strekeisen\pluto\garnetlherzolite\garnetlherzolite_XPL_3263929.jpg,pluto,garnetlherzolite,XPL,2x,Garnet with kelifitic decomposition rims (consisting of fibrous pyroxene). XPL image. 2x (Field of view = 7mm),mafico
raw_strekeisen\pluto\garnetlherzolite\garnetlherzolite_XPL_20357639.jpg,pluto,garnetlherzolite,XPL,10x,Garnet with kelifitic decomposition rims (consisting of fibrous pyroxene). XPL image. 10x (Field of view = 2mm),mafico
raw_strekeisen\pluto\garnetlherzolite\garnetlherzolite_XPL_92233664.jpg,pluto,garnetlherzolite,XPL,2x,Garnet with kelifitic decomposition rims (consisting of fibrous pyroxene). XPL image. 2x (Field of view = 7mm),mafico
raw_strekeisen\pluto\garnetlherzolite\garnetlherzolite_XPL_62489381.jpg,pluto,garnetlherzolite,XPL,2x,Garnet with kelifitic decomposition rims (consisting of fibrous pyroxene). XPL image. 2x (Field of view = 7mm),mafico
raw_strekeisen\pluto\garnetlherzolite\garnetlherzolite_PPL_62778046.jpg,pluto,garnetlherzolite,PPL,10x,Garnet with kelifitic decomposition rims (consisting of fibrous pyroxene). PPL image. 10x (Field of view = 2mm),mafico
raw_strekeisen\pluto\garnetlherzolite\garnetlherzolite_PPL_8435623.jpg,pluto,garnetlherzolite,PPL,10x,Garnet with kelifitic decomposition rims (consisting of fibrous pyroxene). PPL image. 10x (Field of view = 2mm),mafico
raw_strekeisen\pluto\garnetlherzolite\garnetlherzolite_XPL_10204298.jpg,pluto,garnetlherzolite,XPL,10x,Garnet with kelifitic decomposition rims (consisting of fibrous pyroxene). XPL image. 10x (Field of view = 2mm),mafico
raw_strekeisen\pluto\garnetlherzolite\garnetlherzolite_XPL_29458582.jpg,pluto,garnetlherzolite,XPL,10x,Garnet with kelifitic decomposition rims (consisting of fibrous pyroxene). XPL image. 10x (Field of view = 2mm),mafico
raw_strekeisen\pluto\spinelehorzolite\spinelehorzolite_PPL_1228317.jpg,pluto,spinelehorzolite,PPL,2x,"Orthopyroxene (pale green), olivine and clinopyroxene (colorless) and spinel (brown) in a Spinel Lherzolite from Pyrenees. PPL image. 2x (Field of view = 7mm)",mafico
raw_strekeisen\pluto\spinelehorzolite\spinelehorzolite_PPL_26036394.jpg,pluto,spinelehorzolite,PPL,2x,"Orthopyroxene (pale green), olivine and clinopyroxene (colorless) and spinel (brown) in a Spinel Lherzolite from Pyrenees. PPL image. 2x (Field of view = 7mm)",mafico
raw_strekeisen\pluto\spinelehorzolite\spinelehorzolite_XPL_85865726.jpg,pluto,spinelehorzolite,XPL,2x,"Orthopyroxene (weak interference colors), olivine and clinopyroxene (high interference colors) and spinel (isotropic) in a Spinel Lherzolite from Pyrenees. XPL image. 2x (Field of view = 7mm)",mafico
raw_strekeisen\pluto\spinelehorzolite\spinelehorzolite_XPL_32158939.jpg,pluto,spinelehorzolite,XPL,2x,"Orthopyroxene (weak interference colors), olivine and clinopyroxene (high interference colors) and spinel (isotropic) in a Spinel Lherzolite from Pyrenees. XPL image. 2x (Field of view = 7mm)",mafico
raw_strekeisen\pluto\spinelehorzolite\spinelehorzolite_XPL_85641105.jpg,pluto,spinelehorzolite,XPL,2x,"Orthopyroxene (weak interference colors), olivine and clinopyroxene (high interference colors) and spinel (isotropic) in a Spinel Lherzolite from Pyrenees. XPL image. 2x (Field of view = 7mm)",mafico
raw_strekeisen\pluto\spinelehorzolite\spinelehorzolite_PPL_86497864.jpg,pluto,spinelehorzolite,PPL,2x,"Orthopyroxene (pale green), olivine and clinopyroxene (colorless) and spinel (brown) in a Spinel Lherzolite from Pyrenees. PPL image. 2x (Field of view = 7mm)",mafico
raw_strekeisen\pluto\spinelehorzolite\spinelehorzolite_XPL_42319366.jpg,pluto,spinelehorzolite,XPL,2x,"Orthopyroxene (weak interference colors), olivine and clinopyroxene (high interference colors) and spinel (isotropic) in a Spinel Lherzolite from Pyrenees. XPL image. 2x (Field of view = 7mm)",mafico
raw_strekeisen\pluto\spinelehorzolite\spinelehorzolite_XPL_64373382.jpg,pluto,spinelehorzolite,XPL,2x,"Orthopyroxene (weak interference colors), olivine and clinopyroxene (high interference colors) and spinel (isotropic) in a Spinel Lherzolite from Pyrenees. XPL image. 2x (Field of view = 7mm)",mafico
raw_strekeisen\pluto\spinelehorzolite\spinelehorzolite_PPL_69465962.jpg,pluto,spinelehorzolite,PPL,2x,"Orthopyroxene (pale green), olivine and clinopyroxene (colorless) and spinel (brown) in a Spinel Lherzolite from Pyrenees. PPL image. 2x (Field of view = 7mm)",mafico
raw_strekeisen\pluto\spinelehorzolite\spinelehorzolite_PPL_70646285.jpg,pluto,spinelehorzolite,PPL,2x,"Orthopyroxene (pale green), olivine and clinopyroxene (colorless) and spinel (brown) in a Spinel Lherzolite from Pyrenees. PPL image. 2x (Field of view = 7mm)",mafico
raw_strekeisen\pluto\spinelehorzolite\spinelehorzolite_XPL_8675979.jpg,pluto,spinelehorzolite,XPL,2x,"Orthopyroxene (weak interference colors), olivine and clinopyroxene (high interference colors) and spinel (isotropic) in a Spinel Lherzolite from Pyrenees. XPL image. 2x (Field of view = 7mm)",mafico
raw_strekeisen\pluto\spinelehorzolite\spinelehorzolite_XPL_54495221.jpg,pluto,spinelehorzolite,XPL,2x,"Orthopyroxene (weak interference colors), olivine and clinopyroxene (high interference colors) and spinel (isotropic) in a Spinel Lherzolite from Pyrenees. XPL image. 2x (Field of view = 7mm)",mafico
raw_strekeisen\pluto\spinelehorzolite\spinelehorzolite_XPL_31289515.jpg,pluto,spinelehorzolite,XPL,2x,"Orthopyroxene (weak interference colors), olivine and clinopyroxene (high interference colors) and spinel (isotropic) in a Spinel Lherzolite from Pyrenees. XPL image. 2x (Field of view = 7mm)",mafico
raw_strekeisen\pluto\spinelehorzolite\spinelehorzolite_XPL_48975852.jpg,pluto,spinelehorzolite,XPL,2x,"Orthopyroxene (weak interference colors), olivine and clinopyroxene (high interference colors) and spinel (isotropic) in a Spinel Lherzolite from Pyrenees. XPL image. 2x (Field of view = 7mm)",mafico
raw_strekeisen\pluto\spinelehorzolite\spinelehorzolite_PPL_7106582.jpg,pluto,spinelehorzolite,PPL,2x,"Orthopyroxene (pale green), olivine and clinopyroxene (colorless) and spinel (brown) in a Spinel Lherzolite from Pyrenees. PPL image. 2x (Field of view = 7mm)",mafico
raw_strekeisen\pluto\spinelehorzolite\spinelehorzolite_PPL_35323749.jpg,pluto,spinelehorzolite,PPL,10x,Vermicular green-spinel crystals in a Spinel Lherzolite. PPL image. 10x (Field of view = 2mm),mafico
raw_strekeisen\pluto\spinelehorzolite\spinelehorzolite_PPL_6376344.jpg,pluto,spinelehorzolite,PPL,10x,Vermicular green-spinel crystals in a Spinel Lherzolite. PPL image. 10x (Field of view = 2mm),mafico
raw_strekeisen\pluto\spinelehorzolite\spinelehorzolite_XPL_94097070.jpg,pluto,spinelehorzolite,XPL,10x,Vermicular green-spinel crystals (isotropic) in a Spinel Lherzolite. XPL image. 10x (Field of view = 2mm),mafico
raw_strekeisen\pluto\spinelehorzolite\spinelehorzolite_PPL_4136824.jpg,pluto,spinelehorzolite,PPL,10x,Vermicular green-spinel crystals in a Spinel Lherzolite. PPL image. 10x (Field of view = 2mm),mafico
raw_strekeisen\pluto\spinelehorzolite\spinelehorzolite_XPL_27917600.jpg,pluto,spinelehorzolite,XPL,10x,Vermicular green-spinel crystals (isotropic) in a Spinel Lherzolite. XPL image. 10x (Field of view = 2mm),mafico
raw_strekeisen\pluto\spinelehorzolite\spinelehorzolite_PPL_78915624.jpg,pluto,spinelehorzolite,PPL,10x,Vermicular green-spinel crystals in a Spinel Lherzolite. PPL image. 10x (Field of view = 2mm),mafico
raw_strekeisen\pluto\spinelehorzolite\spinelehorzolite_XPL_39586958.jpg,pluto,spinelehorzolite,XPL,10x,Vermicular green-spinel crystals (isotropic) in a Spinel Lherzolite. XPL image. 10x (Field of view = 2mm),mafico
raw_strekeisen\pluto\spinelehorzolite\spinelehorzolite_PPL_7502717.jpg,pluto,spinelehorzolite,PPL,10x,Vermicular green-spinel crystals in a Spinel Lherzolite. PPL image. 10x (Field of view = 2mm),mafico
raw_strekeisen\pluto\spinelehorzolite\spinelehorzolite_PPL_16128670.jpg,pluto,spinelehorzolite,PPL,10x,Vermicular green-spinel crystals in a Spinel Lherzolite. PPL image. 10x (Field of view = 2mm),mafico
raw_strekeisen\pluto\spinelehorzolite\spinelehorzolite_XPL_6782728.jpg,pluto,spinelehorzolite,XPL,10x,Vermicular green-spinel crystals (isotropic) in a Spinel Lherzolite. XPL image. 10x (Field of view = 2mm),mafico
raw_strekeisen\pluto\pyroxenite\pyroxenite_PPL_38094604.jpg,pluto,pyroxenite,PPL,2x,"Hornblende, clinopyroxene and olivine crystals in a Hbl-Pyroxenite. Antarctica. PPL image. 2x (Field of view = 7mm)",mafico
raw_strekeisen\pluto\pyroxenite\pyroxenite_PPL_95674402.jpg,pluto,pyroxenite,PPL,2x,"Hornblende, clinopyroxene and olivine crystals in a Hbl-Pyroxenite. Antarctica. PPL image. 2x (Field of view = 7mm)",mafico
raw_strekeisen\pluto\pyroxenite\pyroxenite_PPL_48494407.jpg,pluto,pyroxenite,PPL,2x,"Hornblende, clinopyroxene and olivine crystals in a Hbl-Pyroxenite. Antarctica. PPL image. 2x (Field of view = 7mm)",mafico
raw_strekeisen\pluto\pyroxenite\pyroxenite_PPL_92131354.jpg,pluto,pyroxenite,PPL,2x,"Hornblende, clinopyroxene and olivine crystals in a Hbl-Pyroxenite. Antarctica. PPL image. 2x (Field of view = 7mm)",mafico
raw_strekeisen\pluto\pyroxenite\pyroxenite_XPL_46997153.jpg,pluto,pyroxenite,XPL,2x,"Hornblende, clinopyroxene and olivine crystals in a Hbl-Pyroxenite. Antarctica. XPL image. 2x (Field of view = 7mm)",mafico
raw_strekeisen\pluto\pyroxenite\pyroxenite_XPL_25780869.jpg,pluto,pyroxenite,XPL,2x,"Hornblende, clinopyroxene and olivine crystals in a Hbl-Pyroxenite. Antarctica. XPL image. 2x (Field of view = 7mm)",mafico
raw_strekeisen\pluto\pyroxenite\pyroxenite_PPL_97643977.jpg,pluto,pyroxenite,PPL,2x,"Hornblende, clinopyroxene and olivine crystals in a Hbl-Pyroxenite. Antarctica. PPL image. 2x (Field of view = 7mm)",mafico
raw_strekeisen\pluto\pyroxenite\pyroxenite_XPL_11996547.jpg,pluto,pyroxenite,XPL,2x,"Hornblende, clinopyroxene and olivine crystals in a Hbl-Pyroxenite. Antarctica. XPL image. 2x (Field of view = 7mm)",mafico
raw_strekeisen\pluto\pyroxenite\pyroxenite_PPL_2727068.jpg,pluto,pyroxenite,PPL,2x,"Hornblende, clinopyroxene and olivine crystals in a Hbl-Pyroxenite. Antarctica. PPL image. 2x (Field of view = 7mm)",mafico
raw_strekeisen\pluto\pyroxenite\pyroxenite_PPL_97619938.jpg,pluto,pyroxenite,PPL,2x,"Hornblende, clinopyroxene and olivine crystals in a Hbl-Pyroxenite. Antarctica. PPL image. 2x (Field of view = 7mm)",mafico
raw_strekeisen\pluto\pyroxenite\pyroxenite_PPL_47128682.jpg,pluto,pyroxenite,PPL,2x,"Hornblende, clinopyroxene and olivine crystals in a Hbl-Pyroxenite. Antarctica. PPL image. 2x (Field of view = 7mm)",mafico
raw_strekeisen\pluto\quartzgabbro\quartzgabbro_XPL_27134055.jpg,pluto,quartzgabbro,XPL,2x,"Hornblende, plagioclase and interstitial quartz. XPL image. 2x (Field of view = 7mm)",mafico
raw_strekeisen\pluto\quartzgabbro\quartzgabbro_XPL_75350217.jpg,pluto,quartzgabbro,XPL,2x,"Hornblende, plagioclase and interstitial quartz. XPL image. 2x (Field of view = 7mm)",mafico
raw_strekeisen\pluto\quartzgabbro\quartzgabbro_XPL_76473205.jpg,pluto,quartzgabbro,XPL,2x,"Hornblende, plagioclase and interstitial quartz. XPL image. 2x (Field of view = 7mm)",mafico
raw_strekeisen\pluto\quartzgabbro\quartzgabbro_XPL_34494159.jpg,pluto,quartzgabbro,XPL,2x,"Hornblende, plagioclase and interstitial quartz. XPL image. 2x (Field of view = 7mm)",mafico
raw_strekeisen\pluto\quartzgabbro\quartzgabbro_XPL_83379059.jpg,pluto,quartzgabbro,XPL,2x,"Hornblende, plagioclase and interstitial quartz. XPL image. 2x (Field of view = 7mm)",mafico
raw_strekeisen\pluto\quartzgabbro\quartzgabbro_XPL_95648526.jpg,pluto,quartzgabbro,XPL,2x,"Hornblende, plagioclase and interstitial quartz. XPL image. 2x (Field of view = 7mm)",mafico
raw_strekeisen\pluto\quartzgabbro\quartzgabbro_XPL_18418437.jpg,pluto,quartzgabbro,XPL,2x,"Hornblende, plagioclase and interstitial quartz. XPL image. 2x (Field of view = 7mm)",mafico
raw_strekeisen\pluto\rhum\rhum_PPL_72151197.jpg,pluto,rhum,PPL,2x,"Plagioclase and interstitial pyroxene. PPL image, 2x (Field of view = 7mm)",mafico
raw_strekeisen\pluto\rhum\rhum_XPL_24473042.jpg,pluto,rhum,XPL,2x,"Plagioclase and interstitial pyroxene. XPL image, 2x (Field of view = 7mm)",mafico
raw_strekeisen\pluto\rhum\rhum_PPL_62728600.jpg,pluto,rhum,PPL,2x,"Plagioclase and olivine crystals. PPL image, 2x (Field of view = 7mm)",mafico
raw_strekeisen\pluto\rhum\rhum_XPL_27524454.jpg,pluto,rhum,XPL,2x,"Plagioclase and olivine crystals. XPL image, 2x (Field of view = 7mm)",mafico
raw_strekeisen\pluto\rhum\rhum_PPL_67550996.jpg,pluto,rhum,PPL,2x,"Plagioclase and olivine crystals. PPL image, 2x (Field of view = 7mm)",mafico
raw_strekeisen\pluto\rhum\rhum_PPL_34781752.jpg,pluto,rhum,PPL,2x,"Plagioclase and interstitial pyroxene. PPL image, 2x (Field of view = 7mm)",mafico
raw_strekeisen\pluto\rhum\rhum_XPL_88884830.jpg,pluto,rhum,XPL,2x,"Plagioclase and interstitial pyroxene. XPL image, 2x (Field of view = 7mm)",mafico
raw_strekeisen\pluto\rhum\rhum_XPL_2315635.jpg,pluto,rhum,XPL,2x,"Plagioclase and olivine crystals. XPL image, 2x (Field of view = 7mm)",mafico
raw_strekeisen\pluto\rhum\rhum_XPL_23551510.jpg,pluto,rhum,XPL,2x,"Plagioclase and olivine crystals. XPL image, 2x (Field of view = 7mm)",mafico
raw_strekeisen\pluto\rhum\rhum_PPL_94021203.jpg,pluto,rhum,PPL,2x,"Peridotitic portion (bottom) and troctolitic portion (top) separated from each other by Cr-spinel crystals. PPL image, 2x (Field of view = 7mm)",mafico
raw_strekeisen\pluto\rhum\rhum_XPL_42526917.jpg,pluto,rhum,XPL,2x,"Peridotitic portion (bottom) and troctolitic portion (top) separated from each other by Cr-spinel crystals. XPL image, 2x (Field of view = 7mm)",mafico
raw_strekeisen\pluto\rhum\rhum_XPL_18466822.jpg,pluto,rhum,XPL,2x,"Peridotitic portion and Cr-spinel crystals layer. Isola di Rhum (Scozia). XPL image, 2x (Field of view = 7mm)",mafico
raw_strekeisen\pluto\rhum\rhum_PPL_64697198.jpg,pluto,rhum,PPL,2x,"Peridotitic portion (bottom) and troctolitic portion (top) separated from each other by Cr-spinel crystals. PPL image, 2x (Field of view = 7mm)",mafico
raw_strekeisen\pluto\rhum\rhum_XPL_28323578.jpg,pluto,rhum,XPL,2x,"Peridotitic portion (bottom) and troctolitic portion (top) separated from each other by Cr-spinel crystals. XPL image, 2x (Field of view = 7mm)",mafico
raw_strekeisen\pluto\rhum\rhum_PPL_33360807.jpg,pluto,rhum,PPL,2x,"Olivine and interstitial amphibole in the peridotitic portion. PPL image, 2x (Field of view = 7mm)",mafico
raw_strekeisen\pluto\rhum\rhum_XPL_65199963.jpg,pluto,rhum,XPL,2x,"Olivine and interstitial amphibole in the peridotitic portion. XPL image, 2x (Field of view = 7mm)",mafico
raw_strekeisen\pluto\rhum\rhum_XPL_41134016.jpg,pluto,rhum,XPL,10x,"Plagioclase with olivine and spinel inclusions. XPL image, 10x (Field of view = 2mm)",mafico
raw_strekeisen\pluto\rhum\rhum_XPL_75029056.jpg,pluto,rhum,XPL,10x,"Plagioclase with olivine and spinel inclusions. XPL image, 10x (Field of view = 2mm)",mafico
raw_strekeisen\pluto\rhum\rhum_XPL_32432496.jpg,pluto,rhum,XPL,10x,"Plagioclase with olivine inclusions. XPL image, 10x (Field of view = 2mm)",mafico
raw_strekeisen\pluto\rhum\rhum_XPL_6405350.jpg,pluto,rhum,XPL,10x,"Plagioclase with olivine inclusions. XPL image, 10x (Field of view = 2mm)",mafico
raw_strekeisen\pluto\rhum\rhum_XPL_92916843.jpg,pluto,rhum,XPL,10x,"Peridotitic portion (bottom) and troctolitic portion (top) separated from each other by Cr-spinel crystals. XPL image, 10x (Field of view = 2mm)",mafico
raw_strekeisen\pluto\rhum\rhum_PPL_36494662.jpg,pluto,rhum,PPL,2x,"Olivine and plagioclase crystals in the troctolic portion. PPL image, 2x (Field of view = 7mm)",mafico
raw_strekeisen\pluto\rhum\rhum_XPL_21461928.jpg,pluto,rhum,XPL,2x,"Olivine and plagioclase crystals in the troctolic portion. XPL image, 2x (Field of view = 7mm)",mafico
raw_strekeisen\pluto\rhum\rhum_PPL_1626820.jpg,pluto,rhum,PPL,2x,"Olivine, spinel and plagioclase crystals in the troctolic portion. PPL image, 2x (Field of view = 7mm)",mafico
raw_strekeisen\pluto\rhum\rhum_PPL_90231578.jpg,pluto,rhum,PPL,10x,"Olivine, spinel and plagioclase crystals in the troctolic portion. PPL image, 10x (Field of view = 2mm)",mafico
raw_strekeisen\pluto\rhum\rhum_XPL_84789101.jpg,pluto,rhum,XPL,10x,"Olivine, spinel and plagioclase crystals in the troctolic portion. XPL image, 10x (Field of view = 2mm)",mafico
raw_strekeisen\pluto\rhum\rhum_XPL_76754606.jpg,pluto,rhum,XPL,2x,"Olivine and plagioclase crystals in the troctolitic portion. XPL image, 2x (Field of view = 7mm)",mafico
raw_strekeisen\pluto\rhum\rhum_XPL_85267125.jpg,pluto,rhum,XPL,2x,"Peridotitic portion (bottom) and troctolitic portion (top) separated from each other by Cr-spinel crystals. XPL image, 2x (Field of view = 7mm)",mafico
raw_strekeisen\pluto\rhum\rhum_XPL_69604409.jpg,pluto,rhum,XPL,2x,"Olivine and plagioclase crystals in the troctolitic portion. XPL image, 2x (Field of view = 7mm)",mafico
raw_strekeisen\pluto\rhum\rhum_PPL_69071206.jpg,pluto,rhum,PPL,2x,"Peridotitic portion (bottom) and troctolitic portion (top) separated from each other by Cr-spinel crystals. PPL image, 2x (Field of view = 7mm)",mafico
raw_strekeisen\pluto\rhum\rhum_XPL_51259539.jpg,pluto,rhum,XPL,2x,"Peridotitic portion (bottom) and troctolitic portion (top) separated from each other by Cr-spinel crystals. XPL image, 2x (Field of view = 7mm)",mafico
raw_strekeisen\pluto\rhum\rhum_XPL_7288992.jpg,pluto,rhum,XPL,2x,"Peridotitic portion with olivine crystals and interstitial plagiclase. XPL image, 2x (Field of view = 7mm)",mafico
raw_strekeisen\pluto\rhum\rhum_XPL_30958893.jpg,pluto,rhum,XPL,2x,"Olivine and plagioclase crystals. XPL image, 2x (Field of view = 7mm)",mafico
raw_strekeisen\pluto\rhum\rhum_XPL_45991353.jpg,pluto,rhum,XPL,2x,"Olivine and plagioclase crystals. XPL image, 2x (Field of view = 7mm)",mafico
raw_strekeisen\pluto\rhum\rhum_PPL_92670662.jpg,pluto,rhum,PPL,2x,"Olivine and plagioclase crystals. PPL image, 2x (Field of view = 7mm)",mafico
raw_strekeisen\pluto\rhum\rhum_XPL_64188045.jpg,pluto,rhum,XPL,10x,"Olivine and interstitial pyroxene. XPL image, 10x (Field of view = 2mm)",mafico
raw_strekeisen\pluto\rhum\rhum_XPL_72969811.jpg,pluto,rhum,XPL,10x,"Olivine, plagioclase and interstitial pyroxene. XPL image, 10x (Field of view = 2mm)",mafico
raw_strekeisen\pluto\rhum\rhum_XPL_27979176.jpg,pluto,rhum,XPL,10x,"Olivine, plagioclase and interstitial pyroxene. XPL image, 10x (Field of view = 2mm)",mafico
raw_strekeisen\pluto\lherzoliteserpentinized\lherzoliteserpentinized_PPL_55995536.jpg,pluto,lherzoliteserpentinized,PPL,2x,"Olivine and pyroxene (pale brown) crystals. Olivine crystals are rimmed by serpentine + magnetite (dark) veins. PPL image, 2x (Field of view = 7mm)",mafico
raw_strekeisen\pluto\lherzoliteserpentinized\lherzoliteserpentinized_XPL_34232493.jpg,pluto,lherzoliteserpentinized,XPL,2x,"Olivine and pyroxene (low interference colors) crystals. Olivine crystals are rimmed by serpentine + magnetite (dark) veins. XPL image, 2x (Field of view = 7mm)",mafico
raw_strekeisen\pluto\lherzoliteserpentinized\lherzoliteserpentinized_XPL_90405230.jpg,pluto,lherzoliteserpentinized,XPL,2x,"Olivine and pyroxene (low interference colors) crystals. Olivine crystals are rimmed by serpentine + magnetite (dark) veins. XPL image, 2x (Field of view = 7mm)",mafico
raw_strekeisen\pluto\lherzoliteserpentinized\lherzoliteserpentinized_PPL_2621523.jpg,pluto,lherzoliteserpentinized,PPL,2x,"Olivine crystals rimmed by serpentine + magnetite (dark) veins. PPL image, 2x (Field of view = 7mm)",mafico
raw_strekeisen\pluto\lherzoliteserpentinized\lherzoliteserpentinized_PPL_25016736.jpg,pluto,lherzoliteserpentinized,PPL,2x,"Olivine and pyroxene (pale brown) crystals. Olivine crystals are rimmed by serpentine + magnetite (dark) veins. PPL image, 2x (Field of view = 7mm)",mafico
raw_strekeisen\pluto\lherzoliteserpentinized\lherzoliteserpentinized_XPL_51708877.jpg,pluto,lherzoliteserpentinized,XPL,2x,"Olivine and pyroxene (low interference colors) crystals. Olivine crystals are rimmed by serpentine + magnetite (dark) veins. XPL image, 2x (Field of view = 7mm)",mafico
raw_strekeisen\pluto\lherzoliteserpentinized\lherzoliteserpentinized_PPL_2469381.jpg,pluto,lherzoliteserpentinized,PPL,2x,"Olivine and pyroxene (pale brown) crystals. Olivine crystals are rimmed by serpentine + magnetite (dark) veins. PPL image, 2x (Field of view = 7mm)",mafico
raw_strekeisen\pluto\lherzoliteserpentinized\lherzoliteserpentinized_XPL_66957361.jpg,pluto,lherzoliteserpentinized,XPL,2x,"Olivine and pyroxene (low interference colors) crystals. Olivine crystals are rimmed by serpentine + magnetite (dark) veins. XPL image, 2x (Field of view = 7mm)",mafico
raw_strekeisen\pluto\lherzoliteserpentinized\lherzoliteserpentinized_PPL_68983915.jpg,pluto,lherzoliteserpentinized,PPL,2x,"Olivine and pyroxene (pale brown) crystals. Olivine crystals are rimmed by serpentine + magnetite (dark) veins. PPL image, 2x (Field of view = 7mm)",mafico
raw_strekeisen\pluto\lherzoliteserpentinized\lherzoliteserpentinized_PPL_38808956.jpg,pluto,lherzoliteserpentinized,PPL,2x,"Olivine and pyroxene (pale brown) crystals. Olivine crystals are rimmed by serpentine + magnetite (dark) veins. PPL image, 2x (Field of view = 7mm)",mafico
raw_strekeisen\pluto\lherzoliteserpentinized\lherzoliteserpentinized_XPL_58609550.jpg,pluto,lherzoliteserpentinized,XPL,2x,"Olivine and pyroxene (low interference colors) crystals. Olivine crystals are rimmed by serpentine + magnetite (dark) veins. XPL image, 2x (Field of view = 7mm)",mafico
raw_strekeisen\pluto\lherzoliteserpentinized\lherzoliteserpentinized_PPL_79914789.jpg,pluto,lherzoliteserpentinized,PPL,2x,"Olivine and pyroxene (pale brown) crystals. Olivine crystals are rimmed by serpentine + magnetite (dark) veins. PPL image, 2x (Field of view = 7mm)",mafico
raw_strekeisen\pluto\lherzoliteserpentinized\lherzoliteserpentinized_PPL_68273298.jpg,pluto,lherzoliteserpentinized,PPL,2x,"Garnet with kelifitic rims (made by fibrous  minerals). PPL image, 2x (Field of view = 7mm)",mafico
raw_strekeisen\pluto\lherzoliteserpentinized\lherzoliteserpentinized_PPL_74240269.jpg,pluto,lherzoliteserpentinized,PPL,2x,"Garnet with kelifitic rims (made by fibrous  minerals). PPL image, 2x (Field of view = 7mm)",mafico
raw_strekeisen\pluto\lherzoliteserpentinized\lherzoliteserpentinized_PPL_85488131.jpg,pluto,lherzoliteserpentinized,PPL,2x,"Garnet with kelifitic rims (made by fibrous  minerals). PPL image, 2x (Field of view = 7mm)",mafico
raw_strekeisen\pluto\lherzoliteserpentinized\lherzoliteserpentinized_XPL_61892933.jpg,pluto,lherzoliteserpentinized,XPL,2x,"Garnet (isotropic) with kelifitic rims (made by fibrous minerals). XPL image, 2x (Field of view = 7mm)",mafico
raw_strekeisen\pluto\lherzoliteserpentinized\lherzoliteserpentinized_XPL_4583011.jpg,pluto,lherzoliteserpentinized,XPL,10x,"Mesh texture: olivine remnant ""islands"" rimmed by serpentine + magnetite veins. XPL image, 10x (Field of view = 2mm)",mafico
raw_strekeisen\pluto\lherzoliteserpentinized\lherzoliteserpentinized_XPL_32237465.jpg,pluto,lherzoliteserpentinized,XPL,10x,"Mesh texture: olivine remnant ""islands"" rimmed by serpentine + magnetite veins. XPL image, 10x (Field of view = 2mm)",mafico
raw_strekeisen\pluto\lherzoliteserpentinized\lherzoliteserpentinized_XPL_50012191.jpg,pluto,lherzoliteserpentinized,XPL,10x,"Mesh texture: olivine remnant ""islands"" rimmed by serpentine + magnetite veins. XPL image, 10x (Field of view = 2mm)",mafico
raw_strekeisen\pluto\lherzoliteserpentinized\lherzoliteserpentinized_XPL_28493467.jpg,pluto,lherzoliteserpentinized,XPL,10x,"Mesh texture: olivine remnant ""islands"" rimmed by serpentine + magnetite veins. XPL image, 10x (Field of view = 2mm)",mafico
raw_strekeisen\pluto\lherzoliteserpentinized\lherzoliteserpentinized_XPL_50403308.jpg,pluto,lherzoliteserpentinized,XPL,10x,"Mesh texture: olivine remnant ""islands"" rimmed by serpentine + magnetite veins. XPL image, 10x (Field of view = 2mm)",mafico
raw_strekeisen\pluto\lherzoliteserpentinized\lherzoliteserpentinized_XPL_1678531.jpg,pluto,lherzoliteserpentinized,XPL,10x,"Mesh texture: olivine remnant ""islands"" rimmed by serpentine + magnetite veins. XPL image, 10x (Field of view = 2mm)",mafico
raw_strekeisen\pluto\troctolite\troctolite_PPL_53040845.jpg,pluto,troctolite,PPL,2x,"Olivine partially altered in serpentine (note the radial fracture due to increases of volume for serpentinization). PPL image , 2x (Field of view = 7mm)",mafico
raw_strekeisen\pluto\troctolite\troctolite_XPL_16511898.jpg,pluto,troctolite,XPL,2x,"Olivine partially altered in serpentine (note the radial fracture due to increases of volume for serpentinization). XPL image , 2x (Field of view = 7mm)",mafico
raw_strekeisen\pluto\troctolite\troctolite_PPL_82730202.jpg,pluto,troctolite,PPL,2x,"Olivine partially altered in serpentine (note the radial fracture due to increases of volume for serpentinization). PPL image , 2x (Field of view = 7mm)",mafico
raw_strekeisen\pluto\troctolite\troctolite_XPL_97127615.jpg,pluto,troctolite,XPL,2x,"Olivine partially altered in serpentine (note the radial fracture due to increases of volume for serpentinization). XPL image , 2x (Field of view = 7mm)",mafico
raw_strekeisen\pluto\troctolite\troctolite_PPL_83146862.jpg,pluto,troctolite,PPL,2x,"Olivine partially altered in serpentine (note the radial fracture due to increases of volume for serpentinization). PPL image , 2x (Field of view = 7mm)",mafico
raw_strekeisen\pluto\troctolite\troctolite_XPL_46038232.jpg,pluto,troctolite,XPL,2x,"Olivine partially altered in serpentine (note the radial fracture due to increases of volume for serpentinization). XPL image , 2x (Field of view = 7mm)",mafico
raw_strekeisen\pluto\troctolite\troctolite_XPL_85093401.jpg,pluto,troctolite,XPL,2x,"Olivine partially altered in serpentine (note the radial fracture due to increases of volume for serpentinization). XPL image , 2x (Field of view = 7mm)",mafico
raw_strekeisen\pluto\troctolite\troctolite_PPL_23072411.jpg,pluto,troctolite,PPL,2x,"Olivine partially altered in serpentine (note the radial fracture due to increases of volume for serpentinization). PPL image , 2x (Field of view = 7mm)",mafico
raw_strekeisen\pluto\troctolite\troctolite_PPL_57177437.jpg,pluto,troctolite,PPL,10x,"Olivine partially altered in serpentine (note the radial fracture due to increases of volume for serpentinization). PPL image , 10x (Field of view = 2mm)",mafico
raw_strekeisen\pluto\troctolite\troctolite_PPL_49276419.jpg,pluto,troctolite,PPL,2x,"Olivine partially altered in serpentine (note the radial fracture due to increases of volume for serpentinization). PPL image , 2x (Field of view = 7mm)",mafico
raw_strekeisen\pluto\troctolite\troctolite_XPL_38090413.jpg,pluto,troctolite,XPL,2x,"Olivine partially altered in serpentine (note the radial fracture due to increases of volume for serpentinization). XPL image , 2x (Field of view = 7mm)",mafico
raw_strekeisen\pluto\troctolite\troctolite_PPL_49627415.jpg,pluto,troctolite,PPL,2x,"Olivine partially altered in serpentine (note the radial fracture due to increases of volume for serpentinization). PPL image , 2x (Field of view = 7mm)",mafico
raw_strekeisen\pluto\troctolite\troctolite_XPL_25006662.jpg,pluto,troctolite,XPL,2x,"Olivine partially altered in serpentine (note the radial fracture due to increases of volume for serpentinization). XPL image , 2x (Field of view = 7mm)",mafico
raw_strekeisen\pluto\troctolite\troctolite_PPL_76033789.jpg,pluto,troctolite,PPL,2x,"Olivine partially altered in serpentine (note the radial fracture due to increases of volume for serpentinization). PPL image , 2x (Field of view = 7mm)",mafico
raw_strekeisen\pluto\troctolite\troctolite_XPL_10905228.jpg,pluto,troctolite,XPL,2x,"Olivine partially altered in serpentine (note the radial fracture due to increases of volume for serpentinization). XPL image , 2x (Field of view = 7mm)",mafico
raw_strekeisen\vulc\olivine\olivine_XPL_78887738.jpg,vulc,olivine,XPL,10x,"Euhedral olivine (100) section, Antarctica. XPL image , 10x (Field of view = 2mm)",mafico
raw_strekeisen\vulc\olivine\olivine_XPL_86932529.jpg,vulc,olivine,XPL,10x,"Euhedral olivine (100) section, Antarctica. XPL image , 10x (Field of view = 2mm)",mafico
raw_strekeisen\vulc\olivine\olivine_XPL_51908510.jpg,vulc,olivine,XPL,10x,"Euhedral olivine (100) section, Antarctica. XPL image , 10x (Field of view = 2mm)",mafico
raw_strekeisen\vulc\olivine\olivine_PPL_75133493.jpg,vulc,olivine,PPL,2x,"Euhedral olivine (100) section, Alicudi (aeolian islands). PPL image , 2x (Field of view = 7mm)",mafico
raw_strekeisen\vulc\olivine\olivine_XPL_33913414.jpg,vulc,olivine,XPL,2x,"Euhedral olivine (100) section, Alicudi (aeolian islands). XPL image , 2x (Field of view = 7mm)",mafico
raw_strekeisen\vulc\olivine\olivine_XPL_78200645.jpg,vulc,olivine,XPL,2x,"Euhedral olivine (100) section, Alicudi (aeolian islands). XPL image , 2x (Field of view = 7mm)",mafico
raw_strekeisen\vulc\olivine\olivine_XPL_71576618.jpg,vulc,olivine,XPL,10x,"Olivine crystal in a basalt from Etna (Sicily). XPL image , 10x (Field of view = 2mm)",mafico
raw_strekeisen\vulc\olivine\olivine_XPL_60926080.jpg,vulc,olivine,XPL,10x,"Olivine crystal in a basalt from Etna (Sicily). XPL image , 10x (Field of view = 2mm)",mafico
raw_strekeisen\vulc\olivine\olivine_XPL_79538667.jpg,vulc,olivine,XPL,10x,"Olivine crystal in a basalt from Etna (Sicily). XPL image , 10x (Field of view = 2mm)",mafico
raw_strekeisen\vulc\olivine\olivine_XPL_29374347.jpg,vulc,olivine,XPL,2x,"Olivine crystal in a basalt from Etna (Sicily). XPL image , 2x (Field of view = 7mm)",mafico
raw_strekeisen\vulc\olivine\olivine_PPL_55430192.jpg,vulc,olivine,PPL,10x,"Olivine crystal in a basalt from Etna (Sicily). PPL image , 10x (Field of view = 2mm)",mafico
raw_strekeisen\vulc\olivine\olivine_XPL_2631422.jpg,vulc,olivine,XPL,10x,"Olivine crystal in a basalt from Etna (Sicily). XPL image , 10x (Field of view = 2mm)",mafico
raw_strekeisen\vulc\olivine\olivine_PPL_51802377.jpg,vulc,olivine,PPL,10x,"Euhedral Olivine (100) section, Alicudi (aeolian islands). PPL image , 10x (Field of view = 2mm)",mafico
raw_strekeisen\vulc\olivine\olivine_PPL_21369694.jpg,vulc,olivine,PPL,10x,"Euhedral Olivine (100) section, Alicudi (aeolian islands). PPL image , 10x (Field of view = 2mm)",mafico
raw_strekeisen\vulc\olivine\olivine_PPL_57552160.jpg,vulc,olivine,PPL,2x,"Olivine crystals. PPL image , 2x (Field of view = 7mm)",mafico
raw_strekeisen\vulc\olivine\olivine_XPL_93203155.jpg,vulc,olivine,XPL,2x,"Olivine crystals. XPL image , 2x (Field of view = 7mm)",mafico
raw_strekeisen\vulc\olivine\olivine_PPL_10227197.jpg,vulc,olivine,PPL,2x,"Olivine crystals. PPL image , 2x (Field of view = 7mm)",mafico
raw_strekeisen\vulc\olivine\olivine_PPL_25969434.jpg,vulc,olivine,PPL,10x,"Euhedral Olivine (100) section. PPL image , 10x (Field of view = 2mm)",mafico
raw_strekeisen\vulc\olivine\olivine_PPL_96042587.jpg,vulc,olivine,PPL,10x,"Euhedral Olivine (100) section. PPL image , 10x (Field of view = 2mm)",mafico
raw_strekeisen\vulc\olivine\olivine_XPL_83432217.jpg,vulc,olivine,XPL,2x,"Olivine crystals. XPL image , 2x (Field of view = 7mm)",mafico
raw_strekeisen\vulc\olivine\olivine_PPL_91565760.jpg,vulc,olivine,PPL,2x,"Olivine crystals. PPL image , 2x (Field of view = 7mm)",mafico
raw_strekeisen\vulc\olivine\olivine_PPL_74790789.jpg,vulc,olivine,PPL,10x,"Olivine alterd by bowlingite. PPL image , 10x (Field of view = 2mm)",mafico
raw_strekeisen\vulc\olivine\olivine_XPL_67644804.jpg,vulc,olivine,XPL,10x,"Olivine alterd by bowlingite. XPL image , 10x (Field of view = 2mm)",mafico
raw_strekeisen\vulc\olivine\olivine_PPL_16884024.jpg,vulc,olivine,PPL,10x,"Euhedral Olivine (001) section. PPL image , 10x (Field of view = 2mm)",mafico
raw_strekeisen\vulc\olivine\olivine_PPL_11042519.jpg,vulc,olivine,PPL,10x,"Euhedral Olivine (001) section. PPL image , 10x (Field of view = 2mm)",mafico
raw_strekeisen\vulc\olivine\olivine_XPL_83445423.jpg,vulc,olivine,XPL,10x,"Olivine crystal. XPL image , 10x (Field of view = 2mm)",mafico
raw_strekeisen\vulc\olivine\olivine_XPL_35877264.jpg,vulc,olivine,XPL,2x,"Olivine crystals in a basalt from Auerbach (Germany). XPL image , 2x (Field of view = 7mm)",mafico
raw_strekeisen\vulc\olivine\olivine_XPL_90685448.jpg,vulc,olivine,XPL,2x,"Olivine crystals in a basalt from Auerbach (Germany). XPL image , 2x (Field of view = 7mm)",mafico
raw_strekeisen\vulc\olivine\olivine_XPL_51349763.jpg,vulc,olivine,XPL,2x,"Olivine crystals in a basalt from Auerbach (Germany). XPL image , 2x (Field of view = 7mm)",mafico
raw_strekeisen\vulc\olivine\olivine_XPL_58741581.jpg,vulc,olivine,XPL,2x,"Olivine crystals in a basalt from Auerbach (Germany). XPL image , 2x (Field of view = 7mm)",mafico
raw_strekeisen\vulc\olivine\olivine_XPL_91024866.jpg,vulc,olivine,XPL,2x,"Rounded olivine crystals and chromite crystals set in a groundmass composed by calcite. Kimberlite from Bloemfontein (S.Africa). XPL image, 2x (Field of view = 7mm)",mafico
raw_strekeisen\vulc\olivine\olivine_XPL_49815182.jpg,vulc,olivine,XPL,2x,"Rounded olivine crystals and chromite crystals set in a groundmass composed by calcite. Kimberlite from Bloemfontein (S.Africa). XPL image, 2x (Field of view = 7mm)",mafico
raw_strekeisen\vulc\olivine\olivine_XPL_11981139.jpg,vulc,olivine,XPL,2x,"Rounded olivine crystals and chromite crystals set in a groundmass composed by calcite. Kimberlite from Bloemfontein (S.Africa). XPL image, 2x (Field of view = 7mm)",mafico
raw_strekeisen\vulc\olivine\olivine_XPL_5395169.jpg,vulc,olivine,XPL,2x,"Rounded olivine crystals and chromite crystals set in a groundmass composed by calcite. Kimberlite from Bloemfontein (S.Africa). XPL image, 2x (Field of view = 7mm)",mafico
raw_strekeisen\vulc\olivine\olivine_XPL_9294251.jpg,vulc,olivine,XPL,2x,"Rounded olivine crystals and chromite crystals set in a groundmass composed by calcite. Kimberlite from Bloemfontein (S.Africa). XPL image, 2x (Field of view = 7mm)",mafico
raw_strekeisen\vulc\olivine\olivine_XPL_34792830.jpg,vulc,olivine,XPL,2x,"Rounded olivine crystals and chromite crystals set in a groundmass composed by calcite. Kimberlite from Bloemfontein (S.Africa). XPL image, 2x (Field of view = 7mm)",mafico
raw_strekeisen\vulc\clinopyroxene\clinopyroxene_PPL_53554254.jpg,vulc,clinopyroxene,PPL,2x,"Aegirine crystal in a pantelleritic ignimbrite. Pantelleria island, Italy. PPL image , 2x (Field of view = 7mm)",mafico
raw_strekeisen\vulc\clinopyroxene\clinopyroxene_PPL_82733010.jpg,vulc,clinopyroxene,PPL,2x,"Aegirine crystal in a pantelleritic ignimbrite. Pantelleria island, Italy. PPL image , 2x (Field of view = 7mm)",mafico
raw_strekeisen\vulc\clinopyroxene\clinopyroxene_PPL_63881689.jpg,vulc,clinopyroxene,PPL,2x,"Aegirine crystal in a pantelleritic ignimbrite. Pantelleria island, Italy. PPL image , 2x (Field of view = 7mm)",mafico
raw_strekeisen\vulc\clinopyroxene\clinopyroxene_PPL_57913341.jpg,vulc,clinopyroxene,PPL,2x,"Augite crystal in a foidite, Cape Verde island. PPL image, 2x (Field of view = 7mm)",mafico
raw_strekeisen\vulc\clinopyroxene\clinopyroxene_PPL_88761975.jpg,vulc,clinopyroxene,PPL,2x,"Augite crystal in a foidite, Cape Verde island. PPL image, 2x (Field of view = 7mm)",mafico
raw_strekeisen\vulc\clinopyroxene\clinopyroxene_PPL_29874640.jpg,vulc,clinopyroxene,PPL,2x,"Twinnedd augite crystal in a foidite, Cape Verde island. PPL image, 2x (Field of view = 7mm)",mafico
raw_strekeisen\vulc\clinopyroxene\clinopyroxene_PPL_91919052.jpg,vulc,clinopyroxene,PPL,2x,"Augite crystal in a foidite, Cape Verde island. PPL image, 2x (Field of view = 7mm)",mafico
raw_strekeisen\vulc\clinopyroxene\clinopyroxene_PPL_18126337.jpg,vulc,clinopyroxene,PPL,2x,"Augite crystals in a foidite, Cape Verde island. PPL image, 2x (Field of view = 7mm)",mafico
raw_strekeisen\vulc\clinopyroxene\clinopyroxene_XPL_96956055.jpg,vulc,clinopyroxene,XPL,2x,"Augite and nepheline (grey) crystals  in a foidite, Cape Verde island. XPL image, 2x (Field of view = 7mm)",mafico
raw_strekeisen\vulc\clinopyroxene\clinopyroxene_XPL_95124502.jpg,vulc,clinopyroxene,XPL,2x,"Augite and nepheline (grey) crystals  in a foidite, Cape Verde island. XPL image, 2x (Field of view = 7mm)",mafico
raw_strekeisen\vulc\clinopyroxene\clinopyroxene_XPL_58011873.jpg,vulc,clinopyroxene,XPL,2x,"Augite and nepheline (grey) crystals  in a foidite, Cape Verde island. XPL image, 2x (Field of view = 7mm)",mafico
raw_strekeisen\vulc\clinopyroxene\clinopyroxene_XPL_76972832.jpg,vulc,clinopyroxene,XPL,2x,"Pyroxene in basal section, Vulcano island, Italy. XPL image, 2x (Field of view = 7mm)",mafico
raw_strekeisen\vulc\clinopyroxene\clinopyroxene_XPL_74099922.jpg,vulc,clinopyroxene,XPL,10x,"Pyroxene in basal section, Vulcano island, Italy. XPL image, 10x (Field of view = 2mm)",mafico
raw_strekeisen\vulc\clinopyroxene\clinopyroxene_XPL_9348356.jpg,vulc,clinopyroxene,XPL,10x,"Pyroxene in basal section, Stromboli island, Italy. XPL image, 10x (Field of view = 2mm)",mafico
raw_strekeisen\vulc\clinopyroxene\clinopyroxene_PPL_44807290.jpg,vulc,clinopyroxene,PPL,10x,"Pyroxene in basal section, Vulture volcano, Italy. PPL image, 10x (Field of view = 2mm)",mafico
raw_strekeisen\vulc\clinopyroxene\clinopyroxene_PPL_79973288.jpg,vulc,clinopyroxene,PPL,10x,"Augite in a tephrite, Rhine graben, Germany. PPL image, 10x (Field of view = 2mm)",mafico
raw_strekeisen\vulc\clinopyroxene\clinopyroxene_XPL_90497743.jpg,vulc,clinopyroxene,XPL,10x,"Twinned ugite in a tephrite, Rhine graben, Germany. XPL image, 10x (Field of view = 2mm)",mafico
raw_strekeisen\vulc\clinopyroxene\clinopyroxene_PPL_46910994.jpg,vulc,clinopyroxene,PPL,10x,"Augite and leucite (colorless) crystals in a tephrite, Rhine graben, Germany. PPL image, 10x (Field of view = 2mm)",mafico
raw_strekeisen\vulc\clinopyroxene\clinopyroxene_XPL_50635022.jpg,vulc,clinopyroxene,XPL,10x,"Twinned augite and leucite (isotropic) crystals in a tephrite, Rhine graben, Germany. XPL image, 10x (Field of view = 2mm)",mafico
raw_strekeisen\vulc\clinopyroxene\clinopyroxene_PPL_71703699.jpg,vulc,clinopyroxene,PPL,10x,"Pyroxene in basal section, and colorless laucite crystals in a basanite. Latium, Italy. PPL image, 10x (Field of view = 2mm)",mafico
raw_strekeisen\vulc\clinopyroxene\clinopyroxene_XPL_21468650.jpg,vulc,clinopyroxene,XPL,10x,"Pyroxene in basal section, and isotropic laucite crystals in a basanite. Latium, Italy. XPL image, 10x (Field of view = 2mm)",mafico
raw_strekeisen\vulc\clinopyroxene\clinopyroxene_XPL_79946829.jpg,vulc,clinopyroxene,XPL,10x,"Twinned pyroxene crystal in a tephrite from Latium, Italy. XPL image, 10x (Field of view = 2mm)",mafico
raw_strekeisen\vulc\clinopyroxene\clinopyroxene_PPL_14697990.jpg,vulc,clinopyroxene,PPL,10x,"Hourglass zoning in a pyroxene. Tephrite from Latium, Italy. PPL image, 10x (Field of view = 2mm)",mafico
raw_strekeisen\vulc\clinopyroxene\clinopyroxene_XPL_76940782.jpg,vulc,clinopyroxene,XPL,10x,"Hourglass zoning in a pyroxene. Tephrite from Latium, Italy. XPL image, 10x (Field of view = 2mm)",mafico
raw_strekeisen\vulc\clinopyroxene\clinopyroxene_PPL_23991881.jpg,vulc,clinopyroxene,PPL,2x,"Diopside crystals in a volcanic rock from Amiata volcano (Italy). PPL image , 2x (Field of view = 7mm)",mafico
raw_strekeisen\vulc\clinopyroxene\clinopyroxene_PPL_11012279.jpg,vulc,clinopyroxene,PPL,2x,"Diopside crystals in a volcanic rock from Amiata volcano (Italy). PPL image , 2x (Field of view = 7mm)",mafico
raw_strekeisen\vulc\clinopyroxene\clinopyroxene_PPL_83362637.jpg,vulc,clinopyroxene,PPL,2x,"Diopside crystals in a volcanic rock from Amiata volcano (Italy). PPL image , 2x (Field of view = 7mm)",mafico
raw_strekeisen\vulc\clinopyroxene\clinopyroxene_PPL_69032810.jpg,vulc,clinopyroxene,PPL,2x,"Diopside crystals in a volcanic rock from Amiata volcano (Italy). PPL image , 2x (Field of view = 7mm)",mafico
raw_strekeisen\vulc\clinopyroxene\clinopyroxene_XPL_78150333.jpg,vulc,clinopyroxene,XPL,2x,"Diopside crystals in a volcanic rock from Amiata volcano (Italy). XPL image , 2x (Field of view = 7mm)",mafico
raw_strekeisen\vulc\clinopyroxene\clinopyroxene_XPL_78696110.jpg,vulc,clinopyroxene,XPL,2x,"Diopside crystals in a volcanic rock from Amiata volcano (Italy). XPL image , 2x (Field of view = 7mm)",mafico
raw_strekeisen\vulc\ankaramite\ankaramite_PPL_85343959.jpg,vulc,ankaramite,PPL,10x,"Pyroxene and leucite crystals set in a fine-grained groundmass. Ankaramite from Fuerta ventura. PPL image, 10x (Field of view = 2mm)",mafico
raw_strekeisen\vulc\ankaramite\ankaramite_XPL_73659858.jpg,vulc,ankaramite,XPL,10x,"Pyroxene and leucite crystals set in a fine-grained groundmass. Ankaramite from Fuerta ventura. XPL image, 10x (Field of view = 2mm)",mafico
raw_strekeisen\vulc\ankaramite\ankaramite_PPL_94243309.jpg,vulc,ankaramite,PPL,10x,"Pyroxene and leucite crystals set in a fine-grained groundmass. Ankaramite from Fuerta ventura. PPL image, 10x (Field of view = 2mm)",mafico
raw_strekeisen\vulc\ankaramite\ankaramite_XPL_98800901.jpg,vulc,ankaramite,XPL,10x,"Pyroxene and leucite crystals set in a fine-grained groundmass. Ankaramite from Fuerta ventura. XPL image, 10x (Field of view = 2mm)",mafico
raw_strekeisen\vulc\ankaramite\ankaramite_PPL_89904735.jpg,vulc,ankaramite,PPL,10x,"Pyroxene and leucite crystals set in a fine-grained groundmass. Ankaramite from Fuerta ventura. PPL image, 10x (Field of view = 2mm)",mafico
raw_strekeisen\vulc\ankaramite\ankaramite_PPL_23856021.jpg,vulc,ankaramite,PPL,10x,"Pyroxene and leucite crystals set in a fine-grained groundmass. Ankaramite from Fuerta ventura. PPL image, 10x (Field of view = 2mm)",mafico
raw_strekeisen\vulc\ankaramite\ankaramite_PPL_73955353.jpg,vulc,ankaramite,PPL,10x,"Pyroxene and leucite crystals set in a fine-grained groundmass. Ankaramite from Fuerta ventura. PPL image, 10x (Field of view = 2mm)",mafico
raw_strekeisen\vulc\ankaramite\ankaramite_PPL_26945133.jpg,vulc,ankaramite,PPL,10x,"Pyroxene, leucite and altered olivine crystals set in a fine-grained groundmass. Ankaramite from Fuerta ventura. PPL image, 10x (Field of view = 2mm)",mafico
raw_strekeisen\vulc\ankaramite\ankaramite_XPL_83288165.jpg,vulc,ankaramite,XPL,10x,"Pyroxene, leucite and altered olivine crystals set in a fine-grained groundmass. Ankaramite from Fuerta ventura. XPL image, 10x (Field of view = 2mm)",mafico
raw_strekeisen\vulc\ankaramite\ankaramite_PPL_30904117.jpg,vulc,ankaramite,PPL,10x,"Pyroxene and leucite crystals set in a fine-grained groundmass. Ankaramite from Fuerta ventura. PPL image, 10x (Field of view = 2mm)",mafico
raw_strekeisen\vulc\ankaramite\ankaramite_XPL_63959070.jpg,vulc,ankaramite,XPL,10x,"Pyroxene and leucite crystals set in a fine-grained groundmass. Ankaramite from Fuerta ventura. XPL image, 10x (Field of view = 2mm)",mafico
raw_strekeisen\vulc\ankaramite\ankaramite_XPL_40432519.jpg,vulc,ankaramite,XPL,10x,"Pyroxene and leucite crystals set in a fine-grained groundmass. Ankaramite from Fuerta ventura. XPL image, 10x (Field of view = 2mm)",mafico
raw_strekeisen\vulc\ankaramite\ankaramite_XPL_79254720.jpg,vulc,ankaramite,XPL,10x,"Pyroxene and leucite crystals set in a fine-grained groundmass. Ankaramite from Fuerta ventura. XPL image, 10x (Field of view = 2mm)",mafico
raw_strekeisen\vulc\ankaramite\ankaramite_PPL_83898018.jpg,vulc,ankaramite,PPL,10x,"Pyroxene and leucite crystals set in a fine-grained groundmass. Ankaramite from Fuerta ventura. PPL image, 10x (Field of view = 2mm)",mafico
raw_strekeisen\vulc\ankaramite\ankaramite_PPL_87147944.jpg,vulc,ankaramite,PPL,10x,"Pyroxene and leucite crystals set in a fine-grained groundmass. Ankaramite from Fuerta ventura. PPL image, 10x (Field of view = 2mm)",mafico
raw_strekeisen\vulc\ankaramite\ankaramite_PPL_12532094.jpg,vulc,ankaramite,PPL,10x,"Pyroxene, leucite and altered olivine crystals set in a fine-grained groundmass. Ankaramite from Fuerta ventura. PPL image, 10x (Field of view = 2mm)",mafico
raw_strekeisen\vulc\ankaramite\ankaramite_PPL_68518921.jpg,vulc,ankaramite,PPL,10x,"Pyroxene, leucite and altered olivine crystals set in a fine-grained groundmass. Ankaramite from Fuerta ventura. PPL image, 10x (Field of view = 2mm)",mafico
raw_strekeisen\vulc\ankaramite\ankaramite_PPL_80844163.jpg,vulc,ankaramite,PPL,10x,"Pyroxene, leucite and altered olivine crystals set in a fine-grained groundmass. Ankaramite from Fuerta ventura. PPL image, 10x (Field of view = 2mm)",mafico
raw_strekeisen\vulc\basalt\basalt_PPL_50158827.jpg,vulc,basalt,PPL,2x,"Plagioclase (colorless) and olivine (high relief) crystals within a fine-grained groundmass. PPL image, 2x (Field of view = 7mm)",mafico
raw_strekeisen\vulc\basalt\basalt_XPL_42673961.jpg,vulc,basalt,XPL,2x,"Plagioclase (I order gray) and olivine (high interference colors) crystals within a fine-grained groundmass. XPL image, 2x (Field of view = 7mm)",mafico
raw_strekeisen\vulc\basalt\basalt_PPL_87360670.jpg,vulc,basalt,PPL,2x,"Plagioclase (colorless) crystals within a fine-grained groundmass. PPL image, 2x (Field of view = 7mm)",mafico
raw_strekeisen\vulc\basalt\basalt_XPL_51200295.jpg,vulc,basalt,XPL,2x,"Plagioclase (I order gray) crystals within a fine-grained groundmass. XPL image, 2x (Field of view = 7mm)",mafico
raw_strekeisen\vulc\basalt\basalt_XPL_38786866.jpg,vulc,basalt,XPL,2x,"Plagioclase (I order gray) crystals within a fine-grained groundmass. XPL image, 2x (Field of view = 7mm)",mafico
raw_strekeisen\vulc\basalt\basalt_PPL_70325839.jpg,vulc,basalt,PPL,2x,"Plagioclase (colorless) crystals within a fine-grained groundmass. PPL image, 2x (Field of view = 7mm)",mafico
raw_strekeisen\vulc\basalt\basalt_XPL_39879517.jpg,vulc,basalt,XPL,2x,"Plagioclase (I order gray) crystals within a fine-grained groundmass. XPL image, 2x (Field of view = 7mm)",mafico
raw_strekeisen\vulc\basalt\basalt_XPL_61877381.jpg,vulc,basalt,XPL,2x,"Plagioclase (I order gray) crystals within a fine-grained groundmass. XPL image, 2x (Field of view = 7mm)",mafico
raw_strekeisen\vulc\basalt\basalt_PPL_33094013.jpg,vulc,basalt,PPL,10x,"Plagioclase (colorless) and olivine (high relief) crystals within a fine-grained groundmass. PPL image, 10x (Field of view = 2mm)",mafico
raw_strekeisen\vulc\basalt\basalt_XPL_57252806.jpg,vulc,basalt,XPL,10x,"Plagioclase (I order gray) and olivine (high interference colors) crystals within a fine-grained groundmass. XPL image, 10x (Field of view = 2mm)",mafico
raw_strekeisen\vulc\basalt\basalt_PPL_83588307.jpg,vulc,basalt,PPL,10x,"Plagioclase (colorless) and olivine (high relief) crystals within a fine-grained groundmass. PPL image, 10x (Field of view = 2mm)",mafico
raw_strekeisen\vulc\basalt\basalt_XPL_25332571.jpg,vulc,basalt,XPL,10x,"Plagioclase (I order gray) and olivine (high interference colors) crystals within a fine-grained groundmass. XPL image, 10x (Field of view = 2mm)",mafico
raw_strekeisen\vulc\basalt\basalt_XPL_99992535.jpg,vulc,basalt,XPL,10x,"Plagioclase (I order gray) and olivine (high interference colors) crystals within a fine-grained groundmass. XPL image, 10x (Field of view = 2mm)",mafico
raw_strekeisen\vulc\basalt\basalt_XPL_33456651.jpg,vulc,basalt,XPL,10x,"Plagioclase (I order gray) and olivine (high interference colors) crystals within a fine-grained groundmass. XPL image, 10x (Field of view = 2mm)",mafico
raw_strekeisen\vulc\basalt\basalt_XPL_83351711.jpg,vulc,basalt,XPL,10x,"Plagioclase (I order gray) and olivine (high interference colors) crystals within a fine-grained groundmass. XPL image, 10x (Field of view = 2mm)",mafico
raw_strekeisen\vulc\basalt\basalt_PPL_85079229.jpg,vulc,basalt,PPL,2x,"Vesiculated basalt, Antarctica. PPL image, 2x (Field of view = 7mm)",mafico
raw_strekeisen\vulc\basalt\basalt_PPL_25004309.jpg,vulc,basalt,PPL,2x,"Vesiculated basalt, Antarctica. PPL image, 2x (Field of view = 7mm)",mafico
raw_strekeisen\vulc\basalt\basalt_PPL_60522352.jpg,vulc,basalt,PPL,2x,"Vesiculated basalt, Antarctica. PPL image, 2x (Field of view = 7mm)",mafico
raw_strekeisen\vulc\basalt\basalt_PPL_9531017.jpg,vulc,basalt,PPL,2x,"Vesiculated basalt, Antarctica. PPL image, 2x (Field of view = 7mm)",mafico
raw_strekeisen\vulc\basalt\basalt_PPL_50537689.jpg,vulc,basalt,PPL,2x,"Vesiculated basalt, Antarctica. PPL image, 2x (Field of view = 7mm)",mafico
raw_strekeisen\vulc\basalt\basalt_PPL_7598153.jpg,vulc,basalt,PPL,2x,"Vesiculated basalt, Antarctica. PPL image, 2x (Field of view = 7mm)",mafico
raw_strekeisen\vulc\basalt\basalt_PPL_21164680.jpg,vulc,basalt,PPL,2x,"Olivine and Plagioclase crystals. PPL image, 2x (Field of view = 7mm)",mafico
raw_strekeisen\vulc\basalt\basalt_XPL_33787994.jpg,vulc,basalt,XPL,2x,"Olivine, clinopyroxene and Plagioclase crystals. XPL image, 2x (Field of view = 7mm)",mafico
raw_strekeisen\vulc\basalt\basalt_XPL_28217169.jpg,vulc,basalt,XPL,2x,"Olivine, clinopyroxene and Plagioclase crystals. XPL image, 2x (Field of view = 7mm)",mafico
raw_strekeisen\vulc\basalt\basalt_PPL_8541326.jpg,vulc,basalt,PPL,2x,"Olivine and Plagioclase crystals. PPL image, 2x (Field of view = 7mm)",mafico
raw_strekeisen\vulc\basalt\basalt_XPL_34671908.jpg,vulc,basalt,XPL,2x,"Olivine, clinopyroxene and Plagioclase crystals. XPL image, 2x (Field of view = 7mm)",mafico
raw_strekeisen\vulc\basalt\basalt_XPL_29026118.jpg,vulc,basalt,XPL,2x,"Twinned clinopyroxene. XPL image, 2x (Field of view = 7mm)",mafico
raw_strekeisen\vulc\basalt\basalt_XPL_6092318.jpg,vulc,basalt,XPL,2x,"Olivine, clinopyroxene and Plagioclase crystals. XPL image, 2x (Field of view = 7mm)",mafico
raw_strekeisen\vulc\basalt\basalt_XPL_85420019.jpg,vulc,basalt,XPL,2x,"Olivine, clinopyroxene and Plagioclase crystals. XPL image, 2x (Field of view = 7mm)",mafico
raw_strekeisen\vulc\basalt\basalt_XPL_30312449.jpg,vulc,basalt,XPL,2x,"Olivine, clinopyroxene and Plagioclase crystals. XPL image, 2x (Field of view = 7mm)",mafico
raw_strekeisen\vulc\basalt\basalt_PPL_51252204.jpg,vulc,basalt,PPL,2x,"Olivine, altered by Iddingsite, clinopyroxene and Plagioclase crystals. PPL image, 2x (Field of view = 7mm)",mafico
raw_strekeisen\vulc\basalt\basalt_PPL_29599143.jpg,vulc,basalt,PPL,2x,"Olivine, altered by Iddingsite, clinopyroxene and Plagioclase crystals. PPL image, 2x (Field of view = 7mm)",mafico
raw_strekeisen\vulc\basalt\basalt_XPL_80257821.jpg,vulc,basalt,XPL,2x,"Olivine, altered by Iddingsite, clinopyroxene and Plagioclase crystals. XPL image, 2x (Field of view = 7mm)",mafico
raw_strekeisen\vulc\basalt\basalt_PPL_50691340.jpg,vulc,basalt,PPL,2x,"Olivine, altered by Iddingsite, clinopyroxene and Plagioclase crystals. PPL image, 2x (Field of view = 7mm)",mafico
raw_strekeisen\vulc\basalt\basalt_PPL_30584615.jpg,vulc,basalt,PPL,2x,"Olivine, altered by Iddingsite and Plagioclase crystals. PPL image, 2x (Field of view = 7mm)",mafico
raw_strekeisen\vulc\basalt\basalt_XPL_22793001.jpg,vulc,basalt,XPL,2x,"Olivine, altered by Iddingsite and Plagioclase crystals. XPL image, 2x (Field of view = 7mm)",mafico
raw_strekeisen\vulc\basalt\basalt_PPL_70445619.jpg,vulc,basalt,PPL,2x,"Olivine, altered by Iddingsite, clinopyroxene and Plagioclase crystals. PPL image, 2x (Field of view = 7mm)",mafico
raw_strekeisen\vulc\basalt\basalt_PPL_8637666.jpg,vulc,basalt,PPL,2x,"Olivine, altered by Iddingsite, clinopyroxene and Plagioclase crystals. PPL image, 2x (Field of view = 7mm)",mafico
raw_strekeisen\vulc\basalt\basalt_PPL_70875034.jpg,vulc,basalt,PPL,2x,"Olivine, altered by Iddingsite, clinopyroxene and Plagioclase crystals. PPL image, 2x (Field of view = 7mm)",mafico
raw_strekeisen\vulc\basalt\basalt_PPL_71849964.jpg,vulc,basalt,PPL,2x,"Olivine, altered by Iddingsite, clinopyroxene and Plagioclase crystals. PPL image, 2x (Field of view = 7mm)",mafico
raw_strekeisen\vulc\basalt\basalt_PPL_78098814.jpg,vulc,basalt,PPL,2x,"Olivine, altered by Iddingsite, clinopyroxene and Plagioclase crystals. PPL image, 2x (Field of view = 7mm)",mafico
raw_strekeisen\vulc\basalt\basalt_PPL_84187580.jpg,vulc,basalt,PPL,2x,"Olivine, altered by Iddingsite, clinopyroxene and Plagioclase crystals. PPL image, 2x (Field of view = 7mm)",mafico
raw_strekeisen\vulc\basalt\basalt_PPL_15956611.jpg,vulc,basalt,PPL,2x,"Olivine, altered by Iddingsite, clinopyroxene and Plagioclase crystals. PPL image, 2x (Field of view = 7mm)",mafico
raw_strekeisen\vulc\basalt\basalt_PPL_1888715.jpg,vulc,basalt,PPL,2x,"Olivine, altered by Iddingsite, clinopyroxene and Plagioclase crystals. PPL image, 2x (Field of view = 7mm)",mafico
raw_strekeisen\vulc\basalt\basalt_PPL_34672012.jpg,vulc,basalt,PPL,2x,"Olivine, altered by Iddingsite, clinopyroxene and Plagioclase crystals. PPL image, 2x (Field of view = 7mm)",mafico
raw_strekeisen\vulc\basalt\basalt_XPL_63379528.jpg,vulc,basalt,XPL,2x,"Olivine clinopyroxene and Plagioclase crystals. XPL image, 2x (Field of view = 7mm)",mafico
raw_strekeisen\vulc\basalt\basalt_XPL_33608453.jpg,vulc,basalt,XPL,2x,"Olivine clinopyroxene and Plagioclase crystals. XPL image, 2x (Field of view = 7mm)",mafico
raw_strekeisen\pluto\cumberlandite\cumberlandite_PPL_59999672.jpg,pluto,cumberlandite,PPL,2x,"Olivine (brown) and magnetite-ilmenite crystals. Cumberland, Rhode Island, USA. PPL image, 2x (Field of view = 7mm)",mafico
raw_strekeisen\pluto\cumberlandite\cumberlandite_PPL_54957001.jpg,pluto,cumberlandite,PPL,2x,"Olivine (brown) and magnetite-ilmenite crystals. Cumberland, Rhode Island, USA. PPL image, 2x (Field of view = 7mm)",mafico
raw_strekeisen\pluto\cumberlandite\cumberlandite_PPL_78601860.jpg,pluto,cumberlandite,PPL,2x,"Altered plagioclase crystal. Cumberland, Rhode Island, USA. PPL image, 2x (Field of view = 7mm)",mafico
raw_strekeisen\pluto\cumberlandite\cumberlandite_XPL_37134240.jpg,pluto,cumberlandite,XPL,2x,"Altered plagioclase crystal. Cumberland, Rhode Island, USA. XPL image, 2x (Field of view = 7mm)",mafico
raw_strekeisen\pluto\cumberlandite\cumberlandite_PPL_19066148.jpg,pluto,cumberlandite,PPL,2x,"Altered plagioclase crystal. Cumberland, Rhode Island, USA. PPL image, 2x (Field of view = 7mm)",mafico
raw_strekeisen\pluto\cumberlandite\cumberlandite_XPL_31655890.jpg,pluto,cumberlandite,XPL,2x,"Altered plagioclase crystal. Cumberland, Rhode Island, USA. XPL image, 2x (Field of view = 7mm)",mafico
raw_strekeisen\pluto\cumberlandite\cumberlandite_PPL_99023431.jpg,pluto,cumberlandite,PPL,2x,"Olivine (brown) and magnetite-ilmenite crystals. Cumberland, Rhode Island, USA. PPL image, 2x (Field of view = 7mm)",mafico
raw_strekeisen\pluto\cumberlandite\cumberlandite_PPL_62876636.jpg,pluto,cumberlandite,PPL,2x,"Olivine (brown) and magnetite-ilmenite crystals. Cumberland, Rhode Island, USA. PPL image, 2x (Field of view = 7mm)",mafico
raw_strekeisen\pluto\cumberlandite\cumberlandite_XPL_58745941.jpg,pluto,cumberlandite,XPL,2x,"Olivine (brown) and magnetite-ilmenite crystals. Cumberland, Rhode Island, USA. XPL image, 2x (Field of view = 7mm)",mafico
raw_strekeisen\pluto\cumberlandite\cumberlandite_PPL_1017673.jpg,pluto,cumberlandite,PPL,2x,"Olivine (brown) and magnetite-ilmenite crystals. Cumberland, Rhode Island, USA. PPL image, 2x (Field of view = 7mm)",mafico
raw_strekeisen\pluto\cumberlandite\cumberlandite_PPL_30565849.jpg,pluto,cumberlandite,PPL,2x,"Olivine (brown) and magnetite-ilmenite crystals. Cumberland, Rhode Island, USA. PPL image, 2x (Field of view = 7mm)",mafico
raw_strekeisen\pluto\cumberlandite\cumberlandite_XPL_59449359.jpg,pluto,cumberlandite,XPL,2x,"Olivine (brown) and magnetite-ilmenite crystals. Cumberland, Rhode Island, USA. XPL image, 2x (Field of view = 7mm)",mafico
raw_strekeisen\pluto\cumberlandite\cumberlandite_PPL_14967277.jpg,pluto,cumberlandite,PPL,2x,"Olivine (brown) and magnetite-ilmenite crystals. Cumberland, Rhode Island, USA. PPL image, 2x (Field of view = 7mm)",mafico
raw_strekeisen\pluto\cumberlandite\cumberlandite_PPL_4462484.jpg,pluto,cumberlandite,PPL,2x,"Olivine (brown) and magnetite-ilmenite crystals. Cumberland, Rhode Island, USA. PPL image, 2x (Field of view = 7mm)",mafico
raw_strekeisen\pluto\orthocumulates\orthocumulates_XPL_78129874.jpg,pluto,orthocumulates,XPL,2x,Plagioclase crystals with interstitial hornblende in a orthocumulates from Sardinia (Italy). XPL image. 2x (Field of view = 7mm),mafico
raw_strekeisen\pluto\orthocumulates\orthocumulates_XPL_65154060.jpg,pluto,orthocumulates,XPL,2x,Plagioclase crystals with interstitial hornblende in a orthocumulates from Sardinia (Italy). XPL image. 2x (Field of view = 7mm),mafico
raw_strekeisen\pluto\orthocumulates\orthocumulates_XPL_20127537.jpg,pluto,orthocumulates,XPL,2x,Plagioclase crystals with interstitial hornblende in a orthocumulates from Sardinia (Italy). XPL image. 2x (Field of view = 7mm),mafico
raw_strekeisen\pluto\orthocumulates\orthocumulates_XPL_10924831.jpg,pluto,orthocumulates,XPL,2x,Plagioclase crystals with interstitial hornblende in a orthocumulates from Sardinia (Italy). XPL image. 2x (Field of view = 7mm),mafico
raw_strekeisen\pluto\orthocumulates\orthocumulates_XPL_21580210.jpg,pluto,orthocumulates,XPL,2x,Plagioclase crystals with interstitial hornblende in a orthocumulates from Sardinia (Italy). XPL image. 2x (Field of view = 7mm),mafico
raw_strekeisen\pluto\orthocumulates\orthocumulates_XPL_6204684.jpg,pluto,orthocumulates,XPL,10x,Plagioclase crystals with interstitial hornblende in a orthocumulates from Sardinia (Italy). XPL image. 10x (Field of view = 2mm),mafico
raw_strekeisen\pluto\orthocumulates\orthocumulates_XPL_34755074.jpg,pluto,orthocumulates,XPL,10x,Plagioclase crystals with interstitial hornblende in a orthocumulates from Sardinia (Italy). XPL image. 10x (Field of view = 2mm),mafico
raw_strekeisen\pluto\orthocumulates\orthocumulates_XPL_27104899.jpg,pluto,orthocumulates,XPL,10x,Plagioclase crystals with interstitial hornblende in a orthocumulates from Sardinia (Italy). XPL image. 10x (Field of view = 2mm),mafico
raw_strekeisen\pluto\orthocumulates\orthocumulates_XPL_35235239.jpg,pluto,orthocumulates,XPL,10x,Plagioclase crystals with interstitial hornblende in a orthocumulates from Sardinia (Italy). XPL image. 10x (Field of view = 2mm),mafico
raw_strekeisen\pluto\orthocumulates\orthocumulates_XPL_48192528.jpg,pluto,orthocumulates,XPL,10x,Plagioclase crystals with interstitial hornblende in a orthocumulates from Sardinia (Italy). XPL image. 10x (Field of view = 2mm),mafico
raw_strekeisen\pluto\orthocumulates\orthocumulates_XPL_68554609.jpg,pluto,orthocumulates,XPL,10x,Plagioclase crystals with interstitial hornblende in a orthocumulates from Sardinia (Italy). XPL image. 10x (Field of view = 2mm),mafico
raw_strekeisen\pluto\orthocumulates\orthocumulates_XPL_34881049.jpg,pluto,orthocumulates,XPL,10x,Plagioclase crystals with interstitial hornblende in a orthocumulates from Sardinia (Italy). XPL image. 10x (Field of view = 2mm),mafico
raw_strekeisen\pluto\orthocumulates\orthocumulates_XPL_50720469.jpg,pluto,orthocumulates,XPL,10x,Plagioclase crystals with interstitial hornblende in a orthocumulates from Sardinia (Italy). XPL image. 10x (Field of view = 2mm),mafico
raw_strekeisen\pluto\orthocumulates\orthocumulates_XPL_25354961.jpg,pluto,orthocumulates,XPL,10x,Plagioclase crystals with interstitial hornblende in a orthocumulates from Sardinia (Italy). XPL image. 10x (Field of view = 2mm),mafico
raw_strekeisen\pluto\orthocumulates\orthocumulates_XPL_57957845.jpg,pluto,orthocumulates,XPL,10x,Plagioclase crystals with interstitial hornblende in a orthocumulates from Sardinia (Italy). XPL image. 10x (Field of view = 2mm),mafico
raw_strekeisen\pluto\orthocumulates\orthocumulates_PPL_79141598.jpg,pluto,orthocumulates,PPL,2x,Altered olivine phenocrysts enclosed in poikilitic hornblende. PPL image. 2x (Field of view = 7mm),mafico
raw_strekeisen\pluto\orthocumulates\orthocumulates_XPL_51498555.jpg,pluto,orthocumulates,XPL,2x,Altered olivine phenocrysts enclosed in poikilitic hornblende. XPL image. 2x (Field of view = 7mm),mafico
raw_strekeisen\pluto\orthocumulates\orthocumulates_PPL_89435253.jpg,pluto,orthocumulates,PPL,2x,Altered olivine phenocrysts enclosed in poikilitic hornblende and pyroxene. PPL image. 2x (Field of view = 7mm),mafico
raw_strekeisen\pluto\orthocumulates\orthocumulates_PPL_31830033.jpg,pluto,orthocumulates,PPL,2x,Altered olivine phenocrysts enclosed in poikilitic hornblende. PPL image. 2x (Field of view = 7mm),mafico
raw_strekeisen\pluto\orthocumulates\orthocumulates_PPL_66190592.jpg,pluto,orthocumulates,PPL,2x,Altered olivine phenocrysts enclosed in poikilitic hornblende. PPL image. 2x (Field of view = 7mm),mafico
raw_strekeisen\pluto\orthocumulates\orthocumulates_PPL_51723809.jpg,pluto,orthocumulates,PPL,2x,Altered olivine phenocrysts enclosed in poikilitic hornblende. PPL image. 2x (Field of view = 7mm),mafico
raw_strekeisen\pluto\orthocumulates\orthocumulates_XPL_8212777.jpg,pluto,orthocumulates,XPL,2x,Altered olivine phenocrysts enclosed in poikilitic hornblende. XPL image. 2x (Field of view = 7mm),mafico
raw_strekeisen\pluto\orthocumulates\orthocumulates_XPL_10003447.jpg,pluto,orthocumulates,XPL,2x,Altered olivine phenocrysts enclosed in poikilitic hornblende. XPL image. 2x (Field of view = 7mm),mafico
raw_strekeisen\pluto\orthocumulates\orthocumulates_XPL_63558691.jpg,pluto,orthocumulates,XPL,2x,Altered olivine phenocrysts enclosed in poikilitic hornblende. XPL image. 2x (Field of view = 7mm),mafico
raw_strekeisen\pluto\orthocumulates\orthocumulates_PPL_76907882.jpg,pluto,orthocumulates,PPL,2x,Altered olivine phenocrysts enclosed in poikilitic hornblende. PPL image. 2x (Field of view = 7mm),mafico
raw_strekeisen\pluto\orthocumulates\orthocumulates_XPL_63293960.jpg,pluto,orthocumulates,XPL,2x,Altered olivine phenocrysts enclosed in poikilitic hornblende. XPL image. 2x (Field of view = 7mm),mafico
raw_strekeisen\pluto\orthocumulates\orthocumulates_XPL_85837708.jpg,pluto,orthocumulates,XPL,2x,Altered olivine phenocrysts enclosed in poikilitic hornblende. XPL image. 2x (Field of view = 7mm),mafico
raw_strekeisen\pluto\orthocumulates\orthocumulates_PPL_35303437.jpg,pluto,orthocumulates,PPL,2x,Altered olivine phenocrysts enclosed in poikilitic pyroxene. PPL image. 2x (Field of view = 7mm),mafico
raw_strekeisen\pluto\orthocumulates\orthocumulates_PPL_45158991.jpg,pluto,orthocumulates,PPL,10x,Altered olivine phenocrysts enclosed in poikilitic pyroxene. PPL image. 10x (Field of view = 2mm),mafico
raw_strekeisen\pluto\orthocumulates\orthocumulates_PPL_53411892.jpg,pluto,orthocumulates,PPL,10x,Altered olivine phenocrysts enclosed in poikilitic pyroxene. PPL image. 10x (Field of view = 2mm),mafico
raw_strekeisen\pluto\orthocumulates\orthocumulates_XPL_26842987.jpg,pluto,orthocumulates,XPL,10x,Altered olivine phenocrysts enclosed in poikilitic pyroxene. XPL image. 10x (Field of view = 2mm),mafico
raw_strekeisen\pluto\orthocumulates\orthocumulates_XPL_96008414.jpg,pluto,orthocumulates,XPL,10x,Altered olivine phenocrysts enclosed in poikilitic pyroxene. XPL image. 10x (Field of view = 2mm),mafico
raw_strekeisen\pluto\orthocumulates\orthocumulates_XPL_75696514.jpg,pluto,orthocumulates,XPL,10x,Altered olivine phenocrysts enclosed in poikilitic hornblende. XPL image. 10x (Field of view = 2mm),mafico
raw_strekeisen\pluto\orthocumulates\orthocumulates_XPL_6486352.jpg,pluto,orthocumulates,XPL,2x,Altered olivine phenocrysts enclosed in poikilitic hornblende. XPL image. 2x (Field of view = 7mm),mafico
raw_strekeisen\pluto\orthocumulates\orthocumulates_PPL_64564154.jpg,pluto,orthocumulates,PPL,2x,Altered olivine phenocrysts enclosed in poikilitic hornblende. PPL image. 2x (Field of view = 7mm),mafico
raw_strekeisen\pluto\orthocumulates\orthocumulates_PPL_708713.jpg,pluto,orthocumulates,PPL,10x,Altered olivine phenocrysts enclosed in poikilitic hornblende. PPL image. 10x (Field of view = 2mm),mafico
raw_strekeisen\pluto\orthocumulates\orthocumulates_XPL_23260252.jpg,pluto,orthocumulates,XPL,10x,Euhedral olivine crystal enclodes in Pyroxene. XPL image. 10x (Field of view = 2mm),mafico
raw_strekeisen\pluto\orthocumulates\orthocumulates_XPL_18363273.jpg,pluto,orthocumulates,XPL,10x,Altered olivine phenocrysts enclosed in poikilitic hornblende. XPL image. 10x (Field of view = 2mm),mafico
raw_strekeisen\pluto\orthocumulates\orthocumulates_XPL_5812671.jpg,pluto,orthocumulates,XPL,2x,Altered olivine phenocrysts enclosed in poikilitic hornblende. XPL image. 2x (Field of view = 7mm),mafico
raw_strekeisen\pluto\orthocumulates\orthocumulates_PPL_74059251.jpg,pluto,orthocumulates,PPL,2x,Altered olivine phenocrysts enclosed in poikilitic hornblende. PPL image. 2x (Field of view = 7mm),mafico
raw_strekeisen\pluto\orthocumulates\orthocumulates_XPL_85860599.jpg,pluto,orthocumulates,XPL,2x,Altered olivine phenocrysts enclosed in poikilitic hornblende. XPL image. 2x (Field of view = 7mm),mafico
raw_strekeisen\pluto\orthocumulates\orthocumulates_PPL_27981858.jpg,pluto,orthocumulates,PPL,2x,Altered olivine phenocrysts enclosed in poikilitic hornblende. PPL image. 2x (Field of view = 7mm),mafico
raw_strekeisen\pluto\orthocumulates\orthocumulates_XPL_52927331.jpg,pluto,orthocumulates,XPL,2x,Ehuedral olivine crystals with interstitial plagioclase in a orthocumulite. New Zeland. XPL image. 2x (Field of view = 7mm),mafico
raw_strekeisen\pluto\orthocumulates\orthocumulates_XPL_65478486.jpg,pluto,orthocumulates,XPL,2x,Ehuedral olivine crystals with interstitial plagioclase in a orthocumulite. New Zeland. XPL image. 2x (Field of view = 7mm),mafico
raw_strekeisen\pluto\orthocumulates\orthocumulates_XPL_15036853.jpg,pluto,orthocumulates,XPL,2x,Ehuedral olivine crystals with interstitial plagioclase in a orthocumulite. New Zeland. XPL image. 2x (Field of view = 7mm),mafico
raw_strekeisen\pluto\orthocumulates\orthocumulates_XPL_33089495.jpg,pluto,orthocumulates,XPL,2x,Ehuedral olivine crystals with interstitial plagioclase in a orthocumulite. New Zeland. XPL image. 2x (Field of view = 7mm),mafico
raw_strekeisen\pluto\orthocumulates\orthocumulates_XPL_74817004.jpg,pluto,orthocumulates,XPL,2x,Ehuedral olivine crystals with interstitial plagioclase in a orthocumulite. New Zeland. XPL image. 2x (Field of view = 7mm),mafico
raw_strekeisen\pluto\orthocumulates\orthocumulates_XPL_93060853.jpg,pluto,orthocumulates,XPL,2x,Ehuedral olivine crystals with interstitial plagioclase in a orthocumulite. New Zeland. XPL image. 2x (Field of view = 7mm),mafico
raw_strekeisen\pluto\orthocumulates\orthocumulates_XPL_57474556.jpg,pluto,orthocumulates,XPL,10x,Ehuedral olivine crystals with interstitial plagioclase in a orthocumulite. New Zeland. XPL image. 10x (Field of view = 2mm),mafico
raw_strekeisen\pluto\orthocumulates\orthocumulates_XPL_53528216.jpg,pluto,orthocumulates,XPL,10x,Ehuedral olivine crystals with interstitial plagioclase in a orthocumulite. New Zeland. XPL image. 10x (Field of view = 2mm),mafico
raw_strekeisen\pluto\orthocumulates\orthocumulates_XPL_89440985.jpg,pluto,orthocumulates,XPL,10x,Ehuedral olivine crystals with interstitial plagioclase in a orthocumulite. New Zeland. XPL image. 10x (Field of view = 2mm),mafico
raw_strekeisen\pluto\orthocumulates\orthocumulates_XPL_65833336.jpg,pluto,orthocumulates,XPL,10x,Ehuedral olivine crystals with interstitial plagioclase in a orthocumulite. New Zeland. XPL image. 10x (Field of view = 2mm),mafico
raw_strekeisen\pluto\orthocumulates\orthocumulates_XPL_66209956.jpg,pluto,orthocumulates,XPL,10x,Ehuedral olivine crystals with interstitial plagioclase in a orthocumulite. New Zeland. XPL image. 10x (Field of view = 2mm),mafico
raw_strekeisen\pluto\orthocumulates\orthocumulates_XPL_14306017.jpg,pluto,orthocumulates,XPL,10x,Ehuedral olivine crystals with interstitial plagioclase in a orthocumulite. New Zeland. XPL image. 10x (Field of view = 2mm),mafico
raw_strekeisen\pluto\orthocumulates\orthocumulates_XPL_29358973.jpg,pluto,orthocumulates,XPL,10x,Ehuedral olivine crystals with interstitial plagioclase in a orthocumulite. New Zeland. XPL image. 10x (Field of view = 2mm),mafico
raw_strekeisen\pluto\orthocumulates\orthocumulates_XPL_24112634.jpg,pluto,orthocumulates,XPL,10x,Ehuedral olivine crystals with interstitial plagioclase in a orthocumulite. New Zeland. XPL image. 10x (Field of view = 2mm),mafico
raw_strekeisen\pluto\diorite\diorite_PPL_70132323.jpg,pluto,diorite,PPL,2x,"Green hornblende and plagioclase altered by sericite in a diorite from Ilmenau, Thuringen (Germany). PPL image, 2x (Field of view = 7mm)",mafico
raw_strekeisen\pluto\diorite\diorite_PPL_78112632.jpg,pluto,diorite,PPL,2x,"Green hornblende and plagioclase altered by sericite in a diorite from Ilmenau, Thuringen (Germany). PPL image, 2x (Field of view = 7mm)",mafico
raw_strekeisen\pluto\diorite\diorite_PPL_22904271.jpg,pluto,diorite,PPL,2x,"Green hornblende and plagioclase altered by sericite in a diorite from Ilmenau, Thuringen (Germany). PPL image, 2x (Field of view = 7mm)",mafico
raw_strekeisen\pluto\diorite\diorite_XPL_66192827.jpg,pluto,diorite,XPL,2x,"Green hornblende and plagioclase altered by sericite in a diorite from Ilmenau, Thuringen (Germany). XPL image, 2x (Field of view = 7mm)",mafico
raw_strekeisen\pluto\diorite\diorite_PPL_92255043.jpg,pluto,diorite,PPL,2x,"Green hornblende and plagioclase altered by sericite in a diorite from Ilmenau, Thuringen (Germany). PPL image, 2x (Field of view = 7mm)",mafico
raw_strekeisen\pluto\diorite\diorite_XPL_33586005.jpg,pluto,diorite,XPL,2x,"Green hornblende and plagioclase altered by sericite in a diorite from Ilmenau, Thuringen (Germany). XPL image, 2x (Field of view = 7mm)",mafico
raw_strekeisen\pluto\diorite\diorite_XPL_98399893.jpg,pluto,diorite,XPL,2x,"Green hornblende and plagioclase altered by sericite in a diorite from Ilmenau, Thuringen (Germany). XPL image, 2x (Field of view = 7mm)",mafico
raw_strekeisen\pluto\diorite\diorite_PPL_52710990.jpg,pluto,diorite,PPL,2x,"Green hornblende and plagioclase altered by sericite in a diorite from Ilmenau, Thuringen (Germany). PPL image, 2x (Field of view = 7mm)",mafico
raw_strekeisen\pluto\diorite\diorite_PPL_18519550.jpg,pluto,diorite,PPL,2x,"Brown hornblende and plagioclase in a diorite. PPL image, 2x (Field of view = 7mm)",mafico
raw_strekeisen\pluto\diorite\diorite_XPL_32050371.jpg,pluto,diorite,XPL,2x,"Brown hornblende and plagioclase in a diorite. XPL image, 2x (Field of view = 7mm)",mafico
raw_strekeisen\pluto\diorite\diorite_PPL_3703153.jpg,pluto,diorite,PPL,2x,"Brown hornblende and plagioclase in a diorite. PPL image, 2x (Field of view = 7mm)",mafico
raw_strekeisen\pluto\diorite\diorite_XPL_44983831.jpg,pluto,diorite,XPL,2x,"Brown hornblende and plagioclase in a diorite. XPL image, 2x (Field of view = 7mm)",mafico
raw_strekeisen\pluto\diorite\diorite_PPL_90911820.jpg,pluto,diorite,PPL,2x,"Brown hornblende and plagioclase in a diorite. PPL image, 2x (Field of view = 7mm)",mafico
raw_strekeisen\pluto\diorite\diorite_PPL_2804731.jpg,pluto,diorite,PPL,2x,"Brown hornblende and plagioclase in a diorite. PPL image, 2x (Field of view = 7mm)",mafico
raw_strekeisen\pluto\diorite\diorite_XPL_6216596.jpg,pluto,diorite,XPL,2x,"Brown hornblende and plagioclase in a diorite. XPL image, 2x (Field of view = 7mm)",mafico
raw_strekeisen\pluto\dun\dun_PPL_17504274.jpg,pluto,dun,PPL,1x,"Olivine crystals and brown spinel in a tectonised dunite from Dun Mountain Ophiolite Belt, New Zealand. PPL image , 1x (Field of view = 9mm)",mafico
raw_strekeisen\pluto\dun\dun_XPL_55250851.jpg,pluto,dun,XPL,1x,"Olivine crystals and spinel (isotropic) in a tectonised dunite from Dun Mountain Ophiolite Belt, New Zealand. XPL image , 1x (Field of view = 9mm)",mafico
raw_strekeisen\pluto\dun\dun_PPL_5108553.jpg,pluto,dun,PPL,1x,"Olivine crystals and brown spinel in a tectonised dunite from Dun Mountain Ophiolite Belt, New Zealand. PPL image , 1x (Field of view = 9mm)",mafico
raw_strekeisen\pluto\dun\dun_XPL_51126295.jpg,pluto,dun,XPL,1x,"Olivine crystals in a tectonised dunite from Dun Mountain Ophiolite Belt, New Zealand. XPL image , 1x (Field of view = 9mm)",mafico
raw_strekeisen\pluto\dun\dun_PPL_65898650.jpg,pluto,dun,PPL,1x,"Olivine crystals and brown spinel in a tectonised dunite from Dun Mountain Ophiolite Belt, New Zealand. PPL image , 1x (Field of view = 9mm)",mafico
raw_strekeisen\pluto\dun\dun_XPL_68783448.jpg,pluto,dun,XPL,1x,"Olivine crystals and spinel (isotropic) in a tectonised dunite from Dun Mountain Ophiolite Belt, New Zealand. XPL image , 1x (Field of view = 9mm)",mafico
raw_strekeisen\pluto\dun\dun_PPL_18002609.jpg,pluto,dun,PPL,2x,"Olivine crystals in a tectonised dunite from Dun Mountain Ophiolite Belt, New Zealand. PPL image , 2x (Field of view = 7mm)",mafico
raw_strekeisen\pluto\dun\dun_XPL_93957242.jpg,pluto,dun,XPL,2x,"Olivine crystals in a tectonised dunite from Dun Mountain Ophiolite Belt, New Zealand. XPL image , 2x (Field of view = 7mm)",mafico
raw_strekeisen\pluto\dun\dun_PPL_16955299.jpg,pluto,dun,PPL,2x,"Olivine crystals and brown spinel in a tectonised dunite from Dun Mountain Ophiolite Belt, New Zealand. PPL image , 2x (Field of view = 7mm)",mafico
raw_strekeisen\pluto\dun\dun_PPL_751494.jpg,pluto,dun,PPL,2x,"Olivine crystals in a tectonised dunite from Dun Mountain Ophiolite Belt, New Zealand. PPL image , 2x (Field of view = 7mm)",mafico
raw_strekeisen\pluto\dun\dun_XPL_37500996.jpg,pluto,dun,XPL,2x,"Olivine crystals in a tectonised dunite from Dun Mountain Ophiolite Belt, New Zealand. XPL image , 2x (Field of view = 7mm)",mafico
raw_strekeisen\pluto\dun\dun_PPL_61567649.jpg,pluto,dun,PPL,2x,"Olivine crystals and brown spinel in a tectonised dunite from Dun Mountain Ophiolite Belt, New Zealand. PPL image , 2x (Field of view = 7mm)",mafico
raw_strekeisen\pluto\dun\dun_PPL_91052896.jpg,pluto,dun,PPL,2x,"Olivine crystals and brown spinel in a tectonised dunite from Dun Mountain Ophiolite Belt, New Zealand. PPL image , 2x (Field of view = 7mm)",mafico
raw_strekeisen\pluto\dun\dun_XPL_58588796.jpg,pluto,dun,XPL,2x,"Olivine crystals and spinel (isotropic) in a tectonised dunite from Dun Mountain Ophiolite Belt, New Zealand. XPL image , 2x (Field of view = 7mm)",mafico
raw_strekeisen\pluto\dun\dun_PPL_76156622.jpg,pluto,dun,PPL,2x,"Olivine crystals in a tectonised dunite from Dun Mountain Ophiolite Belt, New Zealand. PPL image , 2x (Field of view = 7mm)",mafico
raw_strekeisen\pluto\dun\dun_XPL_5332927.jpg,pluto,dun,XPL,2x,"Olivine crystals in a tectonised dunite from Dun Mountain Ophiolite Belt, New Zealand. XPL image , 2x (Field of view = 7mm)",mafico
raw_strekeisen\pluto\dun\dun_XPL_50327352.jpg,pluto,dun,XPL,2x,"Olivine crystals in a tectonised dunite from Dun Mountain Ophiolite Belt, New Zealand. XPL image , 2x (Field of view = 7mm)",mafico
raw_strekeisen\pluto\dun\dun_XPL_58336667.jpg,pluto,dun,XPL,2x,"Olivine crystals in a tectonised dunite from Dun Mountain Ophiolite Belt, New Zealand. XPL image , 2x (Field of view = 7mm)",mafico
raw_strekeisen\pluto\dun\dun_PPL_61265186.jpg,pluto,dun,PPL,2x,"Olivine crystals in a tectonised dunite from Dun Mountain Ophiolite Belt, New Zealand. PPL image , 2x (Field of view = 7mm)",mafico
raw_strekeisen\pluto\dun\dun_XPL_61033133.jpg,pluto,dun,XPL,2x,"Olivine crystals in a tectonised dunite from Dun Mountain Ophiolite Belt, New Zealand. XPL image , 2x (Field of view = 7mm)",mafico
raw_strekeisen\pluto\dun\dun_PPL_38413110.jpg,pluto,dun,PPL,2x,"Olivine crystals in a tectonised dunite from Dun Mountain Ophiolite Belt, New Zealand. PPL image , 2x (Field of view = 7mm)",mafico
raw_strekeisen\pluto\dun\dun_XPL_87174479.jpg,pluto,dun,XPL,2x,"Olivine crystals in a tectonised dunite from Dun Mountain Ophiolite Belt, New Zealand. XPL image , 2x (Field of view = 7mm)",mafico
raw_strekeisen\pluto\dun\dun_XPL_20289410.jpg,pluto,dun,XPL,2x,"Olivine crystals in a tectonised dunite from Dun Mountain Ophiolite Belt, New Zealand. XPL image , 2x (Field of view = 7mm)",mafico
raw_strekeisen\pluto\dun\dun_PPL_5205950.jpg,pluto,dun,PPL,2x,"Olivine crystals and brown spinel in a tectonised dunite from Dun Mountain Ophiolite Belt, New Zealand. PPL image , 2x (Field of view = 7mm)",mafico
raw_strekeisen\pluto\dun\dun_XPL_96455767.jpg,pluto,dun,XPL,2x,"Olivine crystals and spinel (isotropic) in a tectonised dunite from Dun Mountain Ophiolite Belt, New Zealand. XPL image , 2x (Field of view = 7mm)",mafico
raw_strekeisen\pluto\dun\dun_PPL_53496973.jpg,pluto,dun,PPL,2x,"Olivine crystals and brown spinel in a tectonised dunite from Dun Mountain Ophiolite Belt, New Zealand. PPL image , 2x (Field of view = 7mm)",mafico
raw_strekeisen\pluto\dun\dun_XPL_43551555.jpg,pluto,dun,XPL,2x,"Olivine crystals and spinel (isotropic) in a tectonised dunite from Dun Mountain Ophiolite Belt, New Zealand. XPL image , 2x (Field of view = 7mm)",mafico
raw_strekeisen\pluto\finero\finero_PPL_72665644.jpg,pluto,finero,PPL,1x,"Olivine (colorles) and phlogopite (brown) crystals. Finero Harzburgite, Ivrea Verbano, Italy. PPL image, 1x (Field of view = 9mm)",mafico
raw_strekeisen\pluto\finero\finero_XPL_51011362.jpg,pluto,finero,XPL,1x,"Olivine and phlogopite crystals. Finero Harzburgite, Ivrea Verbano, Italy. XPL image, 1x (Field of view = 9mm)",mafico
raw_strekeisen\pluto\finero\finero_PPL_18722417.jpg,pluto,finero,PPL,1x,"Olivine (colorles) and phlogopite (brown) crystals. Finero Harzburgite, Ivrea Verbano, Italy. PPL image, 1x (Field of view = 9mm)",mafico
raw_strekeisen\pluto\finero\finero_XPL_39942801.jpg,pluto,finero,XPL,1x,"Olivine and phlogopite crystals. Finero Harzburgite, Ivrea Verbano, Italy. XPL image, 1x (Field of view = 9mm)",mafico
raw_strekeisen\pluto\finero\finero_PPL_19160883.jpg,pluto,finero,PPL,1x,"Olivine (colorles) and phlogopite (brown) crystals. Finero Harzburgite, Ivrea Verbano, Italy. PPL image, 1x (Field of view = 9mm)",mafico
raw_strekeisen\pluto\finero\finero_XPL_40024938.jpg,pluto,finero,XPL,1x,"Olivine and phlogopite crystals. Finero Harzburgite, Ivrea Verbano, Italy. XPL image, 1x (Field of view = 9mm)",mafico
raw_strekeisen\pluto\finero\finero_PPL_90386159.jpg,pluto,finero,PPL,1x,"Olivine (colorles) and phlogopite (brown) crystals. Finero Harzburgite, Ivrea Verbano, Italy. PPL image, 1x (Field of view = 9mm)",mafico
raw_strekeisen\pluto\finero\finero_PPL_32889201.jpg,pluto,finero,PPL,1x,"Olivine (colorles) and phlogopite (brown) crystals. Finero Harzburgite, Ivrea Verbano, Italy. PPL image, 1x (Field of view = 9mm)",mafico
raw_strekeisen\pluto\finero\finero_PPL_84538589.jpg,pluto,finero,PPL,1x,"Olivine (colorles) and phlogopite (brown) crystals. Finero Harzburgite, Ivrea Verbano, Italy. PPL image, 1x (Field of view = 9mm)",mafico
raw_strekeisen\pluto\finero\finero_PPL_72808296.jpg,pluto,finero,PPL,1x,"Olivine (colorles), pyroxene (with cleavage) and phlogopite (brown) crystals. Finero Harzburgite, Ivrea Verbano, Italy. PPL image, 1x (Field of view = 9mm)",mafico
raw_strekeisen\pluto\finero\finero_XPL_79089007.jpg,pluto,finero,XPL,1x,"Olivine, pyroxene (with cleavage) and phlogopite crystals. Finero Harzburgite, Ivrea Verbano, Italy. XPL image, 1x (Field of view = 9mm)",mafico
raw_strekeisen\pluto\finero\finero_PPL_61455756.jpg,pluto,finero,PPL,1x,"Olivine (colorles) and phlogopite (brown) crystals. Finero Harzburgite, Ivrea Verbano, Italy. PPL image, 1x (Field of view = 9mm)",mafico
raw_strekeisen\pluto\finero\finero_PPL_84717396.jpg,pluto,finero,PPL,2x,"Olivine (colorles), pyroxene (with cleavage) and phlogopite (brown) crystals. Finero Harzburgite, Ivrea Verbano, Italy. PPL image, 2x (Field of view = 7mm)",mafico
raw_strekeisen\pluto\finero\finero_XPL_4644185.jpg,pluto,finero,XPL,2x,"Olivine, pyroxene (with cleavage) and phlogopite crystals. Finero Harzburgite, Ivrea Verbano, Italy. XPL image, 2x (Field of view = 7mm)",mafico
raw_strekeisen\pluto\finero\finero_PPL_37445590.jpg,pluto,finero,PPL,2x,"Olivine (colorles), pyroxene (with cleavage) and phlogopite (brown) crystals. Finero Harzburgite, Ivrea Verbano, Italy. PPL image, 2x (Field of view = 7mm)",mafico
raw_strekeisen\pluto\finero\finero_XPL_15978888.jpg,pluto,finero,XPL,2x,"Olivine, pyroxene (with cleavage) and phlogopite crystals. Finero Harzburgite, Ivrea Verbano, Italy. XPL image, 2x (Field of view = 7mm)",mafico
raw_strekeisen\pluto\finero\finero_PPL_56034528.jpg,pluto,finero,PPL,2x,"Olivine (colorles) and phlogopite (brown) crystals. Finero Harzburgite, Ivrea Verbano, Italy. PPL image, 2x (Field of view = 7mm)",mafico
raw_strekeisen\pluto\finero\finero_XPL_88728819.jpg,pluto,finero,XPL,2x,"Olivine and phlogopite crystals. Finero Harzburgite, Ivrea Verbano, Italy. XPL image, 2x (Field of view = 7mm)",mafico
raw_strekeisen\pluto\finero\finero_PPL_61738776.jpg,pluto,finero,PPL,2x,"Olivine (colorles) and phlogopite (brown) crystals. Finero Harzburgite, Ivrea Verbano, Italy. PPL image, 2x (Field of view = 7mm)",mafico
raw_strekeisen\pluto\finero\finero_XPL_34224387.jpg,pluto,finero,XPL,2x,"Olivine and phlogopite crystals. Finero Harzburgite, Ivrea Verbano, Italy. XPL image, 2x (Field of view = 7mm)",mafico
raw_strekeisen\pluto\finero\finero_XPL_21586096.jpg,pluto,finero,XPL,2x,"Olivine, pyroxene (with cleavage) and phlogopite crystals. Finero Harzburgite, Ivrea Verbano, Italy. XPL image, 2x (Field of view = 7mm)",mafico
raw_strekeisen\pluto\finero\finero_XPL_42904919.jpg,pluto,finero,XPL,2x,"Olivine, pyroxene (with cleavage) and phlogopite crystals. Finero Harzburgite, Ivrea Verbano, Italy. XPL image, 2x (Field of view = 7mm)",mafico
raw_strekeisen\pluto\finero\finero_PPL_90862398.jpg,pluto,finero,PPL,2x,"Olivine (colorles) and phlogopite (brown) crystals. Finero Harzburgite, Ivrea Verbano, Italy. PPL image, 2x (Field of view = 7mm)",mafico
raw_strekeisen\pluto\finero\finero_XPL_35939922.jpg,pluto,finero,XPL,2x,"Olivine and phlogopite crystals. Finero Harzburgite, Ivrea Verbano, Italy. XPL image, 2x (Field of view = 7mm)",mafico
raw_strekeisen\pluto\finero\finero_PPL_7245741.jpg,pluto,finero,PPL,2x,"Olivine (colorles) and phlogopite (brown) crystals. Finero Harzburgite, Ivrea Verbano, Italy. PPL image, 2x (Field of view = 7mm)",mafico
raw_strekeisen\pluto\finero\finero_PPL_79745025.jpg,pluto,finero,PPL,2x,"Olivine (colorles) and phlogopite (brown) crystals. Finero Harzburgite, Ivrea Verbano, Italy. PPL image, 2x (Field of view = 7mm)",mafico
raw_strekeisen\pluto\finero\finero_XPL_77940684.jpg,pluto,finero,XPL,2x,"Olivine and phlogopite crystals. Finero Harzburgite, Ivrea Verbano, Italy. XPL image, 2x (Field of view = 7mm)",mafico
raw_strekeisen\pluto\finero\finero_PPL_73467069.jpg,pluto,finero,PPL,2x,"Olivine (colorles) and phlogopite (brown) crystals. Finero Harzburgite, Ivrea Verbano, Italy. PPL image, 2x (Field of view = 7mm)",mafico
raw_strekeisen\pluto\finero\finero_XPL_18515816.jpg,pluto,finero,XPL,2x,"Olivine and phlogopite crystals. Finero Harzburgite, Ivrea Verbano, Italy. XPL image, 2x (Field of view = 7mm)",mafico
raw_strekeisen\pluto\finero\finero_PPL_17866982.jpg,pluto,finero,PPL,2x,"Olivine (colorles) and phlogopite (brown) crystals. Finero Harzburgite, Ivrea Verbano, Italy. PPL image, 2x (Field of view = 7mm)",mafico
raw_strekeisen\pluto\finero\finero_PPL_35663794.jpg,pluto,finero,PPL,2x,"Olivine (colorles) and phlogopite (brown) crystals. Finero Harzburgite, Ivrea Verbano, Italy. PPL image, 2x (Field of view = 7mm)",mafico
raw_strekeisen\pluto\finero\finero_XPL_96939869.jpg,pluto,finero,XPL,2x,"Olivine and phlogopite crystals. Finero Harzburgite, Ivrea Verbano, Italy. XPL image, 2x (Field of view = 7mm)",mafico
raw_strekeisen\pluto\finero\finero_PPL_24803937.jpg,pluto,finero,PPL,2x,"Olivine (colorles) and phlogopite (brown) crystals. Finero Harzburgite, Ivrea Verbano, Italy. PPL image, 2x (Field of view = 7mm)",mafico
raw_strekeisen\pluto\finero\finero_XPL_69046053.jpg,pluto,finero,XPL,2x,"Olivine and phlogopite crystals. Finero Harzburgite, Ivrea Verbano, Italy. XPL image, 2x (Field of view = 7mm)",mafico
raw_strekeisen\pluto\finero\finero_PPL_57944272.jpg,pluto,finero,PPL,2x,"Olivine (colorles) and phlogopite (brown) crystals. Finero Harzburgite, Ivrea Verbano, Italy. PPL image, 2x (Field of view = 7mm)",mafico
raw_strekeisen\pluto\finero\finero_XPL_33975756.jpg,pluto,finero,XPL,2x,"Olivine and phlogopite crystals. Finero Harzburgite, Ivrea Verbano, Italy. XPL image, 2x (Field of view = 7mm)",mafico
raw_strekeisen\pluto\finero\finero_PPL_69969319.jpg,pluto,finero,PPL,2x,"Olivine (colorles) and phlogopite (brown) crystals. Finero Harzburgite, Ivrea Verbano, Italy. PPL image, 2x (Field of view = 7mm)",mafico
raw_strekeisen\pluto\finero\finero_XPL_81976872.jpg,pluto,finero,XPL,2x,"Olivine and phlogopite crystals. Finero Harzburgite, Ivrea Verbano, Italy. XPL image, 2x (Field of view = 7mm)",mafico
raw_strekeisen\pluto\finero\finero_PPL_17842265.jpg,pluto,finero,PPL,2x,"Olivine (colorles) and phlogopite (brown) crystals. Finero Harzburgite, Ivrea Verbano, Italy. PPL image, 2x (Field of view = 7mm)",mafico
raw_strekeisen\pluto\finero\finero_XPL_91299148.jpg,pluto,finero,XPL,2x,"Olivine and phlogopite crystals. Finero Harzburgite, Ivrea Verbano, Italy. XPL image, 2x (Field of view = 7mm)",mafico
raw_strekeisen\pluto\finero\finero_PPL_70340840.jpg,pluto,finero,PPL,2x,"Olivine (colorles) and phlogopite (brown) crystals. Finero Harzburgite, Ivrea Verbano, Italy. PPL image, 2x (Field of view = 7mm)",mafico
raw_strekeisen\pluto\finero\finero_XPL_74283787.jpg,pluto,finero,XPL,2x,"Olivine and phlogopite crystals. Finero Harzburgite, Ivrea Verbano, Italy. XPL image, 2x (Field of view = 7mm)",mafico
raw_strekeisen\pluto\finero\finero_PPL_23788433.jpg,pluto,finero,PPL,2x,"Olivine (colorles), pyroxene (with cleavage) and phlogopite (brown) crystals. Finero Harzburgite, Ivrea Verbano, Italy. PPL image, 2x (Field of view = 7mm)",mafico
raw_strekeisen\pluto\finero\finero_XPL_15812526.jpg,pluto,finero,XPL,2x,"Olivine, pyroxene (with cleavage) and phlogopite crystals. Finero Harzburgite, Ivrea Verbano, Italy. XPL image, 2x (Field of view = 7mm)",mafico
raw_strekeisen\pluto\finero\finero_PPL_54563603.jpg,pluto,finero,PPL,2x,"Olivine (colorles) and phlogopite (brown) crystals. Finero Harzburgite, Ivrea Verbano, Italy. PPL image, 2x (Field of view = 7mm)",mafico
raw_strekeisen\pluto\finero\finero_PPL_38270371.jpg,pluto,finero,PPL,10x,"Pyroxene (with cleavage) and phlogopite (brown) crystals. Finero Harzburgite, Ivrea Verbano, Italy. PPL image, 10x (Field of view = 2mm)",mafico
raw_strekeisen\pluto\finero\finero_XPL_50058424.jpg,pluto,finero,XPL,10x,"Pyroxene (with cleavage) and phlogopite crystals. Finero Harzburgite, Ivrea Verbano, Italy. XPL image, 10x (Field of view = 2mm)",mafico
raw_strekeisen\pluto\finero\finero_PPL_99727403.jpg,pluto,finero,PPL,10x,"Olivine (colorles), pyroxene (with cleavage) and phlogopite (brown) crystals. Finero Harzburgite, Ivrea Verbano, Italy. PPL image, 10x (Field of view = 2mm)",mafico
raw_strekeisen\pluto\finero\finero_PPL_22439300.jpg,pluto,finero,PPL,10x,"Olivine (colorles), pyroxene (with cleavage) and phlogopite (brown) crystals. Finero Harzburgite, Ivrea Verbano, Italy. PPL image, 10x (Field of view = 2mm)",mafico
raw_strekeisen\pluto\finero\finero_XPL_35312028.jpg,pluto,finero,XPL,10x,"Olivine, pyroxene (with cleavage) and phlogopite crystals. Finero Harzburgite, Ivrea Verbano, Italy. XPL image, 10x (Field of view = 2mm)",mafico
raw_strekeisen\pluto\finero\finero_PPL_78950091.jpg,pluto,finero,PPL,10x,"Olivine (colorles), pyroxene (pale green) and phlogopite (brown) crystals. Finero Harzburgite, Ivrea Verbano, Italy. PPL image, 10x (Field of view = 2mm)",mafico
raw_strekeisen\pluto\finero\finero_PPL_7772274.jpg,pluto,finero,PPL,10x,"Olivine (colorles), pyroxene (with cleavage) and phlogopite (brown) crystals. Finero Harzburgite, Ivrea Verbano, Italy. PPL image, 10x (Field of view = 2mm)",mafico
raw_strekeisen\pluto\finero\finero_XPL_52339013.jpg,pluto,finero,XPL,10x,"Olivine, pyroxene (with cleavage) and phlogopite crystals. Finero Harzburgite, Ivrea Verbano, Italy. XPL image, 10x (Field of view = 2mm)",mafico
raw_strekeisen\pluto\finero\finero_PPL_82246860.jpg,pluto,finero,PPL,10x,"Olivine (colorles), pyroxene (with cleavage) and phlogopite (brown) crystals. Finero Harzburgite, Ivrea Verbano, Italy. PPL image, 10x (Field of view = 2mm)",mafico
raw_strekeisen\pluto\finero\finero_PPL_40124423.jpg,pluto,finero,PPL,10x,"Olivine (colorles), pyroxene (with cleavage) and phlogopite (brown) crystals. Finero Harzburgite, Ivrea Verbano, Italy. PPL image, 10x (Field of view = 2mm)",mafico
raw_strekeisen\pluto\finero\finero_XPL_84349500.jpg,pluto,finero,XPL,10x,"Olivine, pyroxene (with cleavage) and phlogopite crystals. Finero Harzburgite, Ivrea Verbano, Italy. XPL image, 10x (Field of view = 2mm)",mafico
raw_strekeisen\pluto\finero\finero_PPL_69245608.jpg,pluto,finero,PPL,10x,"Olivine (colorles), pyroxene (with cleavage) and phlogopite (brown) crystals. Finero Harzburgite, Ivrea Verbano, Italy. PPL image, 10x (Field of view = 2mm)",mafico
raw_strekeisen\pluto\finero\finero_PPL_26063199.jpg,pluto,finero,PPL,10x,"Olivine (colorles), pyroxene (with cleavage) and phlogopite (brown) crystals. Finero Harzburgite, Ivrea Verbano, Italy. PPL image, 10x (Field of view = 2mm)",mafico
raw_strekeisen\pluto\finero\finero_XPL_49507438.jpg,pluto,finero,XPL,10x,"Olivine, pyroxene (with cleavage) and phlogopite crystals. Finero Harzburgite, Ivrea Verbano, Italy. XPL image, 10x (Field of view = 2mm)",mafico
raw_strekeisen\pluto\finero\finero_PPL_63363064.jpg,pluto,finero,PPL,10x,"Olivine (colorles), pyroxene (with cleavage) and phlogopite (brown) crystals. Finero Harzburgite, Ivrea Verbano, Italy. PPL image, 10x (Field of view = 2mm)",mafico
raw_strekeisen\pluto\finero\finero_PPL_92605894.jpg,pluto,finero,PPL,10x,"Olivine (colorles), pyroxene (with cleavage) and phlogopite (brown) crystals. Finero Harzburgite, Ivrea Verbano, Italy. PPL image, 10x (Field of view = 2mm)",mafico
raw_strekeisen\pluto\finero\finero_PPL_34301686.jpg,pluto,finero,PPL,10x,"Olivine (colorles), pyroxene (with cleavage) and phlogopite (brown) crystals. Finero Harzburgite, Ivrea Verbano, Italy. PPL image, 10x (Field of view = 2mm)",mafico
raw_strekeisen\pluto\finero\finero_PPL_7822099.jpg,pluto,finero,PPL,10x,"Olivine (colorles) and phlogopite (brown) crystals. Finero Harzburgite, Ivrea Verbano, Italy. PPL image, 10x (Field of view = 2mm)",mafico
raw_strekeisen\pluto\finero\finero_XPL_84533620.jpg,pluto,finero,XPL,10x,"Olivine and phlogopite crystals. Finero Harzburgite, Ivrea Verbano, Italy. XPL image, 10x (Field of view = 2mm)",mafico
raw_strekeisen\pluto\finero\finero_PPL_29718793.jpg,pluto,finero,PPL,10x,"Olivine (colorles) and phlogopite (brown) crystals. Finero Harzburgite, Ivrea Verbano, Italy. PPL image, 10x (Field of view = 2mm)",mafico
raw_strekeisen\pluto\finero\finero_XPL_40002242.jpg,pluto,finero,XPL,10x,"Olivine and phlogopite crystals. Finero Harzburgite, Ivrea Verbano, Italy. XPL image, 10x (Field of view = 2mm)",mafico
raw_strekeisen\pluto\finero\finero_PPL_85290841.jpg,pluto,finero,PPL,10x,"Olivine (colorles) and phlogopite (brown) crystals. Finero Harzburgite, Ivrea Verbano, Italy. PPL image, 10x (Field of view = 2mm)",mafico
raw_strekeisen\pluto\finero\finero_XPL_60410893.jpg,pluto,finero,XPL,10x,"Olivine and phlogopite crystals. Finero Harzburgite, Ivrea Verbano, Italy. XPL image, 10x (Field of view = 2mm)",mafico
raw_strekeisen\pluto\finero\finero_PPL_13691149.jpg,pluto,finero,PPL,10x,"Olivine (colorles) and phlogopite (brown) crystals. Finero Harzburgite, Ivrea Verbano, Italy. PPL image, 10x (Field of view = 2mm)",mafico
raw_strekeisen\pluto\gabbro\gabbro_XPL_4645507.jpg,pluto,gabbro,XPL,2x,"Clinopyroxene and plagioclase crystals in a gabbro, Antarctica. XPL image, 2x (Field of view = 7mm)",mafico
raw_strekeisen\pluto\gabbro\gabbro_XPL_73482468.jpg,pluto,gabbro,XPL,2x,"Clinopyroxene and plagioclase crystals in a gabbro, Antarctica. XPL image, 2x (Field of view = 7mm)",mafico
raw_strekeisen\pluto\gabbro\gabbro_XPL_7496138.jpg,pluto,gabbro,XPL,2x,"Clinopyroxene and plagioclase crystals in a gabbro, Antarctica. XPL image, 2x (Field of view = 7mm)",mafico
raw_strekeisen\pluto\gabbro\gabbro_XPL_22465392.jpg,pluto,gabbro,XPL,2x,"Resorbed olivine crystal in a gabbro, Antarctica. XPL image, 2x (Field of view = 7mm)",mafico
raw_strekeisen\pluto\gabbro\gabbro_XPL_83244346.jpg,pluto,gabbro,XPL,2x,"Resorbed olivine crystal in a gabbro, Antarctica. XPL image, 2x (Field of view = 7mm)",mafico
raw_strekeisen\pluto\eufodite\eufodite_PPL_55132939.jpg,pluto,eufodite,PPL,2x,"Plagioclase alterd by sericite and clinopyroxene crystals in a Eufodite Gabbro. PPL image, 2x (Field of view = 7mm)",mafico
raw_strekeisen\pluto\eufodite\eufodite_XPL_30014448.jpg,pluto,eufodite,XPL,2x,"Plagioclase alterd by sericite and clinopyroxene crystals in a Eufodite Gabbro. XPL image, 2x (Field of view = 7mm)",mafico
raw_strekeisen\pluto\eufodite\eufodite_PPL_72484209.jpg,pluto,eufodite,PPL,2x,"Plagioclase alterd by sericite and clinopyroxene crystals in a Eufodite Gabbro. PPL image, 2x (Field of view = 7mm)",mafico
raw_strekeisen\pluto\eufodite\eufodite_XPL_36898820.jpg,pluto,eufodite,XPL,2x,"Plagioclase alterd by sericite and clinopyroxene crystals in a Eufodite Gabbro. XPL image, 2x (Field of view = 7mm)",mafico
raw_strekeisen\pluto\eufodite\eufodite_XPL_65565212.jpg,pluto,eufodite,XPL,2x,"Plagioclase alterd by sericite and clinopyroxene crystals in a Eufodite Gabbro. the two crystals with high interference colors are Epidote. XPL image, 2x (Field of view = 7mm)",mafico
raw_strekeisen\pluto\eufodite\eufodite_PPL_67344011.jpg,pluto,eufodite,PPL,2x,"Plagioclase alterd by sericite and clinopyroxene crystals in a Eufodite Gabbro. PPL image, 2x (Field of view = 7mm)",mafico
raw_strekeisen\pluto\eufodite\eufodite_XPL_20296233.jpg,pluto,eufodite,XPL,2x,"Plagioclase alterd by sericite and Epidote. XPL image, 2x (Field of view = 7mm)",mafico
raw_strekeisen\pluto\eufodite\eufodite_XPL_50157831.jpg,pluto,eufodite,XPL,10x,"Fibrous amphiboles after Pyroxene. XPL image, 10x (Field of view = 2mm)",mafico
raw_strekeisen\pluto\eufodite\eufodite_XPL_23386291.jpg,pluto,eufodite,XPL,10x,"Fibrous amphiboles after Pyroxene. XPL image, 10x (Field of view = 2mm)",mafico
raw_strekeisen\pluto\eufodite\eufodite_PPL_69955477.jpg,pluto,eufodite,PPL,2x,"Pyroxene crystals and altered plagioclase. Eufodite Gabbro  from Passo del Bracco, Liguria, Italy. PPL image, 2x (Field of view = 7mm)",mafico
raw_strekeisen\pluto\eufodite\eufodite_XPL_19272661.jpg,pluto,eufodite,XPL,2x,"Pyroxene crystals and altered plagioclase. Eufodite Gabbro  from Passo del Bracco, Liguria, Italy. XPL image, 2x (Field of view = 7mm)",mafico
raw_strekeisen\pluto\eufodite\eufodite_PPL_19993261.jpg,pluto,eufodite,PPL,2x,"Pyroxene crystals and altered plagioclase. Eufodite Gabbro  from Passo del Bracco, Liguria, Italy. PPL image, 2x (Field of view = 7mm)",mafico
raw_strekeisen\pluto\eufodite\eufodite_PPL_28258078.jpg,pluto,eufodite,PPL,2x,"Pyroxene crystals and altered plagioclase. Eufodite Gabbro  from Passo del Bracco, Liguria, Italy. PPL image, 2x (Field of view = 7mm)",mafico
raw_strekeisen\pluto\eufodite\eufodite_XPL_21963177.jpg,pluto,eufodite,XPL,2x,"Pyroxene crystals and altered plagioclase. Eufodite Gabbro  from Passo del Bracco, Liguria, Italy. XPL image, 2x (Field of view = 7mm)",mafico
raw_strekeisen\pluto\eufodite\eufodite_PPL_33458837.jpg,pluto,eufodite,PPL,2x,"Pyroxene crystals and altered plagioclase. Eufodite Gabbro  from Passo del Bracco, Liguria, Italy. PPL image, 2x (Field of view = 7mm)",mafico
raw_strekeisen\pluto\eufodite\eufodite_XPL_40533899.jpg,pluto,eufodite,XPL,2x,"Pyroxene crystals and altered plagioclase. Eufodite Gabbro  from Passo del Bracco, Liguria, Italy. XPL image, 2x (Field of view = 7mm)",mafico
raw_strekeisen\pluto\eufodite\eufodite_PPL_414922.jpg,pluto,eufodite,PPL,2x,"Pyroxene crystals and altered plagioclase. Eufodite Gabbro  from Passo del Bracco, Liguria, Italy. PPL image, 2x (Field of view = 7mm)",mafico
raw_strekeisen\pluto\eufodite\eufodite_PPL_99509303.jpg,pluto,eufodite,PPL,2x,"Deformed Pyroxene crystal. Eufodite Gabbro  from Passo del Bracco, Liguria, Italy. PPL image, 2x (Field of view = 7mm)",mafico
raw_strekeisen\pluto\eufodite\eufodite_PPL_48272765.jpg,pluto,eufodite,PPL,2x,"Pyroxene crystals and altered plagioclase. Eufodite Gabbro  from Passo del Bracco, Liguria, Italy. PPL image, 2x (Field of view = 7mm)",mafico
raw_strekeisen\pluto\eufodite\eufodite_XPL_74751276.jpg,pluto,eufodite,XPL,2x,"Pyroxene crystals and altered plagioclase. Eufodite Gabbro  from Passo del Bracco, Liguria, Italy. XPL image, 2x (Field of view = 7mm)",mafico
raw_strekeisen\pluto\eufodite\eufodite_PPL_44887509.jpg,pluto,eufodite,PPL,2x,"Pyroxene crystals and altered plagioclase. Eufodite Gabbro  from Passo del Bracco, Liguria, Italy. PPL image, 2x (Field of view = 7mm)",mafico
raw_strekeisen\pluto\gabbroaugite\gabbroaugite_XPL_91992507.jpg,pluto,gabbroaugite,XPL,2x,"Coarse-grained augite crystals and sericitized plagioclase. XPL image, 2x (Field of view = 7mm)/td>",mafico
raw_strekeisen\pluto\gabbroaugite\gabbroaugite_XPL_37313949.jpg,pluto,gabbroaugite,XPL,2x,"Coarse-grained augite crystals and sericitized plagioclase. XPL image, 2x (Field of view = 7mm)/td>",mafico
raw_strekeisen\pluto\gabbroaugite\gabbroaugite_PPL_74102705.jpg,pluto,gabbroaugite,PPL,2x,"Coarse-grained augite crystals and sericitized plagioclase. PPL image, 2x (Field of view = 7mm)/td>",mafico
raw_strekeisen\pluto\gabbroaugite\gabbroaugite_XPL_10366709.jpg,pluto,gabbroaugite,XPL,2x,"Coarse-grained augite crystals and sericitized plagioclase. XPL image, 2x (Field of view = 7mm)/td>",mafico
raw_strekeisen\pluto\gabbroaugite\gabbroaugite_XPL_70413373.jpg,pluto,gabbroaugite,XPL,2x,"Coarse-grained augite crystals and sericitized plagioclase. XPL image, 2x (Field of view = 7mm)/td>",mafico
raw_strekeisen\pluto\gabbroaugite\gabbroaugite_XPL_55913772.jpg,pluto,gabbroaugite,XPL,2x,"Coarse-grained augite crystals and interstitial plagioclase. XPL image, 2x (Field of view = 7mm)/td>",mafico
raw_strekeisen\pluto\gabbronorite\gabbronorite_PPL_80039319.jpg,pluto,gabbronorite,PPL,2x,"Pyroxene, plagioclase and rare biotite in a gabbronorite, Zimbawe. PPL image, 2x (Field of view = 7mm)/td>",mafico
raw_strekeisen\pluto\gabbronorite\gabbronorite_XPL_98265417.jpg,pluto,gabbronorite,XPL,2x,"Pyroxene with exolution lamellae in a gabbronorite, Zimbawe. XPL image, 2x (Field of view = 7mm)/td>",mafico
raw_strekeisen\pluto\gabbronorite\gabbronorite_XPL_27626407.jpg,pluto,gabbronorite,XPL,2x,"Pyroxene with exolution lamellae in a gabbronorite, Zimbawe. XPL image, 2x (Field of view = 7mm)/td>",mafico
raw_strekeisen\pluto\gabbronorite\gabbronorite_PPL_35858987.jpg,pluto,gabbronorite,PPL,2x,"Pyroxene, plagioclase and rare biotite in a gabbronorite, Zimbawe. PPL image, 2x (Field of view = 7mm)/td>",mafico
raw_strekeisen\pluto\gabbronorite\gabbronorite_XPL_11547954.jpg,pluto,gabbronorite,XPL,2x,"Pyroxene with exolution lamellae in a gabbronorite, Zimbawe. XPL image, 2x (Field of view = 7mm)/td>",mafico
raw_strekeisen\pluto\gabbronorite\gabbronorite_PPL_27783862.jpg,pluto,gabbronorite,PPL,2x,"Pyroxene, plagioclase and rare biotite in a gabbronorite, Zimbawe. PPL image, 2x (Field of view = 7mm)/td>",mafico
raw_strekeisen\pluto\gabbronorite\gabbronorite_XPL_77878935.jpg,pluto,gabbronorite,XPL,2x,"Pyroxene with exolution lamellae in a gabbronorite, Zimbawe. XPL image, 2x (Field of view = 7mm)/td>",mafico
raw_strekeisen\pluto\gabbronorite\gabbronorite_PPL_45141676.jpg,pluto,gabbronorite,PPL,2x,"Pyroxene, plagioclase and rare biotite in a gabbronorite, Zimbawe. PPL image, 2x (Field of view = 7mm)/td>",mafico
raw_strekeisen\pluto\gabbronorite\gabbronorite_XPL_49627496.jpg,pluto,gabbronorite,XPL,2x,"Pyroxene with exolution lamellae in a gabbronorite, Zimbawe. XPL image, 2x (Field of view = 7mm)/td>",mafico
raw_strekeisen\pluto\gabbronorite\gabbronorite_XPL_31822918.jpg,pluto,gabbronorite,XPL,2x,"Pyroxene with exolution lamellae in a gabbronorite, Zimbawe. XPL image, 2x (Field of view = 7mm)/td>",mafico
raw_strekeisen\pluto\gabbronorite\gabbronorite_PPL_25910119.jpg,pluto,gabbronorite,PPL,10x,"Pyroxene and plagioclase in a gabbronorite, Zimbawe. PPL image, 10x (Field of view = 2mm)/td>",mafico
raw_strekeisen\pluto\gabbronorite\gabbronorite_XPL_59470480.jpg,pluto,gabbronorite,XPL,10x,"Pyroxene with exolution lamellae in a gabbronorite, Zimbawe. XPL image, 10x (Field of view = 2mm)/td>",mafico
raw_strekeisen\pluto\gabbronorite\gabbronorite_XPL_89633522.jpg,pluto,gabbronorite,XPL,10x,"Pyroxene with exolution lamellae in a gabbronorite, Zimbawe. XPL image, 10x (Field of view = 2mm)/td>",mafico
raw_strekeisen\pluto\gabbronorite\gabbronorite_XPL_94850741.jpg,pluto,gabbronorite,XPL,10x,"Pyroxene with exolution lamellae in a gabbronorite, Zimbawe. XPL image, 10x (Field of view = 2mm)/td>>",mafico
raw_strekeisen\pluto\gabbronorite\gabbronorite_XPL_25610466.jpg,pluto,gabbronorite,XPL,10x,"Pyroxene with exolution lamellae in a gabbronorite, Zimbawe. XPL image, 10x (Field of view = 2mm)/td>",mafico
raw_strekeisen\pluto\gabbronorite\gabbronorite_XPL_78195303.jpg,pluto,gabbronorite,XPL,10x,"Pyroxene with exolution lamellae in a gabbronorite, Zimbawe. XPL image, 10x (Field of view = 2mm)/td>",mafico
raw_strekeisen\pluto\gabbronorite\gabbronorite_XPL_89056495.jpg,pluto,gabbronorite,XPL,10x,"Pyroxene with exolution lamellae in a gabbronorite, Zimbawe. XPL image, 10x (Field of view = 2mm)/td>",mafico
raw_strekeisen\pluto\gabbronorite\gabbronorite_XPL_76315495.jpg,pluto,gabbronorite,XPL,10x,"Pyroxene with exolution lamellae in a gabbronorite, Zimbawe. XPL image, 10x (Field of view = 2mm)/td>",mafico
raw_strekeisen\pluto\gabbronorite\gabbronorite_XPL_3006550.jpg,pluto,gabbronorite,XPL,10x,"Pyroxene with exolution lamellae in a gabbronorite, Zimbawe. XPL image, 10x (Field of view = 2mm)/td>",mafico
raw_strekeisen\pluto\gabbronorite\gabbronorite_XPL_2035004.jpg,pluto,gabbronorite,XPL,10x,"Pyroxene with exolution lamellae in a gabbronorite, Zimbawe. XPL image, 10x (Field of view = 2mm)/td>",mafico
raw_strekeisen\pluto\gabbronorite\gabbronorite_XPL_89965157.jpg,pluto,gabbronorite,XPL,10x,"Pyroxene with exolution lamellae in a gabbronorite, Zimbawe. XPL image, 10x (Field of view = 2mm)/td>",mafico
raw_strekeisen\pluto\gabbronorite\gabbronorite_XPL_94897427.jpg,pluto,gabbronorite,XPL,10x,"Pyroxene with exolution lamellae in a gabbronorite, Zimbawe. XPL image, 10x (Field of view = 2mm)/td>",mafico
raw_strekeisen\pluto\gabbronorite\gabbronorite_XPL_1563560.jpg,pluto,gabbronorite,XPL,10x,"Pyroxene with exolution lamellae in a gabbronorite, Zimbawe. XPL image, 10x (Field of view = 2mm)/td>",mafico
raw_strekeisen\pluto\gabbronorite\gabbronorite_XPL_53820269.jpg,pluto,gabbronorite,XPL,10x,"Pyroxene with exolution lamellae in a gabbronorite, Zimbawe. XPL image, 10x (Field of view = 2mm)/td>",mafico
raw_strekeisen\pluto\gabbronorite\gabbronorite_XPL_84415823.jpg,pluto,gabbronorite,XPL,2x,"Pyroxene with exolution lamellae in a gabbronorite, Zimbawe. XPL image, 2x (Field of view = 7mm)/td>",mafico
raw_strekeisen\pluto\gabbronorite\gabbronorite_XPL_87390557.jpg,pluto,gabbronorite,XPL,10x,"Pyroxene with exolution lamellae in a gabbronorite, Zimbawe. XPL image, 10x (Field of view = 2mm)/td>",mafico
raw_strekeisen\pluto\hornblendite\hornblendite_XPL_92759708.jpg,pluto,hornblendite,XPL,2x,"Hornblende crystals in a hornblendite rock.  XPL image, 2x (Field of view = 7mm)/td>",mafico
raw_strekeisen\pluto\hornblendite\hornblendite_PPL_27146988.jpg,pluto,hornblendite,PPL,2x,"Hornblende crystals in a hornblendite rock.  PPL image, 2x (Field of view = 7mm)/td>",mafico
raw_strekeisen\pluto\hornblendite\hornblendite_XPL_32621033.jpg,pluto,hornblendite,XPL,2x,"Hornblende crystals in a hornblendite rock.  XPL image, 2x (Field of view = 7mm)/td>",mafico
raw_strekeisen\pluto\hornblendite\hornblendite_XPL_9038585.jpg,pluto,hornblendite,XPL,2x,"Hornblende crystals in a hornblendite rock.  XPL image, 2x (Field of view = 7mm)/td>",mafico
raw_strekeisen\pluto\hornblendite\hornblendite_XPL_92942664.jpg,pluto,hornblendite,XPL,2x,"Hornblende crystals in a hornblendite rock.  XPL image, 2x (Field of view = 7mm)/td>",mafico
raw_strekeisen\pluto\hornblendite\hornblendite_PPL_79187630.jpg,pluto,hornblendite,PPL,2x,"Hornblende crystals in a hornblendite rock.  PPL image, 2x (Field of view = 7mm)/td>",mafico
raw_strekeisen\pluto\hornblendite\hornblendite_PPL_69747376.jpg,pluto,hornblendite,PPL,2x,"Hornblende crystals in a hornblendite rock.  PPL image, 2x (Field of view = 7mm)/td>",mafico
raw_strekeisen\pluto\hornblendite\hornblendite_XPL_70112903.jpg,pluto,hornblendite,XPL,2x,"Hornblende crystals in a hornblendite rock.  XPL image, 2x (Field of view = 7mm)/td>",mafico
raw_strekeisen\pluto\hornblendite\hornblendite_PPL_71828454.jpg,pluto,hornblendite,PPL,2x,"Hornblende crystals in a hornblendite rock.  PPL image, 2x (Field of view = 7mm)/td>",mafico
raw_strekeisen\pluto\hornblendite\hornblendite_XPL_88479824.jpg,pluto,hornblendite,XPL,2x,"Hornblende crystals in a hornblendite rock.  XPL image, 2x (Field of view = 7mm)/td>",mafico
raw_strekeisen\pluto\hornblendite\hornblendite_PPL_78972506.jpg,pluto,hornblendite,PPL,2x,"Hornblende crystals in a hornblendite rock.  PPL image, 2x (Field of view = 7mm)/td>",mafico
raw_strekeisen\pluto\hornblendite\hornblendite_XPL_44319293.jpg,pluto,hornblendite,XPL,2x,"Hornblende crystals in a hornblendite rock.  XPL image, 2x (Field of view = 7mm)/td>",mafico
raw_strekeisen\pluto\hornblendite\hornblendite_PPL_21358572.jpg,pluto,hornblendite,PPL,2x,"Hornblende crystals in a hornblendite rock.  PPL image, 2x (Field of view = 7mm)/td>",mafico
raw_strekeisen\pluto\hornblendite\hornblendite_PPL_96228134.jpg,pluto,hornblendite,PPL,2x,"Hornblende crystals in a hornblendite rock.  PPL image, 2x (Field of view = 7mm)/td>",mafico
raw_strekeisen\pluto\hornblendite\hornblendite_PPL_48153348.jpg,pluto,hornblendite,PPL,2x,"Hornblende crystals in a hornblendite rock.  PPL image, 2x (Field of view = 7mm)/td>",mafico
raw_strekeisen\pluto\hornblendite\hornblendite_PPL_86540077.jpg,pluto,hornblendite,PPL,2x,"Hornblende crystals in a hornblendite rock.  PPL image, 2x (Field of view = 7mm)/td>",mafico
raw_strekeisen\pluto\hornblendite\hornblendite_XPL_45829968.jpg,pluto,hornblendite,XPL,2x,"Hornblende crystals in a hornblendite rock.  XPL image, 2x (Field of view = 7mm)/td>",mafico
raw_strekeisen\pluto\hornblendite\hornblendite_XPL_74671352.jpg,pluto,hornblendite,XPL,2x,"Hornblende crystals in a hornblendite rock.  XPL image, 2x (Field of view = 7mm)/td>",mafico
raw_strekeisen\pluto\hornblendite\hornblendite_XPL_52928588.jpg,pluto,hornblendite,XPL,2x,"Hornblende crystals in a hornblendite rock.  XPL image, 2x (Field of view = 7mm)/td>",mafico
raw_strekeisen\pluto\hornblendite\hornblendite_XPL_82996610.jpg,pluto,hornblendite,XPL,2x,"Hornblende crystals in a hornblendite rock.  XPL image, 2x (Field of view = 7mm)/td>",mafico
raw_strekeisen\pluto\hornblendite\hornblendite_XPL_92472027.jpg,pluto,hornblendite,XPL,2x,"Hornblende crystals in a hornblendite rock.  XPL image, 2x (Field of view = 7mm)/td>",mafico
raw_strekeisen\pluto\hornblendite\hornblendite_XPL_26374980.jpg,pluto,hornblendite,XPL,2x,"Hornblende crystals in a hornblendite rock.  XPL image, 2x (Field of view = 7mm)/td>",mafico
raw_strekeisen\pluto\hornblendite\hornblendite_XPL_59730188.jpg,pluto,hornblendite,XPL,2x,"< Hornblende crystals in a hornblendite rock.  XPL image, 2x (Field of view = 7mm)/td>",mafico
raw_strekeisen\pluto\hornblendite\hornblendite_XPL_83249585.jpg,pluto,hornblendite,XPL,2x,"Hornblende crystals in a hornblendite rock.  XPL image, 2x (Field of view = 7mm)/td>",mafico
raw_strekeisen\pluto\hornblendite\hornblendite_PPL_22706814.jpg,pluto,hornblendite,PPL,2x,"Hornblende crystals and interstitial plagioclase in a hornblendite rock.  PPL image, 2x (Field of view = 7mm)/td>",mafico
raw_strekeisen\pluto\hornblendite\hornblendite_XPL_83168129.jpg,pluto,hornblendite,XPL,2x,"Hornblende crystals and interstitial plagioclase in a hornblendite rock.  XPL image, 2x (Field of view = 7mm)/td>",mafico
raw_strekeisen\pluto\hornblendite\hornblendite_XPL_66013963.jpg,pluto,hornblendite,XPL,2x,"Hornblende crystals and interstitial plagioclase in a hornblendite rock.  XPL image, 2x (Field of view = 7mm)/td>",mafico
raw_strekeisen\pluto\hornblendite\hornblendite_XPL_3436602.jpg,pluto,hornblendite,XPL,2x,"Hornblende crystals and interstitial plagioclase in a hornblendite rock.  XPL image, 2x (Field of view = 7mm)/td>",mafico
raw_strekeisen\pluto\hornblendite\hornblendite_PPL_97809621.jpg,pluto,hornblendite,PPL,2x,"Hornblende crystals and interstitial plagioclase in a hornblendite rock.  PPL image, 2x (Field of view = 7mm)/td>",mafico
raw_strekeisen\pluto\hornblendite\hornblendite_PPL_73947823.jpg,pluto,hornblendite,PPL,2x,"Hornblende crystals and interstitial plagioclase in a hornblendite rock.  PPL image, 2x (Field of view = 7mm)/td>",mafico
raw_strekeisen\pluto\hornblendite1\hornblendite1_PPL_13702839.jpg,pluto,hornblendite1,PPL,2x,"Hornblende, olivine and phlogopite. PPL image, 2x (Field of view = 7mm)",mafico
raw_strekeisen\pluto\hornblendite1\hornblendite1_PPL_257064.jpg,pluto,hornblendite1,PPL,2x,"Hornblende, olivine (rimmed by pyroxene) and phlogopite. PPL image, 2x (Field of view = 7mm)",mafico
raw_strekeisen\pluto\hornblendite1\hornblendite1_XPL_20149261.jpg,pluto,hornblendite1,XPL,2x,"Hornblende, olivine (rimmed by pyroxene) and phlogopite. XPL image, 2x (Field of view = 7mm)",mafico
raw_strekeisen\pluto\hornblendite1\hornblendite1_PPL_71323565.jpg,pluto,hornblendite1,PPL,2x,"Hornblende, olivine and phlogopite. PPL image, 2x (Field of view = 7mm)",mafico
raw_strekeisen\pluto\hornblendite1\hornblendite1_PPL_26150859.jpg,pluto,hornblendite1,PPL,2x,"Hornblende, olivine (rimmed by pyroxene) and phlogopite. PPL image, 2x (Field of view = 7mm)",mafico
raw_strekeisen\pluto\hornblendite1\hornblendite1_XPL_48825381.jpg,pluto,hornblendite1,XPL,2x,"Hornblende, olivine and phlogopite. XPL image, 2x (Field of view = 7mm)",mafico
raw_strekeisen\pluto\hornblendite1\hornblendite1_PPL_91540354.jpg,pluto,hornblendite1,PPL,2x,"Hornblende, olivine and phlogopite. PPL image, 2x (Field of view = 7mm)",mafico
raw_strekeisen\pluto\hornblendite1\hornblendite1_PPL_92157263.jpg,pluto,hornblendite1,PPL,2x,"Olivine rimmed by pyroxene. PPL image, 2x (Field of view = 7mm)",mafico
raw_strekeisen\pluto\hornblendite1\hornblendite1_PPL_53351801.jpg,pluto,hornblendite1,PPL,10x,"Olivine rimmed by pyroxene. PPL image, 10x (Field of view = 2mm)",mafico
raw_strekeisen\pluto\hornblendite1\hornblendite1_PPL_42159150.jpg,pluto,hornblendite1,PPL,10x,"Olivine rimmed by pyroxene. PPL image, 10x (Field of view = 2mm)",mafico
raw_strekeisen\pluto\hornblendite1\hornblendite1_XPL_41204273.jpg,pluto,hornblendite1,XPL,10x,"Olivine rimmed by pyroxene. XPL image, 10x (Field of view = 2mm)",mafico
raw_strekeisen\pluto\hornblendite1\hornblendite1_PPL_49445255.jpg,pluto,hornblendite1,PPL,2x,"Hornblende, plagioclase and phlogopite. PPL image, 2x (Field of view = 7mm)",mafico
raw_strekeisen\pluto\hornblendite1\hornblendite1_XPL_96691978.jpg,pluto,hornblendite1,XPL,2x,"Hornblende, plagioclase and phlogopite. XPL image, 2x (Field of view = 7mm)",mafico
raw_strekeisen\pluto\hornblendite1\hornblendite1_PPL_73722367.jpg,pluto,hornblendite1,PPL,2x,"Hornblende, plagioclase and phlogopite. PPL image, 2x (Field of view = 7mm)",mafico
raw_strekeisen\pluto\hornblendite1\hornblendite1_PPL_15928978.jpg,pluto,hornblendite1,PPL,2x,"Hornblende, plagioclase and phlogopite. PPL image, 2x (Field of view = 7mm)",mafico
raw_strekeisen\pluto\hornblendite1\hornblendite1_XPL_19402806.jpg,pluto,hornblendite1,XPL,2x,"Hornblende, plagioclase and phlogopite. XPL image, 2x (Field of view = 7mm)",mafico
raw_strekeisen\pluto\hornblendite1\hornblendite1_PPL_57394405.jpg,pluto,hornblendite1,PPL,2x,"Poikilitic phlogopite with hornblende inclusions. PPL image, 2x (Field of view = 7mm)",mafico
raw_strekeisen\pluto\hornblendite1\hornblendite1_PPL_91935146.jpg,pluto,hornblendite1,PPL,2x,"Poikilitic phlogopite with hornblende inclusions. PPL image, 2x (Field of view = 7mm)",mafico
raw_strekeisen\pluto\gabbrohornblende\gabbrohornblende_PPL_29261376.jpg,pluto,gabbrohornblende,PPL,2x,"Hornblende and plagioclase crystals. PPL image, 2x (Field of view = 7mm)/td>",mafico
raw_strekeisen\pluto\gabbrohornblende\gabbrohornblende_XPL_82487970.jpg,pluto,gabbrohornblende,XPL,2x,"Hornblende and plagioclase crystals. XPL image, 2x (Field of view = 7mm)/td>",mafico
raw_strekeisen\pluto\gabbrohornblende\gabbrohornblende_PPL_27703464.jpg,pluto,gabbrohornblende,PPL,2x,"Hornblende and plagioclase crystals. PPL image, 2x (Field of view = 7mm)/td>",mafico
raw_strekeisen\pluto\gabbrohornblende\gabbrohornblende_XPL_40636927.jpg,pluto,gabbrohornblende,XPL,2x,"Hornblende and plagioclase crystals. XPL image, 2x (Field of view = 7mm)/td>",mafico
raw_strekeisen\pluto\gabbrohornblende\gabbrohornblende_PPL_70184047.jpg,pluto,gabbrohornblende,PPL,2x,"Hornblende and plagioclase crystals. PPL image, 2x (Field of view = 7mm)/td>",mafico
raw_strekeisen\pluto\gabbrohornblende\gabbrohornblende_XPL_57006155.jpg,pluto,gabbrohornblende,XPL,10x,"Hornblende and plagioclase crystals. XPL image, 10x (Field of view = 2mm)/td>",mafico
raw_strekeisen\pluto\gabbrohornblende\gabbrohornblende_XPL_52759683.jpg,pluto,gabbrohornblende,XPL,10x,"Hornblende and plagioclase crystals. XPL image, 10x (Field of view = 2mm)/td>",mafico
raw_strekeisen\pluto\gabbrohornblende\gabbrohornblende_XPL_20792851.jpg,pluto,gabbrohornblende,XPL,2x,"Hornblende and plagioclase crystals. XPL image, 2x (Field of view = 7mm)/td>",mafico
raw_strekeisen\pluto\gabbrohornblende\gabbrohornblende_XPL_31954425.jpg,pluto,gabbrohornblende,XPL,2x,"Hornblende and plagioclase crystals. XPL image, 2x (Field of view = 7mm)/td>",mafico
raw_strekeisen\pluto\gabbrohornblende\gabbrohornblende_PPL_79085930.jpg,pluto,gabbrohornblende,PPL,2x,"Hornblende and plagioclase crystals. PPL image, 2x (Field of view = 7mm)/td>",mafico
raw_strekeisen\pluto\gabbrohornblende\gabbrohornblende_XPL_93878231.jpg,pluto,gabbrohornblende,XPL,2x,"Hornblende and plagioclase crystals. XPL image, 2x (Field of view = 7mm)/td>",mafico
raw_strekeisen\pluto\gabbrohornblende\gabbrohornblende_XPL_21357632.jpg,pluto,gabbrohornblende,XPL,2x,"Hornblende and plagioclase crystals. XPL image, 2x (Field of view = 7mm)/td>",mafico
raw_strekeisen\pluto\gabbrohornblende\gabbrohornblende_XPL_29175545.jpg,pluto,gabbrohornblende,XPL,2x,"Hornblende and plagioclase crystals. XPL image, 2x (Field of view = 7mm)/td>",mafico
raw_strekeisen\pluto\gabbrohornblende\gabbrohornblende_PPL_27705578.jpg,pluto,gabbrohornblende,PPL,2x,"Hornblende and plagioclase crystals. PPL image, 2x (Field of view = 7mm)/td>",mafico
raw_strekeisen\pluto\gabbrohornblende\gabbrohornblende_PPL_14654692.jpg,pluto,gabbrohornblende,PPL,2x,"Hornblende and plagioclase crystals. PPL image, 2x (Field of view = 7mm)/td>",mafico
raw_strekeisen\pluto\mattonigabbro\mattonigabbro_PPL_31122074.jpg,pluto,mattonigabbro,PPL,1x,"Big hornblende crystals (green and rich in inclusions) in a fine-grained matrix. Hornblende gabbro from Monte Mattoni, Adamello, Italy. PPL image, 1x (Field of view = 9mm)/td>",mafico
raw_strekeisen\pluto\mattonigabbro\mattonigabbro_XPL_70916445.jpg,pluto,mattonigabbro,XPL,1x,"Big hornblende crystals (rich in inclusions) in a fine-grained matrix. Hornblende gabbro from Monte Mattoni, Adamello, Italy. XPL image, 1x (Field of view = 9mm)/td>",mafico
raw_strekeisen\pluto\mattonigabbro\mattonigabbro_PPL_57393830.jpg,pluto,mattonigabbro,PPL,1x,"Big hornblende crystals (green and rich in inclusions) in a fine-grained matrix. Hornblende gabbro from Monte Mattoni, Adamello, Italy. PPL image, 1x (Field of view = 9mm)/td>",mafico
raw_strekeisen\pluto\mattonigabbro\mattonigabbro_XPL_20126436.jpg,pluto,mattonigabbro,XPL,1x,"Big hornblende crystals (rich in inclusions) in a fine-grained matrix. Hornblende gabbro from Monte Mattoni, Adamello, Italy. XPL image, 1x (Field of view = 9mm)/td>",mafico
raw_strekeisen\pluto\mattonigabbro\mattonigabbro_PPL_56419432.jpg,pluto,mattonigabbro,PPL,1x,"Big hornblende crystals (green and rich in inclusions) in a fine-grained matrix. Hornblende gabbro from Monte Mattoni, Adamello, Italy. PPL image, 1x (Field of view = 9mm)/td>",mafico
raw_strekeisen\pluto\mattonigabbro\mattonigabbro_PPL_71916784.jpg,pluto,mattonigabbro,PPL,1x,"Big hornblende crystals (green and rich in inclusions) in a fine-grained matrix. Hornblende gabbro from Monte Mattoni, Adamello, Italy. PPL image, 1x (Field of view = 9mm)/td>",mafico
raw_strekeisen\pluto\mattonigabbro\mattonigabbro_XPL_25100541.jpg,pluto,mattonigabbro,XPL,1x,"Big hornblende crystals (rich in inclusions) in a fine-grained matrix. Hornblende gabbro from Monte Mattoni, Adamello, Italy. XPL image, 1x (Field of view = 9mm)/td>",mafico
raw_strekeisen\pluto\mattonigabbro\mattonigabbro_PPL_12114394.jpg,pluto,mattonigabbro,PPL,1x,"Big hornblende crystals (green and rich in inclusions) in a fine-grained matrix. Hornblende gabbro from Monte Mattoni, Adamello, Italy. PPL image, 1x (Field of view = 9mm)/td>",mafico
raw_strekeisen\pluto\mattonigabbro\mattonigabbro_XPL_5581048.jpg,pluto,mattonigabbro,XPL,1x,"Big hornblende crystals (rich in inclusions) in a fine-grained matrix. Hornblende gabbro from Monte Mattoni, Adamello, Italy. XPL image, 1x (Field of view = 9mm)/td>",mafico
raw_strekeisen\pluto\mattonigabbro\mattonigabbro_PPL_38800057.jpg,pluto,mattonigabbro,PPL,1x,"Big hornblende crystals (green and rich in inclusions) in a fine-grained matrix. Hornblende gabbro from Monte Mattoni, Adamello, Italy. PPL image, 1x (Field of view = 9mm)/td>",mafico
raw_strekeisen\pluto\mattonigabbro\mattonigabbro_XPL_53536569.jpg,pluto,mattonigabbro,XPL,1x,"Big hornblende crystals (rich in inclusions) in a fine-grained matrix. Hornblende gabbro from Monte Mattoni, Adamello, Italy. XPL image, 1x (Field of view = 9mm)/td>",mafico
raw_strekeisen\pluto\mattonigabbro\mattonigabbro_PPL_19860405.jpg,pluto,mattonigabbro,PPL,1x,"Big hornblende crystals (green and rich in inclusions) in a fine-grained matrix. Hornblende gabbro from Monte Mattoni, Adamello, Italy. PPL image, 1x (Field of view = 9mm)/td>",mafico
raw_strekeisen\pluto\mattonigabbro\mattonigabbro_XPL_26901723.jpg,pluto,mattonigabbro,XPL,1x,"Big hornblende crystals (rich in inclusions) in a fine-grained matrix. Hornblende gabbro from Monte Mattoni, Adamello, Italy. XPL image, 1x (Field of view = 9mm)/td>",mafico
raw_strekeisen\pluto\mattonigabbro\mattonigabbro_PPL_63347124.jpg,pluto,mattonigabbro,PPL,1x,"Big hornblende crystals (green and rich in inclusions) in a fine-grained matrix. Hornblende gabbro from Monte Mattoni, Adamello, Italy. PPL image, 1x (Field of view = 9mm)/td>",mafico
raw_strekeisen\pluto\mattonigabbro\mattonigabbro_XPL_60967532.jpg,pluto,mattonigabbro,XPL,1x,"Big hornblende crystals (rich in inclusions) in a fine-grained matrix. Hornblende gabbro from Monte Mattoni, Adamello, Italy. XPL image, 1x (Field of view = 9mm)/td>",mafico
raw_strekeisen\pluto\mattonigabbro\mattonigabbro_PPL_18074384.jpg,pluto,mattonigabbro,PPL,1x,"Big hornblende crystals (green and rich in inclusions) in a fine-grained matrix. Hornblende gabbro from Monte Mattoni, Adamello, Italy. PPL image, 1x (Field of view = 9mm)/td>",mafico
raw_strekeisen\pluto\mattonigabbro\mattonigabbro_PPL_64382820.jpg,pluto,mattonigabbro,PPL,1x,"Big hornblende crystals (green and rich in inclusions) in a fine-grained matrix. Hornblende gabbro from Monte Mattoni, Adamello, Italy. PPL image, 1x (Field of view = 9mm)/td>",mafico
raw_strekeisen\pluto\mattonigabbro\mattonigabbro_XPL_43240757.jpg,pluto,mattonigabbro,XPL,1x,"Big hornblende crystals (rich in inclusions) in a fine-grained matrix. Hornblende gabbro from Monte Mattoni, Adamello, Italy. XPL image, 1x (Field of view = 9mm)/td>",mafico
raw_strekeisen\pluto\mattonigabbro\mattonigabbro_PPL_37620371.jpg,pluto,mattonigabbro,PPL,2x,"Pyroxene crystals in the fine-grained matrix. Hornblende gabbro from Monte Mattoni, Adamello, Italy. PPL image, 2x (Field of view = 7mm)/td>",mafico
raw_strekeisen\pluto\mattonigabbro\mattonigabbro_XPL_70006792.jpg,pluto,mattonigabbro,XPL,2x,"Pyroxene crystals in the fine-grained matrix. Hornblende gabbro from Monte Mattoni, Adamello, Italy. XPL image, 2x (Field of view = 7mm)/td>",mafico
raw_strekeisen\pluto\mattonigabbro\mattonigabbro_PPL_55726191.jpg,pluto,mattonigabbro,PPL,2x,"Pyroxene crystals in the fine-grained matrix. Hornblende gabbro from Monte Mattoni, Adamello, Italy. PPL image, 2x (Field of view = 7mm)/td>",mafico
raw_strekeisen\pluto\mattonigabbro\mattonigabbro_XPL_79693391.jpg,pluto,mattonigabbro,XPL,2x,"Pyroxene crystals in the fine-grained matrix. Hornblende gabbro from Monte Mattoni, Adamello, Italy. XPL image, 2x (Field of view = 7mm)/td>",mafico
raw_strekeisen\pluto\ijolite1\ijolite1_PPL_23779761.jpg,pluto,ijolite1,PPL,2x,"Aegirine (green), altered nepheline and feldspar (dusty). Caletta de la cruz, Fuerteventura, Canary Islands. PPL image, 2x (Field of view = 7mm)",mafico
raw_strekeisen\pluto\ijolite1\ijolite1_XPL_9678286.jpg,pluto,ijolite1,XPL,2x,"Aegirine, altered nepheline and feldspar (dusty). Caletta de la cruz, Fuerteventura, Canary Islands. XPL image, 2x (Field of view = 7mm)",mafico
raw_strekeisen\pluto\ijolite1\ijolite1_PPL_58180407.jpg,pluto,ijolite1,PPL,2x,"Aegirine (green), titanite, altered nepheline and feldspar (dusty). Caletta de la cruz, Fuerteventura, Canary Islands. PPL image, 2x (Field of view = 7mm)",mafico
raw_strekeisen\pluto\ijolite1\ijolite1_XPL_2835893.jpg,pluto,ijolite1,XPL,2x,"Aegirine, titanite, altered nepheline and feldspar (dusty). Caletta de la cruz, Fuerteventura, Canary Islands. XPL image, 2x (Field of view = 7mm)",mafico
raw_strekeisen\pluto\ijolite1\ijolite1_PPL_40826956.jpg,pluto,ijolite1,PPL,2x,"Aegirine (green), altered nepheline and feldspar (dusty). Caletta de la cruz, Fuerteventura, Canary Islands. PPL image, 2x (Field of view = 7mm)",mafico
raw_strekeisen\pluto\ijolite1\ijolite1_PPL_93781329.jpg,pluto,ijolite1,PPL,2x,"Aegirine (green), titanite, altered nepheline and feldspar (dusty). Caletta de la cruz, Fuerteventura, Canary Islands. PPL image, 2x (Field of view = 7mm)",mafico
raw_strekeisen\pluto\ijolite1\ijolite1_PPL_6434504.jpg,pluto,ijolite1,PPL,2x,"Aegirine (green), altered nepheline and feldspar (dusty). Caletta de la cruz, Fuerteventura, Canary Islands. PPL image, 2x (Field of view = 7mm)",mafico
raw_strekeisen\pluto\ijolite1\ijolite1_XPL_68619918.jpg,pluto,ijolite1,XPL,2x,"Aegirine, altered nepheline and feldspar (dusty). Caletta de la cruz, Fuerteventura, Canary Islands. XPL image, 2x (Field of view = 7mm)",mafico
raw_strekeisen\pluto\ijolite1\ijolite1_PPL_77694855.jpg,pluto,ijolite1,PPL,2x,"Aegirine (green), altered nepheline and feldspar (dusty). Caletta de la cruz, Fuerteventura, Canary Islands. PPL image, 2x (Field of view = 7mm)",mafico
raw_strekeisen\pluto\ijolite1\ijolite1_XPL_78007225.jpg,pluto,ijolite1,XPL,2x,"Aegirine, altered nepheline and feldspar (dusty). Caletta de la cruz, Fuerteventura, Canary Islands. XPL image, 2x (Field of view = 7mm)",mafico
raw_strekeisen\pluto\ijolite1\ijolite1_PPL_5531134.jpg,pluto,ijolite1,PPL,2x,"Aegirine (green), altered nepheline and feldspar (dusty). Caletta de la cruz, Fuerteventura, Canary Islands. PPL image, 2x (Field of view = 7mm)",mafico
raw_strekeisen\pluto\ijolite1\ijolite1_PPL_74330563.jpg,pluto,ijolite1,PPL,2x,"Aegirine (green), altered nepheline and feldspar (dusty). Caletta de la cruz, Fuerteventura, Canary Islands. PPL image, 2x (Field of view = 7mm)",mafico
raw_strekeisen\pluto\ijolite1\ijolite1_PPL_12355387.jpg,pluto,ijolite1,PPL,2x,"Aegirine (green), altered nepheline and feldspar (dusty). Caletta de la cruz, Fuerteventura, Canary Islands. PPL image, 2x (Field of view = 7mm)",mafico
raw_strekeisen\pluto\ijolite1\ijolite1_PPL_52479283.jpg,pluto,ijolite1,PPL,2x,"Aegirine (green), altered nepheline and feldspar (dusty). Caletta de la cruz, Fuerteventura, Canary Islands. PPL image, 2x (Field of view = 7mm)",mafico
raw_strekeisen\pluto\ijolite1\ijolite1_PPL_32150004.jpg,pluto,ijolite1,PPL,2x,"Aegirine (green), titanite, altered nepheline and feldspar (dusty). Caletta de la cruz, Fuerteventura, Canary Islands. PPL image, 2x (Field of view = 7mm)",mafico
raw_strekeisen\pluto\ijolite\ijolite_PPL_82740570.jpg,pluto,ijolite,PPL,2x,"Phlogopite, andradite (brown) and altered nepheline (dusty). PPL image, 2x (Field of view = 7mm)",mafico
raw_strekeisen\pluto\ijolite\ijolite_XPL_8772657.jpg,pluto,ijolite,XPL,2x,"Phlogopite, andradite and altered nepheline. XPL image, 2x (Field of view = 7mm)",mafico
raw_strekeisen\pluto\ijolite\ijolite_PPL_85646378.jpg,pluto,ijolite,PPL,2x,"Phlogopite, biotite (green), andradite (brown) and altered nepheline (dusty). PPL image, 2x (Field of view = 7mm)",mafico
raw_strekeisen\pluto\ijolite\ijolite_PPL_22385444.jpg,pluto,ijolite,PPL,2x,"Phlogopite, biotite (green), andradite (brown) and altered nepheline (dusty). PPL image, 2x (Field of view = 7mm)",mafico
raw_strekeisen\pluto\ijolite\ijolite_PPL_68517085.jpg,pluto,ijolite,PPL,2x,"Phlogopite, green biotite, andradite, apatite and altered nepheline. PPL image, 2x (Field of view = 7mm)",mafico
raw_strekeisen\pluto\ijolite\ijolite_PPL_19201907.jpg,pluto,ijolite,PPL,2x,"Altered nepheline. PPL image, 2x (Field of view = 7mm)",mafico
raw_strekeisen\pluto\ijolite\ijolite_XPL_29600203.jpg,pluto,ijolite,XPL,2x,"Altered nepheline. XPL image, 2x (Field of view = 7mm)",mafico
raw_strekeisen\pluto\ijolite\ijolite_XPL_43568000.jpg,pluto,ijolite,XPL,2x,"Phlogopite, biotite, andradite and altered nepheline. XPL image, 2x (Field of view = 7mm)",mafico
raw_strekeisen\pluto\ijolite\ijolite_PPL_28580767.jpg,pluto,ijolite,PPL,2x,"Phlogopite, biotite (green), andradite (brown) and altered nepheline (dusty). PPL image, 2x (Field of view = 7mm)",mafico
raw_strekeisen\pluto\ijolite\ijolite_PPL_87208565.jpg,pluto,ijolite,PPL,2x,"Phlogopite, apatite, andradite (brown) and altered nepheline (dusty). PPL image, 2x (Field of view = 7mm)",mafico
raw_strekeisen\pluto\ijolite\ijolite_PPL_97036045.jpg,pluto,ijolite,PPL,2x,"Phlogopite, apatite, andradite (brown) and altered nepheline (dusty). PPL image, 2x (Field of view = 7mm)",mafico
raw_strekeisen\pluto\ijolite\ijolite_PPL_31115905.jpg,pluto,ijolite,PPL,2x,"Phlogopite, apatite and altered nepheline (dusty). PPL image, 2x (Field of view = 7mm)",mafico
raw_strekeisen\pluto\ijolite\ijolite_PPL_2135480.jpg,pluto,ijolite,PPL,2x,"Phlogopite, andradite (brown) and altered nepheline (dusty). PPL image, 2x (Field of view = 7mm)",mafico
raw_strekeisen\pluto\ijolite\ijolite_XPL_25326340.jpg,pluto,ijolite,XPL,2x,"Phlogopite, andradite and altered nepheline. XPL image, 2x (Field of view = 7mm)",mafico
raw_strekeisen\pluto\ijolite\ijolite_PPL_60339343.jpg,pluto,ijolite,PPL,2x,"biotite (green), andradite (brown) and altered nepheline (dusty). PPL image, 2x (Field of view = 7mm)",mafico
raw_strekeisen\pluto\ijolite\ijolite_PPL_6700855.jpg,pluto,ijolite,PPL,2x,"Phlogopite, andradite, apatite and altered nepheline. PPL image, 2x (Field of view = 7mm)",mafico
raw_strekeisen\pluto\ijolite\ijolite_XPL_14427672.jpg,pluto,ijolite,XPL,2x,"Phlogopite, andradite, apatite and altered nepheline. XPL image, 2x (Field of view = 7mm)",mafico
raw_strekeisen\pluto\ijolite\ijolite_PPL_91121633.jpg,pluto,ijolite,PPL,2x,"Phlogopite, green biotite, andradite, apatite and altered nepheline. PPL image, 2x (Field of view = 7mm)",mafico
raw_strekeisen\pluto\ijolite\ijolite_PPL_50081075.jpg,pluto,ijolite,PPL,2x,"Andradite enclosed in biotite. PPL image, 2x (Field of view = 7mm)",mafico
raw_strekeisen\pluto\ijolite\ijolite_PPL_39132772.jpg,pluto,ijolite,PPL,2x,"Phlogopite, andradite, altered nepheline. PPL image, 2x (Field of view = 7mm)",mafico
raw_strekeisen\pluto\jotunite\jotunite_PPL_80331675.jpg,pluto,jotunite,PPL,2x,"Pyroxene, ilmenite and plagioclase with antiperthite unmixing (the darker spots) crystals in a Jotunite. Norway. PPL image. 2x (Field of view = 7mm)",priority
raw_strekeisen\pluto\jotunite\jotunite_XPL_84930314.jpg,pluto,jotunite,XPL,2x,"Pyroxene, ilmenite and plagioclase with antiperthite unmixing (the darker spots) crystals in a Jotunite. Norway. XPL image. 2x (Field of view = 7mm)",priority
raw_strekeisen\pluto\jotunite\jotunite_XPL_96732152.jpg,pluto,jotunite,XPL,2x,"Pyroxene, ilmenite and plagioclase with antiperthite unmixing (the darker spots) crystals in a Jotunite. Norway. XPL image. 2x (Field of view = 7mm)",priority
raw_strekeisen\pluto\jotunite\jotunite_XPL_5907024.jpg,pluto,jotunite,XPL,2x,"Pyroxene, ilmenite and plagioclase with antiperthite unmixing (the darker spots) crystals in a Jotunite. Norway. XPL image. 2x (Field of view = 7mm)",priority
raw_strekeisen\pluto\jotunite\jotunite_XPL_46446491.jpg,pluto,jotunite,XPL,2x,"Pyroxene, ilmenite and plagioclase with antiperthite unmixing (the darker spots) crystals in a Jotunite. Norway. XPL image. 2x (Field of view = 7mm)",priority
raw_strekeisen\pluto\jotunite\jotunite_XPL_65873848.jpg,pluto,jotunite,XPL,2x,"Pyroxene (Opx in gray), ilmenite and plagioclase with antiperthite unmixing (the darker spots) crystals in a Jotunite. Norway. XPL image. 2x (Field of view = 7mm)",priority
raw_strekeisen\pluto\jotunite\jotunite_XPL_34081254.jpg,pluto,jotunite,XPL,2x,"Pyroxene, ilmenite and plagioclase with antiperthite unmixing (the darker spots) crystals in a Jotunite. Norway. XPL image. 2x (Field of view = 7mm)",priority
raw_strekeisen\pluto\jotunite\jotunite_XPL_21230375.jpg,pluto,jotunite,XPL,2x,"Pyroxene, ilmenite and plagioclase with antiperthite unmixing (the darker spots) crystals in a Jotunite. Norway. XPL image. 2x (Field of view = 7mm)",priority
raw_strekeisen\pluto\jotunite\jotunite_XPL_99897463.jpg,pluto,jotunite,XPL,2x,"Pyroxene, ilmenite and plagioclase with antiperthite unmixing (the darker spots) crystals in a Jotunite. Norway. XPL image. 2x (Field of view = 7mm)",priority
raw_strekeisen\pluto\jotunite\jotunite_XPL_70814730.jpg,pluto,jotunite,XPL,2x,"Pyroxene, ilmenite and plagioclase with antiperthite unmixing (the darker spots) crystals in a Jotunite. Norway. XPL image. 2x (Field of view = 7mm)",priority
raw_strekeisen\pluto\jotunite\jotunite_XPL_49993795.jpg,pluto,jotunite,XPL,2x,"Pyroxene, ilmenite and plagioclase with antiperthite unmixing (the darker spots) crystals in a Jotunite. Norway. XPL image. 2x (Field of view = 7mm)",priority
raw_strekeisen\pluto\jotunite\jotunite_XPL_63471859.jpg,pluto,jotunite,XPL,2x,"Pyroxene (with exsolution lamellae), ilmenite and plagioclase with antiperthite unmixing (the darker spots) crystals in a Jotunite. Norway. XPL image. 2x (Field of view = 7mm)",priority
raw_strekeisen\pluto\jotunite\jotunite_XPL_57016591.jpg,pluto,jotunite,XPL,2x,"Pyroxene, ilmenite and plagioclase with antiperthite unmixing (the darker spots) crystals in a Jotunite. Norway. XPL image. 2x (Field of view = 7mm)",priority
raw_strekeisen\pluto\jotunite\jotunite_XPL_80128321.jpg,pluto,jotunite,XPL,2x,"Pyroxene, ilmenite and plagioclase with antiperthite unmixing (the darker spots) crystals in a Jotunite. Norway. XPL image. 2x (Field of view = 7mm)",priority
raw_strekeisen\pluto\monzonite\monzonite_PPL_65516212.jpg,pluto,monzonite,PPL,2x,"Orthoclase (altered by sericite) and with altered olivine inclusions, biotie (brown), magnetite (black) and pyroxene crystals in a monzonite from Monzoni massif, Italy. PPL image, 2x (Field of view = 7mm)",priority
raw_strekeisen\pluto\monzonite\monzonite_XPL_23335714.jpg,pluto,monzonite,XPL,2x,"Orthoclase (I order gray) and with altered olivine inclusions, biotie, magnetite (black) and pyroxene (high interference colors) crystals in a monzonite from Monzoni massif, Italy. XPL image, 2x (Field of view = 7mm)",priority
raw_strekeisen\pluto\monzonite\monzonite_PPL_31632009.jpg,pluto,monzonite,PPL,2x,"Orthoclase, plagioclase (both colorles), hornblende (green) and clinopyroxene (high relief, pale gray-green). PPL image, 2x (Field of view = 7mm)",priority
raw_strekeisen\pluto\cancrinitepegmatite\cancrinitepegmatite_XPL_66858794.jpg,pluto,cancrinitepegmatite,XPL,1x,"Aegirine, cancrinite (high interference colors), nepheline and plagioclase crystals (I order gray) in a cancrinite-pegmatite from Punkaruaiv, Lovozero, Kola, Russia. XPL image, 1x (Field of view = 9mm)",priority
raw_strekeisen\pluto\cancrinitepegmatite\cancrinitepegmatite_XPL_56114694.jpg,pluto,cancrinitepegmatite,XPL,1x,"Aegirine, cancrinite (high interference colors), nepheline and plagioclase crystal (I order gray) in a cancrinite-pegmatite from Punkaruaiv, Lovozero, Kola, Russia. XPL image, 1x (Field of view = 9mm)",priority
raw_strekeisen\pluto\cancrinitepegmatite\cancrinitepegmatite_XPL_84946402.jpg,pluto,cancrinitepegmatite,XPL,1x,"Aegirine, cancrinite (high interference colors), nepheline and plagioclase crystal (I order gray) in a cancrinite-pegmatite from Punkaruaiv, Lovozero, Kola, Russia. XPL image, 1x (Field of view = 9mm)",priority
raw_strekeisen\vulc\vosegite\vosegite_PPL_53943233.jpg,vulc,vosegite,PPL,2x,"Hornblende, Magnetite, Biotite and Pyroxene phenocrysts and Sericitized feldspar in the groundmass. PPL image, 2x (Field of view = 7mm)",priority
raw_strekeisen\vulc\vosegite\vosegite_PPL_80843099.jpg,vulc,vosegite,PPL,2x,"Hornblende, Magnetite, Biotite and Pyroxene phenocrysts and Sericitized feldspar in the groundmass. PPL image, 2x (Field of view = 7mm)",priority
raw_strekeisen\vulc\vosegite\vosegite_PPL_82629810.jpg,vulc,vosegite,PPL,2x,"Hornblende, Magnetite, Biotite and Pyroxene phenocrysts and Sericitized feldspar in the groundmass. PPL image, 2x (Field of view = 7mm)",priority
raw_strekeisen\vulc\vosegite\vosegite_XPL_56862429.jpg,vulc,vosegite,XPL,2x,"Hornblende, Magnetite, Biotite and Pyroxene phenocrysts and Sericitized feldspar in the groundmass. XPL image, 2x (Field of view = 7mm)",priority
raw_strekeisen\vulc\vosegite\vosegite_PPL_25006714.jpg,vulc,vosegite,PPL,2x,"Hornblende, Magnetite, Biotite and Pyroxene phenocrysts and Sericitized feldspar in the groundmass. PPL image, 2x (Field of view = 7mm)",priority
raw_strekeisen\vulc\vosegite\vosegite_XPL_47295739.jpg,vulc,vosegite,XPL,2x,"Hornblende, Magnetite, Biotite and Pyroxene phenocrysts and Sericitized feldspar in the groundmass. XPL image, 2x (Field of view = 7mm)",priority
raw_strekeisen\vulc\vosegite\vosegite_PPL_66954198.jpg,vulc,vosegite,PPL,2x,"Hornblende, Magnetite, Biotite and Pyroxene phenocrysts and Sericitized feldspar in the groundmass. PPL image, 2x (Field of view = 7mm)",priority
raw_strekeisen\vulc\vosegite\vosegite_XPL_68399730.jpg,vulc,vosegite,XPL,2x,"Hornblende, Magnetite, Biotite and Pyroxene phenocrysts and Sericitized feldspar in the groundmass. XPL image, 2x (Field of view = 7mm)",priority
raw_strekeisen\vulc\vosegite\vosegite_PPL_95695657.jpg,vulc,vosegite,PPL,2x,"Hornblende, Magnetite, Biotite and Pyroxene phenocrysts and Sericitized feldspar in the groundmass. PPL image, 2x (Field of view = 7mm)",priority
raw_strekeisen\vulc\vosegite\vosegite_XPL_94223078.jpg,vulc,vosegite,XPL,2x,"Hornblende, Magnetite, Biotite and Pyroxene phenocrysts and Sericitized feldspar in the groundmass. XPL image, 2x (Field of view = 7mm)",priority
raw_strekeisen\vulc\vosegite\vosegite_PPL_97247665.jpg,vulc,vosegite,PPL,2x,"Hornblende, Magnetite, Biotite and Pyroxene phenocrysts and Sericitized feldspar in the groundmass. PPL image, 2x (Field of view = 7mm)",priority
raw_strekeisen\vulc\latite\latite_PPL_25515208.jpg,vulc,latite,PPL,2x,"Sanidine, plagioclase, pyroxene (green) and altered olivine crystals in a Latite from Bolsena lake (Latium, Italy). PPL image, 2x (Field of view = 7mm)",priority
raw_strekeisen\vulc\latite\latite_PPL_59563209.jpg,vulc,latite,PPL,2x,"Sanidine, plagioclase, pyroxene (green) and altered olivine crystals in a Latite from Bolsena lake (Latium, Italy). PPL image, 2x (Field of view = 7mm)",priority
raw_strekeisen\vulc\latite\latite_PPL_409904.jpg,vulc,latite,PPL,2x,"Biotite, sanidine, plagioclase and pyroxene (green) in a Latite from Bolsena lake (Latium, Italy). PPL image, 2x (Field of view = 7mm)",priority
raw_strekeisen\vulc\latite\latite_PPL_23699275.jpg,vulc,latite,PPL,2x,"Biotite, sanidine, plagioclase and pyroxene (green) in a Latite from Bolsena lake (Latium, Italy). PPL image, 2x (Field of view = 7mm)",priority
raw_strekeisen\vulc\rhyolite\rhyolite_PPL_96658685.jpg,vulc,rhyolite,PPL,2x,"Quartz, sanidine, plagioclase (colorless) and biotite in a Rhyolite with felsic groundmass from S.Vincenzo (Italy). PPL image, 2x (Field of view = 7mm)",priority
raw_strekeisen\vulc\rhyolite\rhyolite_XPL_67615558.jpg,vulc,rhyolite,XPL,2x,"Quartz, sanidine, plagioclase, biotite and altered Cordierite (in the right corner of the photo) in a Rhyolite with felsic groundmass from S.Vincenzo (Italy). XPL image, 2x (Field of view = 7mm)",priority
raw_strekeisen\vulc\rhyolite\rhyolite_PPL_47531781.jpg,vulc,rhyolite,PPL,2x,"Quartz (embayed), sanidine, plagioclase (colorless) and biotite in a Rhyolite with felsic groundmass from S.Vincenzo (Italy). PPL image, 2x (Field of view = 7mm)",priority
raw_strekeisen\vulc\rhyolite\rhyolite_XPL_40512146.jpg,vulc,rhyolite,XPL,2x,"Quartz (embayed), sanidine, plagioclase and biotite in a Rhyolite with felsic groundmass from S.Vincenzo (Italy). XPL image, 2x (Field of view = 7mm)",priority
raw_strekeisen\pluto\plagioclase\plagioclase_XPL_5209261.jpg,pluto,plagioclase,XPL,2x,"Plagioclase and clinopyroxene crystals with interstitial orthoclase. XPL image , 2x (Field of view = 7mm)",priority
raw_strekeisen\pluto\plagioclase\plagioclase_XPL_42145000.jpg,pluto,plagioclase,XPL,2x,"Plagioclase and clinopyroxene crystals with interstitial orthoclase. XPL image , 2x (Field of view = 7mm)",priority
raw_strekeisen\pluto\plagioclase\plagioclase_XPL_74919.jpg,pluto,plagioclase,XPL,10x,"Antiperthite unmixing in plagioclase ( note that the anthiperthite have within them perthite unmixing ) in a Charnokite, Rogaland Province, Norway. XPL image. 10x (Field of view = 2mm)",priority
raw_strekeisen\pluto\plagioclase\plagioclase_XPL_92068020.jpg,pluto,plagioclase,XPL,10x,"Antiperthite unmixing in plagioclase ( note that the anthiperthite have within them perthite unmixing ) in a Charnokite, Rogaland Province, Norway. XPL image. 10x (Field of view = 2mm)",priority
raw_strekeisen\pluto\plagioclase\plagioclase_XPL_52331892.jpg,pluto,plagioclase,XPL,10x,"Antiperthite unmixing in plagioclase ( note that the anthiperthite have within them perthite unmixing ) in a Charnokite, Rogaland Province, Norway. XPL image. 10x (Field of view = 2mm)",priority
raw_strekeisen\pluto\nepheline\nepheline_PPL_83029959.jpg,pluto,nepheline,PPL,2x,"Nepheline crystals (colorless and rich in inclusions) in a fine grained groundmass made of plagioclase and aegirine. Mt. Flora, Lovozero, Kola, Russia. PPL image, 2x (Field of view = 7mm)",priority
raw_strekeisen\pluto\nepheline\nepheline_PPL_98581522.jpg,pluto,nepheline,PPL,2x,"Nepheline crystals (colorless and rich in inclusions) in a fine grained groundmass made of plagioclase and aegirine. Mt. Flora, Lovozero, Kola, Russia. PPL image, 2x (Field of view = 7mm)",priority
raw_strekeisen\pluto\nepheline\nepheline_XPL_48792075.jpg,pluto,nepheline,XPL,2x,"Nepheline crystals (low interference colors) in a fine grained groundmass made of plagioclase and aegirine. Mt. Flora, Lovozero, Kola, Russia. XPL image, 2x (Field of view = 7mm)",priority
raw_strekeisen\pluto\nepheline\nepheline_PPL_68823820.jpg,pluto,nepheline,PPL,2x,"Nepheline crystals (colorless and rich in inclusions) in a fine grained groundmass made of plagioclase and aegirine. Mt. Flora, Lovozero, Kola, Russia. PPL image, 2x (Field of view = 7mm)",priority
raw_strekeisen\pluto\nepheline\nepheline_PPL_97588153.jpg,pluto,nepheline,PPL,2x,"Nepheline crystals (colorless and rich in inclusions) in a fine grained groundmass made of plagioclase and aegirine. Mt. Flora, Lovozero, Kola, Russia. PPL image, 2x (Field of view = 7mm)",priority
raw_strekeisen\pluto\nepheline\nepheline_XPL_75549888.jpg,pluto,nepheline,XPL,2x,"Nepheline crystals (low interference colors) in a fine grained groundmass made of plagioclase and aegirine. Mt. Flora, Lovozero, Kola, Russia. XPL image, 2x (Field of view = 7mm)",priority
raw_strekeisen\pluto\nepheline\nepheline_PPL_83281886.jpg,pluto,nepheline,PPL,2x,"Nepheline crystals (colorless and rich in inclusions) in a fine grained groundmass made of plagioclase and aegirine. Mt. Flora, Lovozero, Kola, Russia. PPL image, 2x (Field of view = 7mm)",priority
raw_strekeisen\pluto\nepheline\nepheline_PPL_50198646.jpg,pluto,nepheline,PPL,2x,"Nepheline crystals (colorless and rich in inclusions) in a fine grained groundmass made of plagioclase and aegirine. Mt. Flora, Lovozero, Kola, Russia. PPL image, 2x (Field of view = 7mm)",priority
raw_strekeisen\pluto\sodalite\sodalite_PPL_57690042.jpg,pluto,sodalite,PPL,2x,"Eudialite (high relief and with white-pale pink color) and aegirine crystals surrounded by sodalite (colorless) in a Naujaite. Ilímaussaq, Greenland. PPL image, 2x (Field of view = 7mm)",priority
raw_strekeisen\pluto\magnetite\magnetite_PPL_15272654.jpg,pluto,magnetite,PPL,10x,"Magnetite, clinopyroxene, biotite and apatite crystals. PPL image. 10x (Field of view = 2mm)",priority
raw_strekeisen\pluto\magnetite\magnetite_XPL_77159761.jpg,pluto,magnetite,XPL,10x,"Biotite, magnetite and nepheline crystals. XPL image. 10x (Field of view = 2mm)",priority
raw_strekeisen\pluto\fluorite\fluorite_PPL_93716025.jpg,pluto,fluorite,PPL,1x,"Arfvedsonite (green), feldspar and nepheline (colorless), fluorite (violet). In the right corner there is a fibrous rosenbuschite crystal (beige color). Lakarpite from Norra Kärr alkaline complex, Sweden. PPL image, 1x (Field of view = 9mm)",priority
raw_strekeisen\pluto\fluorite\fluorite_PPL_63524590.jpg,pluto,fluorite,PPL,1x,"Arfvedsonite (green), feldspar and nepheline (colorless), fluorite (violet). In the right corner there is a fibrous rosenbuschite crystal (beige color). Lakarpite from Norra Kärr alkaline complex, Sweden. PPL image, 1x (Field of view = 9mm)",priority
raw_strekeisen\pluto\fluorite\fluorite_PPL_71240106.jpg,pluto,fluorite,PPL,2x,"Arfvedsonite (green), feldspar and nepheline (colorless), fluorite (violet). To the right there are some fibrous rosenbuschite crystals (beige color). Lakarpite from Norra Kärr alkaline complex, Sweden. PPL image, 2x (Field of view = 7mm)",priority
raw_strekeisen\pluto\antiperthite\antiperthite_XPL_66729388.jpg,pluto,antiperthite,XPL,10x,"Antiperthite unmixing in plagioclase ( note that the anthiperthite have within them perthite unmixing ) in a charnokite, Rogaland Province, Norway. XPL image. 10x (Field of view = 2mm)",priority
raw_strekeisen\pluto\antiperthite\antiperthite_XPL_79780813.jpg,pluto,antiperthite,XPL,10x,"Antiperthite unmixing in plagioclase ( note that the anthiperthite have within them perthite unmixing ) in a charnokite, Rogaland Province, Norway. XPL image. 10x (Field of view = 2mm)",priority
raw_strekeisen\pluto\antiperthite\antiperthite_XPL_30017090.jpg,pluto,antiperthite,XPL,10x,"Antiperthite unmixing in plagioclase ( note that the anthiperthite have within them perthite unmixing ) in a charnokite, Rogaland Province, Norway. XPL image. 10x (Field of view = 2mm)",priority
raw_strekeisen\pluto\antiperthite\antiperthite_XPL_64996968.jpg,pluto,antiperthite,XPL,20x,"Antiperthite unmixing in plagioclase ( note that the anthiperthite have within them perthite unmixing ) in a charnokite, Rogaland Province, Norway. XPL image. 20x (Field of view = 1mm)",priority
raw_strekeisen\pluto\antiperthite\antiperthite_XPL_31474236.jpg,pluto,antiperthite,XPL,20x,"Antiperthite unmixing in plagioclase ( note that the anthiperthite have within them perthite unmixing ) in a charnokite, Rogaland Province, Norway. XPL image. 20x (Field of view = 1mm)",priority
raw_strekeisen\pluto\antiperthite\antiperthite_XPL_20264382.jpg,pluto,antiperthite,XPL,20x,"Antiperthite unmixing in plagioclase ( note that the anthiperthite have within them perthite unmixing ) in a charnokite, Rogaland Province, Norway. XPL image. 20x (Field of view = 1mm)",priority
raw_strekeisen\pluto\antiperthite\antiperthite_XPL_52468508.jpg,pluto,antiperthite,XPL,20x,"Antiperthite unmixing in plagioclase ( note that the anthiperthite have within them perthite unmixing ) in a charnokite, Rogaland Province, Norway. XPL image. 20x (Field of view = 1mm)",priority
raw_strekeisen\pluto\antiperthite\antiperthite_XPL_18842091.jpg,pluto,antiperthite,XPL,10x,"Antiperthite unmixing in plagioclase ( note that the anthiperthite have within them perthite unmixing ) in a charnokite, Rogaland Province, Norway. XPL image. 10x (Field of view = 2mm)",priority
raw_strekeisen\pluto\magmaticflow\magmaticflow_PPL_74109625.jpg,pluto,magmaticflow,PPL,1x,"Pyroxene (beige) and plagioclase (colorless) crystals and rounded altered olivine crystal.  Note the subparallel alignment of plagioclase crystals. Olivine gabbro from Huntly, Aberdeenshire, England. PPL image, 1x (Field of view = 9mm)",priority
raw_strekeisen\pluto\magmaticflow\magmaticflow_XPL_76884610.jpg,pluto,magmaticflow,XPL,1x,"Pyroxene (high interference colors) and plagioclase (I order gray) crystals and rounded altered olivine crystal. Note the subparallel alignment of plagioclase crystals. Olivine gabbro from Huntly, Aberdeenshire, England. XPL image, 1x (Field of view = 9mm)",priority
raw_strekeisen\pluto\magmaticflow\magmaticflow_PPL_73825677.jpg,pluto,magmaticflow,PPL,1x,"Pyroxene (beige) and plagioclase (colorless) crystals. Olivine gabbro from Huntly, Aberdeenshire, England. Note the subparallel alignment of plagioclase crystals. PPL image, 1x (Field of view = 9mm)",priority
raw_strekeisen\pluto\magmaticflow\magmaticflow_XPL_35575192.jpg,pluto,magmaticflow,XPL,1x,"Pyroxene (high interference colors) and plagioclase (I order gray) crystals. Note the subparallel alignment of plagioclase crystals. Olivine gabbro from Huntly, Aberdeenshire, England. XPL image, 1x (Field of view = 9mm)",priority
raw_strekeisen\pluto\magmaticflow\magmaticflow_PPL_5829151.jpg,pluto,magmaticflow,PPL,1x,"Pyroxene (beige), plagioclase (colorless) and rounded altered olivine crystals. Note the subparallel alignment of plagioclase crystals. Olivine gabbro from Huntly, Aberdeenshire, England. PPL image, 1x (Field of view = 9mm)",priority
raw_strekeisen\pluto\magmaticflow\magmaticflow_XPL_61030624.jpg,pluto,magmaticflow,XPL,1x,"Pyroxene (high interference colors), plagioclase (I order gray) and rounded altered olivine crystals. Note the subparallel alignment of plagioclase crystals. Olivine gabbro from Huntly, Aberdeenshire, England. XPL image, 1x (Field of view = 9mm)",priority
raw_strekeisen\pluto\magmaticflow\magmaticflow_PPL_98083358.jpg,pluto,magmaticflow,PPL,1x,"Pyroxene (beige), plagioclase (colorless) and rounded altered olivine crystals. Note the subparallel alignment of plagioclase crystals. Olivine gabbro from Huntly, Aberdeenshire, England. PPL image, 1x (Field of view = 9mm)",priority
raw_strekeisen\pluto\magmaticflow\magmaticflow_XPL_96150007.jpg,pluto,magmaticflow,XPL,1x,"Pyroxene (high interference colors), plagioclase (I order gray) and rounded altered olivine crystals. Note the subparallel alignment of plagioclase crystals. Olivine gabbro from Huntly, Aberdeenshire, England. XPL image, 1x (Field of view = 9mm)",priority
raw_strekeisen\pluto\magmaticflow\magmaticflow_PPL_5410420.jpg,pluto,magmaticflow,PPL,1x,"Pyroxene (beige), plagioclase (colorless) and rounded altered olivine crystals. Note the subparallel alignment of plagioclase crystals. Olivine gabbro from Huntly, Aberdeenshire, England. PPL image, 1x (Field of view = 9mm)",priority
raw_strekeisen\pluto\poikilitic\poikilitic_XPL_99598917.jpg,pluto,poikilitic,XPL,10x,Poikilitic orthoclase with biotite and plagioclase inclusions. XPL image. 10x (Field of view = 2mm),priority
raw_strekeisen\pluto\poikilitic\poikilitic_XPL_84025747.jpg,pluto,poikilitic,XPL,10x,Poikilitic orthoclase with biotite and plagioclase inclusions. XPL image. 10x (Field of view = 2mm),priority
raw_strekeisen\pluto\sovite\sovite_PPL_88406056.jpg,pluto,sovite,PPL,2x,"Calcite, biotite (green), magnetite (black) and monticellite (elongated and fractured crystals) in a Sövite from Alnö complex, Sweden. PPL image, 2x (Field of view = 7mm)",priority
raw_strekeisen\pluto\sovitefogo\sovitefogo_PPL_28205939.jpg,pluto,sovitefogo,PPL,2x,"Calcite and biotite and amphiboles crystals in a sövite from Fogo island, Cape Verde. PPL image, 2x (Field of view = 7mm)",priority
raw_strekeisen\pluto\sovitefogo\sovitefogo_XPL_54917109.jpg,pluto,sovitefogo,XPL,2x,"Calcite and biotite and amphiboles crystals in a sövite from Fogo island, Cape Verde. XPL image, 2x (Field of view = 7mm)",priority
raw_strekeisen\pluto\sovitefogo\sovitefogo_PPL_54803695.jpg,pluto,sovitefogo,PPL,2x,"Calcite, Biotite and amphiboles crystals in a sövite from Fogo island, Cape Verde. PPL image, 2x (Field of view = 7mm)",priority
raw_strekeisen\pluto\sovitefogo\sovitefogo_XPL_91815395.jpg,pluto,sovitefogo,XPL,2x,"Calcite, Biotite and amphiboles crystals in a sövite from Fogo island, Cape Verde. XPL image, 2x (Field of view = 7mm)",priority
raw_strekeisen\pluto\sovitefogo\sovitefogo_PPL_24894466.jpg,pluto,sovitefogo,PPL,2x,"Calcite, Biotite and amphiboles crystals in a sövite from Fogo island, Cape Verde. PPL image, 2x (Field of view = 7mm)",priority
raw_strekeisen\pluto\sovitefogo\sovitefogo_PPL_49679546.jpg,pluto,sovitefogo,PPL,2x,"Calcite, Biotite and amphiboles crystals in a sövite from Fogo island, Cape Verde. PPL image, 2x (Field of view = 7mm)",priority
raw_strekeisen\pluto\sovitefogo\sovitefogo_XPL_80943764.jpg,pluto,sovitefogo,XPL,2x,"Calcite, Biotite and amphiboles crystals in a sövite from Fogo island, Cape Verde. XPL image, 2x (Field of view = 7mm)",priority
raw_strekeisen\pluto\lujavrite\lujavrite_PPL_38799391.jpg,pluto,lujavrite,PPL,2x,"Sodalite crystal (colorless and rich in inclusions), rosenbuschite (light brown) arfvedsonite (green) and alkali feldspar crystals (colorless) in a Lujavrite. Ilímaussaq, Greenland. PPL image, 2x (Field of view = 7mm)",priority
raw_strekeisen\pluto\lujavrite\lujavrite_XPL_6305534.jpg,pluto,lujavrite,XPL,2x,"Sodalite crystal (isotropic), rosenbuschite, arfvedsonite and alkali feldspar crystals (I order gray) in a Lujavrite. Ilímaussaq, Greenland. XPL image, 2x (Field of view = 7mm)",priority
raw_strekeisen\pluto\lujavrite\lujavrite_XPL_47448516.jpg,pluto,lujavrite,XPL,2x,"Sodalite crystal (isotropic), rosenbuschite, arfvedsonite, naujakasite (square/rectangular crystals, with I order gray colors) and alkali feldspar crystals (I order gray) in a Lujavrite. Ilímaussaq, Greenland. XPL image, 2x (Field of view = 7mm)",priority
raw_strekeisen\pluto\naujaite\naujaite_XPL_70252470.jpg,pluto,naujaite,XPL,2x,"Aegirine crystals surrounded by sodalite (isotropic) and cancrinite (high interference colors) in a Naujaite. Ilímaussaq, Greenland. XPL image, 2x (Field of view = 7mm)",priority
raw_strekeisen\pluto\naujaite\naujaite_XPL_92567736.jpg,pluto,naujaite,XPL,2x,"Aegirine crystals surrounded by sodalite (isotropic) and cancrinite (high interference colors) in a Naujaite. Ilímaussaq, Greenland. XPL image, 2x (Field of view = 7mm)",priority
raw_strekeisen\pluto\naujaite\naujaite_XPL_76141435.jpg,pluto,naujaite,XPL,2x,"Eudialite crystals (gray) surrounded by sodalite (isotropic) and cancrinite (high interference colors) in a Naujaite. Ilímaussaq, Greenland. XPL image, 2x (Field of view = 7mm)",priority
raw_strekeisen\pluto\naujaite\naujaite_PPL_98389513.jpg,pluto,naujaite,PPL,2x,"Eudialite (high relief and with white-pale pink color) and aegirine crystals surrounded by sodalite (colorless) in a Naujaite. Ilímaussaq, Greenland. PPL image, 2x (Field of view = 7mm)",priority
raw_strekeisen\pluto\naujaite\naujaite_XPL_79736966.jpg,pluto,naujaite,XPL,10x,"Aegirine, sodalite (isotropic) and cancrinite  (high interference colors) in a Naujaite. Ilímaussaq, Greenland. XPL image, 10x (Field of view = 2mm)",priority
raw_strekeisen\pluto\jotunite\jotunite_PPL_47311431.jpg,pluto,jotunite,PPL,2x,"Pyroxene, ilmenite and plagioclase crystals in a Jotunite. Norway. PPL image. 2x (Field of view = 7mm)",priority
raw_strekeisen\pluto\jotunite\jotunite_PPL_36484085.jpg,pluto,jotunite,PPL,2x,"Pyroxene, ilmenite and plagioclase crystals in a Jotunite. Norway. PPL image. 2x (Field of view = 7mm)",priority
raw_strekeisen\pluto\jotunite\jotunite_XPL_99817025.jpg,pluto,jotunite,XPL,2x,"Pyroxene, ilmenite and plagioclase crystals in a Jotunite. Norway. XPL image. 2x (Field of view = 7mm)",priority
raw_strekeisen\pluto\jotunite\jotunite_PPL_25351567.jpg,pluto,jotunite,PPL,2x,"Pyroxene, ilmenite and plagioclase crystals in a Jotunite. Norway. PPL image. 2x (Field of view = 7mm)",priority
raw_strekeisen\pluto\jotunite\jotunite_XPL_89629616.jpg,pluto,jotunite,XPL,2x,"Pyroxene, ilmenite and plagioclase crystals in a Jotunite. Norway. XPL image. 2x (Field of view = 7mm)",priority
raw_strekeisen\pluto\jotunite\jotunite_PPL_86088147.jpg,pluto,jotunite,PPL,2x,"Pyroxene, ilmenite and plagioclase and apatite crystals in a Jotunite. Norway. PPL image. 2x (Field of view = 7mm)",priority
raw_strekeisen\pluto\jotunite\jotunite_PPL_60807899.jpg,pluto,jotunite,PPL,2x,"Pyroxene, ilmenite, apatite and plagioclase and apatite crystals in a Jotunite. Norway. PPL image. 2x (Field of view = 7mm)",priority
raw_strekeisen\pluto\jotunite\jotunite_PPL_38387259.jpg,pluto,jotunite,PPL,2x,"Pyroxene, ilmenite, apatite and plagioclase and apatite crystals in a Jotunite. Norway. PPL image. 2x (Field of view = 7mm)",priority
raw_strekeisen\pluto\jotunite\jotunite_PPL_10460456.jpg,pluto,jotunite,PPL,2x,"Pyroxene, ilmenite, apatite and plagioclase crystals in a Jotunite. Norway. PPL image. 2x (Field of view = 7mm)",priority
raw_strekeisen\pluto\jotunite\jotunite_XPL_78523660.jpg,pluto,jotunite,XPL,2x,Pyroxene (with exsolution lamellae) and plagioclase with antiperthite unmixing (the darker spots) crystals in a Jotunite. Norway. XPL image. 2x (Field of view = 7mm),priority
raw_strekeisen\pluto\jotunite\jotunite_XPL_34952598.jpg,pluto,jotunite,XPL,2x,Pyroxene (with exsolution lamellae) and plagioclase with antiperthite unmixing (the darker spots) crystals in a Jotunite. Norway. XPL image. 2x (Field of view = 7mm),priority
raw_strekeisen\pluto\jotunite\jotunite_PPL_91903656.jpg,pluto,jotunite,PPL,2x,"Pyroxene, ilmenite, apatite and plagioclase crystals in a Jotunite. Norway. PPL image. 2x (Field of view = 7mm)",priority
raw_strekeisen\pluto\jotunite\jotunite_XPL_19515456.jpg,pluto,jotunite,XPL,2x,Pyroxene (with exsolution lamellae) and plagioclase with antiperthite unmixing (the darker spots) crystals in a Jotunite. Norway. XPL image. 2x (Field of view = 7mm),priority
raw_strekeisen\pluto\lakarpite\lakarpite_PPL_56202931.jpg,pluto,lakarpite,PPL,1x,"Arfvedsonite (green), feldspar and nepheline (colorless), fluorite (violet). In the right corner there is a fibrous rosenbuschite crystal (beige color). Lakarpite from Norra Kärr alkaline complex, Sweden. PPL image, 1x (Field of view = 9mm)",priority
raw_strekeisen\pluto\lakarpite\lakarpite_XPL_26559409.jpg,pluto,lakarpite,XPL,1x,"Arfvedsonite, feldspar and nepheline (gray), fluorite (isotropic). In the right corner there is a fibrous rosenbuschite crystal (yellow). Lakarpite from Norra Kärr alkaline complex, Sweden. XPL image, 1x (Field of view = 9mm)",priority
raw_strekeisen\pluto\larvikite\larvikite_PPL_3774000.jpg,pluto,larvikite,PPL,2x,"Ternary feldspar crystals (colorless), augite (light brown) with red-biotite inclusions and magnetite (black). PPL image , 2x (Field of view = 7mm)",priority
raw_strekeisen\pluto\larvikite\larvikite_PPL_83331590.jpg,pluto,larvikite,PPL,2x,"Ternary feldspar crystals (colorless), augite (light brown), biotite (red) and magnetite (black). PPL image , 2x (Field of view = 7mm)",priority
raw_strekeisen\pluto\larvikite\larvikite_XPL_94719721.jpg,pluto,larvikite,XPL,2x,"Ternary feldspar crystals (grey birefringence), augite (high birefringence), biotite (red) and magnetite. XPL image , 2x (Field of view = 7mm)",priority
raw_strekeisen\pluto\larvikite\larvikite_PPL_74077169.jpg,pluto,larvikite,PPL,2x,"Ternary feldspar crystals (colorless), augite (light brown), biotite (red) and magnetite (black). PPL image , 2x (Field of view = 7mm)",priority
raw_strekeisen\pluto\larvikite\larvikite_XPL_22472330.jpg,pluto,larvikite,XPL,2x,"Ternary feldspar crystals (grey birefringence), augite (high birefringence), biotite (red) and magnetite. XPL image , 2x (Field of view = 7mm)",priority
raw_strekeisen\pluto\larvikite\larvikite_PPL_60327288.jpg,pluto,larvikite,PPL,2x,"Ternary feldspar crystals (colorless), augite (light brown, with apatite inclusions), biotite (red) and magnetite (black). PPL image , 2x (Field of view = 7mm)",priority
raw_strekeisen\pluto\larvikite\larvikite_PPL_72526923.jpg,pluto,larvikite,PPL,2x,"Ternary feldspar crystals (colorless), augite (light brown, with apatite inclusions), biotite (red) and magnetite (black). PPL image , 2x (Field of view = 7mm)",priority
raw_strekeisen\pluto\larvikite\larvikite_XPL_65144071.jpg,pluto,larvikite,XPL,2x,"Ternary feldspar crystals (grey birefringence), augite (high birefringence), biotite (red) and magnetite. XPL image , 2x (Field of view = 7mm)",priority
raw_strekeisen\pluto\larvikite\larvikite_PPL_51790431.jpg,pluto,larvikite,PPL,2x,"Ternary feldspar crystals (colorless), augite (light brown, with apatite inclusions), biotite (red) and magnetite (black). PPL image , 2x (Field of view = 7mm)",priority
raw_strekeisen\pluto\larvikite\larvikite_PPL_2316450.jpg,pluto,larvikite,PPL,2x,"Ternary feldspar crystals (colorless), augite (light brown, with apatite inclusions), biotite (red) and magnetite (black). PPL image , 2x (Field of view = 7mm)",priority
raw_strekeisen\pluto\larvikite\larvikite_XPL_62064783.jpg,pluto,larvikite,XPL,2x,"Ternary feldspar crystals (grey birefringence), augite (high birefringence), biotite (red) and magnetite. XPL image , 2x (Field of view = 7mm)",priority
raw_strekeisen\pluto\larvikite\larvikite_XPL_7082189.jpg,pluto,larvikite,XPL,2x,"Ternary feldspar crystals (grey birefringence), augite (high birefringence), biotite (red) and magnetite. XPL image , 2x (Field of view = 7mm)",priority
raw_strekeisen\pluto\larvikite\larvikite_XPL_32015473.jpg,pluto,larvikite,XPL,2x,"Ternary feldspar crystals (grey birefringence), augite (high birefringence), biotite (red) and magnetite. XPL image , 2x (Field of view = 7mm)",priority
raw_strekeisen\pluto\larvikite\larvikite_XPL_14330802.jpg,pluto,larvikite,XPL,2x,"Ternary feldspar crystals (grey birefringence), augite (high birefringence), biotite (red) and magnetite. XPL image , 2x (Field of view = 7mm)",priority
raw_strekeisen\pluto\larvikite\larvikite_XPL_8166234.jpg,pluto,larvikite,XPL,2x,"Ternary feldspar crystals (grey birefringence), augite (high birefringence), biotite (red) and magnetite. XPL image , 2x (Field of view = 7mm)",priority
raw_strekeisen\pluto\larvikite\larvikite_XPL_47527575.jpg,pluto,larvikite,XPL,2x,"Ternary feldspar crystals (grey birefringence), augite (high birefringence), biotite (red) and magnetite. XPL image , 2x (Field of view = 7mm)",priority
raw_strekeisen\pluto\monzonite\monzonite_PPL_19901373.jpg,pluto,monzonite,PPL,2x,"Orthoclase (altered by sericite), biotie (brown), magnetite (black) and pyroxene crystals in a monzonite from Monzoni massif, Italy. PPL image, 2x (Field of view = 7mm)",priority
raw_strekeisen\pluto\monzonite\monzonite_XPL_27017317.jpg,pluto,monzonite,XPL,2x,"Orthoclase (I order gray), biotie, magnetite (black) and pyroxene (high interference colors) crystals in a monzonite from Monzoni massif, Italy. XPL image, 2x (Field of view = 7mm)",priority
raw_strekeisen\pluto\monzonite\monzonite_PPL_40088726.jpg,pluto,monzonite,PPL,2x,"Orthoclase (altered by sericite), biotie (brown), magnetite (black) and pyroxene crystals in a monzonite from Monzoni massif, Italy. PPL image, 2x (Field of view = 7mm)",priority
raw_strekeisen\pluto\monzonite\monzonite_XPL_81060482.jpg,pluto,monzonite,XPL,2x,"Orthoclase (I order gray), biotie, magnetite (black) and pyroxene (high interference colors) crystals in a monzonite from Monzoni massif, Italy. XPL image, 2x (Field of view = 7mm)",priority
raw_strekeisen\pluto\monzonite\monzonite_PPL_89579981.jpg,pluto,monzonite,PPL,2x,"Orthoclase (altered by sericite), biotie (brown), magnetite (black) and pyroxene crystals in a monzonite from Monzoni massif, Italy. PPL image, 2x (Field of view = 7mm)",priority
raw_strekeisen\pluto\monzonite\monzonite_XPL_52687598.jpg,pluto,monzonite,XPL,2x,"Orthoclase (I order gray), biotie, magnetite (black) and pyroxene (high interference colors) crystals in a monzonite from Monzoni massif, Italy. XPL image, 2x (Field of view = 7mm)",priority
raw_strekeisen\pluto\monzonite\monzonite_PPL_41735465.jpg,pluto,monzonite,PPL,2x,"Orthoclase (altered by sericite), biotie (brown), magnetite (black) and pyroxene crystals in a monzonite from Monzoni massif, Italy. PPL image, 2x (Field of view = 7mm)",priority
raw_strekeisen\pluto\monzonite\monzonite_XPL_43395141.jpg,pluto,monzonite,XPL,2x,"Orthoclase (I order gray), biotie, magnetite (black) and pyroxene (high interference colors) crystals in a monzonite from Monzoni massif, Italy. XPL image, 2x (Field of view = 7mm)",priority
raw_strekeisen\pluto\monzonite\monzonite_PPL_20862176.jpg,pluto,monzonite,PPL,2x,"Orthoclase (altered by sericite), biotie (brown), magnetite (black) and pyroxene crystals in a monzonite from Monzoni massif, Italy. PPL image, 2x (Field of view = 7mm)",priority
raw_strekeisen\pluto\monzonite\monzonite_XPL_37827548.jpg,pluto,monzonite,XPL,2x,"Orthoclase (I order gray), biotie, magnetite (black) and pyroxene (high interference colors) crystals in a monzonite from Monzoni massif, Italy. XPL image, 2x (Field of view = 7mm)",priority
raw_strekeisen\pluto\monzonite\monzonite_PPL_15788791.jpg,pluto,monzonite,PPL,2x,"Orthoclase (altered by sericite), biotie (brown), magnetite (black) and pyroxene crystals in a monzonite from Monzoni massif, Italy. PPL image, 2x (Field of view = 7mm)",priority
raw_strekeisen\pluto\monzonite\monzonite_XPL_41780247.jpg,pluto,monzonite,XPL,2x,"Orthoclase (I order gray), biotie, magnetite (black) and pyroxene (high interference colors) crystals in a monzonite from Monzoni massif, Italy. XPL image, 2x (Field of view = 7mm)",priority
raw_strekeisen\pluto\monzonite\monzonite_PPL_20301383.jpg,pluto,monzonite,PPL,2x,"Orthoclase (altered by sericite), biotie (brown), magnetite (black) and pyroxene crystals in a monzonite from Monzoni massif, Italy. PPL image, 2x (Field of view = 7mm)",priority
raw_strekeisen\pluto\monzonite\monzonite_XPL_88509960.jpg,pluto,monzonite,XPL,2x,"Orthoclase (I order gray), plagioclase (I order gray with polysynthetic twinning) and clinopyroxene (high interference colors). XPL image, 2x (Field of view = 7mm)",priority
raw_strekeisen\pluto\monzonite\monzonite_PPL_66957893.jpg,pluto,monzonite,PPL,2x,"Orthoclase, plagioclase (both colorles) and clinopyroxene (high relief, pale gray-green). PPL image, 2x (Field of view = 7mm)",priority
raw_strekeisen\pluto\monzonite\monzonite_XPL_60320289.jpg,pluto,monzonite,XPL,2x,"Orthoclase (I order gray), plagioclase (I order gray with polysynthetic twinning) and clinopyroxene (high interference colors). XPL image, 2x (Field of view = 7mm)",priority
raw_strekeisen\pluto\monzonite\monzonite_XPL_27482376.jpg,pluto,monzonite,XPL,2x,"Orthoclase (I order gray), plagioclase (I order gray with polysynthetic twinning) and clinopyroxene (high interference colors). XPL image, 2x (Field of view = 7mm)",priority
raw_strekeisen\pluto\monzonite\monzonite_XPL_38391234.jpg,pluto,monzonite,XPL,2x,"Orthoclase (I order gray), plagioclase (I order gray with polysynthetic twinning) and clinopyroxene (high interference colors). XPL image, 2x (Field of view = 7mm)",priority
raw_strekeisen\pluto\monzonite\monzonite_XPL_36669896.jpg,pluto,monzonite,XPL,2x,"Orthoclase (I order gray), plagioclase (I order gray with polysynthetic twinning) and clinopyroxene (high interference colors). XPL image, 2x (Field of view = 7mm)",priority
raw_strekeisen\pluto\nephelinesyenite\nephelinesyenite_XPL_72886327.jpg,pluto,nephelinesyenite,XPL,2x,"Nepheline crystals (low interference colors) in a fine grained groundmass made of plagioclase and aegirine. Mt. Flora, Lovozero, Kola, Russia. XPL image, 2x (Field of view = 7mm)",priority
raw_strekeisen\pluto\nephelinesyenite\nephelinesyenite_XPL_43555102.jpg,pluto,nephelinesyenite,XPL,2x,"Nepheline crystals (low interference colors) in a fine grained groundmass made of plagioclase and aegirine. Mt. Flora, Lovozero, Kola, Russia. XPL image, 2x (Field of view = 7mm)",priority
raw_strekeisen\pluto\nephelinesyenite\nephelinesyenite_PPL_56272461.jpg,pluto,nephelinesyenite,PPL,2x,"Nepheline crystals (colorless and rich in inclusions) in a fine grained groundmass made of plagioclase and aegirine. Mt. Flora, Lovozero, Kola, Russia. PPL image, 2x (Field of view = 7mm)",priority
raw_strekeisen\pluto\nephelinesyenite\nephelinesyenite_XPL_86529498.jpg,pluto,nephelinesyenite,XPL,2x,"Nepheline crystals (low interference colors) in a fine grained groundmass made of plagioclase and aegirine. Mt. Flora, Lovozero, Kola, Russia. XPL image, 2x (Field of view = 7mm)",priority
raw_strekeisen\pluto\nephelinesyenite\nephelinesyenite_PPL_13074396.jpg,pluto,nephelinesyenite,PPL,2x,"Nepheline crystals (colorless and rich in inclusions) in a fine grained groundmass made of plagioclase and aegirine. Mt. Flora, Lovozero, Kola, Russia. PPL image, 2x (Field of view = 7mm)",priority
raw_strekeisen\pluto\nephelinesyenite\nephelinesyenite_XPL_36068436.jpg,pluto,nephelinesyenite,XPL,2x,"Nepheline crystals (low interference colors) in a fine grained groundmass made of plagioclase and aegirine. Mt. Flora, Lovozero, Kola, Russia. XPL image, 2x (Field of view = 7mm)",priority
raw_strekeisen\pluto\nephelinesyenite\nephelinesyenite_PPL_52063271.jpg,pluto,nephelinesyenite,PPL,2x,"Nepheline crystals (colorless and rich in inclusions) in a fine grained groundmass made of plagioclase and aegirine. Mt. Flora, Lovozero, Kola, Russia. PPL image, 2x (Field of view = 7mm)",priority
raw_strekeisen\pluto\nephelinesyenite\nephelinesyenite_PPL_62199727.jpg,pluto,nephelinesyenite,PPL,10x,"Nepheline crystal (colorless and rich in inclusions) in a fine grained groundmass made of plagioclase and aegirine. Mt. Flora, Lovozero, Kola, Russia. PPL image, 10x (Lato lungo = 2mm).",priority
raw_strekeisen\pluto\nephelinesyenite\nephelinesyenite_XPL_11722867.jpg,pluto,nephelinesyenite,XPL,10x,"Nepheline crystals (low interference colors) in a fine grained groundmass made of plagioclase and aegirine. Mt. Flora, Lovozero, Kola, Russia. XPL image, 10x (Lato lungo = 2mm).",priority
raw_strekeisen\pluto\nephelinesyenite\nephelinesyenite_PPL_50994721.jpg,pluto,nephelinesyenite,PPL,10x,"Nepheline crystals (colorless and rich in inclusions) in a fine grained groundmass made of plagioclase and aegirine. Mt. Flora, Lovozero, Kola, Russia. PPL image, 10x (Lato lungo = 2mm).",priority
raw_strekeisen\pluto\nephelinesyenite\nephelinesyenite_XPL_37719618.jpg,pluto,nephelinesyenite,XPL,10x,"Nepheline crystals (low interference colors) in a fine grained groundmass made of plagioclase and aegirine. Mt. Flora, Lovozero, Kola, Russia. XPL image, 10x (Lato lungo = 2mm).",priority
raw_strekeisen\pluto\nephelinesyenite\nephelinesyenite_PPL_45431572.jpg,pluto,nephelinesyenite,PPL,10x,"Nepheline crystal (colorless and rich in inclusions) in a fine grained groundmass made of plagioclase and aegirine. Mt. Flora, Lovozero, Kola, Russia. PPL image, 10x (Lato lungo = 2mm).",priority
raw_strekeisen\pluto\pulaskite\pulaskite_XPL_23047626.jpg,pluto,pulaskite,XPL,1x,"Alkali feldspar (with Perthite unmixing) in a fine-grained groundmass of aegirine, microcline and nepheline (I order white-gray). Pulaskite from Norra Kärr alkaline complex, Sweden. XPL image, 1x (Field of view = 9mm)",priority
raw_strekeisen\pluto\pulaskite\pulaskite_XPL_69149659.jpg,pluto,pulaskite,XPL,1x,"Alkali feldspar (with Perthite unmixing) in a fine-grained groundmass of aegirine, microcline and nepheline (I order white-gray). Pulaskite from Norra Kärr alkaline complex, Sweden. XPL image, 1x (Field of view = 9mm)",priority
raw_strekeisen\pluto\pulaskite\pulaskite_XPL_99100214.jpg,pluto,pulaskite,XPL,1x,"Alkali feldspar (with Perthite unmixing) in a fine-grained groundmass of aegirine, microcline and nepheline (I order white-gray). Pulaskite from Norra Kärr alkaline complex, Sweden. XPL image, 1x (Field of view = 9mm)",priority
raw_strekeisen\pluto\pulaskite\pulaskite_XPL_55717195.jpg,pluto,pulaskite,XPL,1x,"Alkali feldspar (with Perthite unmixing) in a fine-grained groundmass of aegirine, microcline and nepheline (I order white-gray). Pulaskite from Norra Kärr alkaline complex, Sweden. XPL image, 1x (Field of view = 9mm)",priority
raw_strekeisen\pluto\pulaskite\pulaskite_XPL_60672181.jpg,pluto,pulaskite,XPL,1x,"Alkali feldspar (with Perthite unmixing) in a fine-grained groundmass of aegirine, microcline and nepheline (I order white-gray). Pulaskite from Norra Kärr alkaline complex, Sweden. XPL image, 1x (Field of view = 9mm)",priority
raw_strekeisen\pluto\pulaskite\pulaskite_XPL_61535840.jpg,pluto,pulaskite,XPL,2x,"Alkali feldspar (with Perthite unmixing) in a fine-grained groundmass of aegirine, microcline and nepheline (I order white-gray). Pulaskite from Norra Kärr alkaline complex, Sweden. XPL image, 2x (Field of view = 7mm)",priority
raw_strekeisen\pluto\pulaskite\pulaskite_XPL_32669687.jpg,pluto,pulaskite,XPL,2x,"Alkali feldspar (with Perthite unmixing) in a fine-grained groundmass of aegirine, microcline and nepheline (I order white-gray). Pulaskite from Norra Kärr alkaline complex, Sweden. XPL image, 2x (Field of view = 7mm)",priority
raw_strekeisen\pluto\pulaskite\pulaskite_PPL_70180110.jpg,pluto,pulaskite,PPL,2x,"Aegirine crystals (green) and sodic amphiboles (green-blue) in a fine-grained groundmass of microcline and nepheline (colorless). Pulaskite from Norra Kärr alkaline complex, Sweden. PPL image, 2x (Field of view = 7mm)",priority
raw_strekeisen\pluto\pulaskite\pulaskite_XPL_73794369.jpg,pluto,pulaskite,XPL,2x,"Aegirine crystals (high interference colors) and sodic amphiboles (low interference colors) in a fine-grained groundmass of microcline and nepheline (colorless). Pulaskite from Norra Kärr alkaline complex, Sweden. XPL image, 2x (Field of view = 7mm)",priority
raw_strekeisen\pluto\pulaskite\pulaskite_PPL_31782379.jpg,pluto,pulaskite,PPL,2x,"Aegirine crystals (green) and sodic amphiboles (green-blue) in a fine-grained groundmass of microcline and nepheline (colorless). Pulaskite from Norra Kärr alkaline complex, Sweden. PPL image, 2x (Field of view = 7mm)",priority
raw_strekeisen\pluto\pulaskite\pulaskite_XPL_87003463.jpg,pluto,pulaskite,XPL,2x,"Aegirine crystals (high interference colors) and sodic amphiboles (low interference colors) in a fine-grained groundmass of microcline and nepheline (colorless). Pulaskite from Norra Kärr alkaline complex, Sweden. XPL image, 2x (Field of view = 7mm)",priority
raw_strekeisen\pluto\pulaskite\pulaskite_PPL_28465288.jpg,pluto,pulaskite,PPL,2x,"Aegirine crystals (green) and sodic amphiboles (green-blue) in a fine-grained groundmass of microcline and nepheline (colorless). Pulaskite from Norra Kärr alkaline complex, Sweden. PPL image, 2x (Field of view = 7mm)",priority
raw_strekeisen\pluto\pulaskite\pulaskite_PPL_75442545.jpg,pluto,pulaskite,PPL,2x,"Aegirine crystals (green) and sodic amphiboles (green-blue) in a fine-grained groundmass of microcline and nepheline (colorless). Pulaskite from Norra Kärr alkaline complex, Sweden. PPL image, 2x (Field of view = 7mm)",priority
raw_strekeisen\pluto\pulaskite\pulaskite_XPL_43110624.jpg,pluto,pulaskite,XPL,2x,"Aegirine crystals (high interference colors) and sodic amphiboles (low interference colors) in a fine-grained groundmass of microcline and nepheline (colorless). Pulaskite from Norra Kärr alkaline complex, Sweden. XPL image, 2x (Field of view = 7mm)",priority
raw_strekeisen\pluto\pulaskite\pulaskite_PPL_78884137.jpg,pluto,pulaskite,PPL,2x,"Aegirine crystals (green) and sodic amphiboles (green-blue) in a fine-grained groundmass of microcline and nepheline (colorless). Pulaskite from Norra Kärr alkaline complex, Sweden. PPL image, 2x (Field of view = 7mm)",priority
raw_strekeisen\pluto\pulaskite\pulaskite_XPL_93651568.jpg,pluto,pulaskite,XPL,2x,"Aegirine crystals (high interference colors) and sodic amphiboles (low interference colors) in a fine-grained groundmass of microcline and nepheline (colorless). Pulaskite from Norra Kärr alkaline complex, Sweden. XPL image, 2x (Field of view = 7mm)",priority
raw_strekeisen\pluto\pegmatite\pegmatite_XPL_75706796.jpg,pluto,pegmatite,XPL,2x,"Quartz and plagioclase crystals elcosed in a large orthoclase crystal (completely sericitized) in a Granitic Pegmatite. XPL image, 2x (Field of view = 7mm)",priority
raw_strekeisen\pluto\pegmatite\pegmatite_XPL_39698599.jpg,pluto,pegmatite,XPL,2x,"Quartz, muscovite and plagioclase crystals elcosed in a large orthoclase crystal (completely sericitized) in a Granitic Pegmatite. XPL image, 2x (Field of view = 7mm)",priority
raw_strekeisen\pluto\pegmatite\pegmatite_XPL_68642735.jpg,pluto,pegmatite,XPL,2x,"Quartz and plagioclase (sericitized) crystals elcosed in a large orthoclase crystal (completely sericitized) in a Granitic Pegmatite. XPL image, 2x (Field of view = 7mm)",priority
raw_strekeisen\pluto\pegmatite\pegmatite_XPL_84506977.jpg,pluto,pegmatite,XPL,2x,"Quartz, plagioclase and muscovite crystals elcosed in a large orthoclase crystal (completely sericitized) in a Granitic Pegmatite. XPL image, 2x (Field of view = 7mm)",priority
raw_strekeisen\pluto\pegmatite\pegmatite_XPL_32082607.jpg,pluto,pegmatite,XPL,2x,"Quartz, plagioclase and muscovite crystals elcosed in a large orthoclase crystal (completely sericitized) in a Granitic Pegmatite. XPL image, 2x (Field of view = 7mm)",priority
raw_strekeisen\pluto\cancrinitepegmatite\cancrinitepegmatite_PPL_23248638.jpg,pluto,cancrinitepegmatite,PPL,1x,"Aegirine (green), cancrinite and nepheline crystals (both colorless) in a cancrinite-pegmatite from Punkaruaiv, Lovozero, Kola, Russia. PPL image, 1x (Field of view = 9mm)",priority
raw_strekeisen\pluto\cancrinitepegmatite\cancrinitepegmatite_XPL_59516320.jpg,pluto,cancrinitepegmatite,XPL,1x,"Aegirine, cancrinite (high interference colors) and plagioclase crystals (I order gray) in a cancrinite-pegmatite from Punkaruaiv, Lovozero, Kola, Russia. XPL image, 1x (Field of view = 9mm)",priority
raw_strekeisen\pluto\cancrinitepegmatite\cancrinitepegmatite_XPL_56807491.jpg,pluto,cancrinitepegmatite,XPL,1x,"Aegirine, cancrinite (high interference colors) and plagioclase crystals (I order gray) in a cancrinite-pegmatite from Punkaruaiv, Lovozero, Kola, Russia. XPL image, 1x (Field of view = 9mm)",priority
raw_strekeisen\pluto\cancrinitepegmatite\cancrinitepegmatite_PPL_10663280.jpg,pluto,cancrinitepegmatite,PPL,1x,"Aegirine (green), cancrinite and nepheline crystal (both colorless) in a cancrinite-pegmatite from Punkaruaiv, Lovozero, Kola, Russia. PPL image, 1x (Field of view = 9mm)",priority
raw_strekeisen\pluto\cancrinitepegmatite\cancrinitepegmatite_PPL_86157607.jpg,pluto,cancrinitepegmatite,PPL,1x,"Aegirine (green), cancrinite and nepheline crystal (both colorless) in a cancrinite-pegmatite from Punkaruaiv, Lovozero, Kola, Russia. PPL image, 1x (Field of view = 9mm)",priority
raw_strekeisen\pluto\cancrinitepegmatite\cancrinitepegmatite_XPL_97416301.jpg,pluto,cancrinitepegmatite,XPL,1x,"Aegirine, cancrinite (high interference colors) and plagioclase crystal (I order gray) in a cancrinite-pegmatite from Punkaruaiv, Lovozero, Kola, Russia. XPL image, 1x (Field of view = 9mm)",priority
raw_strekeisen\pluto\cancrinitepegmatite\cancrinitepegmatite_XPL_38053211.jpg,pluto,cancrinitepegmatite,XPL,1x,"Aegirine, cancrinite (high interference colors) and plagioclase crystal (I order gray) in a cancrinite-pegmatite from Punkaruaiv, Lovozero, Kola, Russia. XPL image, 1x (Field of view = 9mm)",priority
raw_strekeisen\pluto\cancrinitepegmatite\cancrinitepegmatite_XPL_15313609.jpg,pluto,cancrinitepegmatite,XPL,2x,"Aegirine, cancrinite (high interference colors) and plagioclase crystal (I order gray) in a cancrinite-pegmatite from Punkaruaiv, Lovozero, Kola, Russia. XPL image, 2x (Field of view = 7mm)",priority
raw_strekeisen\pluto\cancrinitepegmatite\cancrinitepegmatite_XPL_55379166.jpg,pluto,cancrinitepegmatite,XPL,2x,"Aegirine, cancrinite (high interference colors) and plagioclase crystal (I order gray) in a cancrinite-pegmatite from Punkaruaiv, Lovozero, Kola, Russia. XPL image, 2x (Field of view = 7mm)",priority
raw_strekeisen\pluto\cancrinitepegmatite\cancrinitepegmatite_XPL_29556203.jpg,pluto,cancrinitepegmatite,XPL,2x,"Aegirine, cancrinite (high interference colors) and plagioclase crystal (I order gray) in a cancrinite-pegmatite from Punkaruaiv, Lovozero, Kola, Russia. XPL image, 2x (Field of view = 7mm)",priority
raw_strekeisen\pluto\cancrinitepegmatite\cancrinitepegmatite_XPL_18613761.jpg,pluto,cancrinitepegmatite,XPL,2x,"Aegirine, cancrinite (high interference colors) and plagioclase crystal (I order gray) in a cancrinite-pegmatite from Punkaruaiv, Lovozero, Kola, Russia. XPL image, 2x (Field of view = 7mm)",priority
raw_strekeisen\pluto\cancrinitepegmatite\cancrinitepegmatite_XPL_24555081.jpg,pluto,cancrinitepegmatite,XPL,2x,"Aegirine, cancrinite (high interference colors) and plagioclase crystal (I order gray) in a cancrinite-pegmatite from Punkaruaiv, Lovozero, Kola, Russia. XPL image, 2x (Field of view = 7mm)",priority
raw_strekeisen\pluto\cancrinitepegmatite\cancrinitepegmatite_XPL_18629838.jpg,pluto,cancrinitepegmatite,XPL,2x,"Aegirine, cancrinite (high interference colors) and plagioclase crystal (I order gray) in a cancrinite-pegmatite from Punkaruaiv, Lovozero, Kola, Russia. XPL image, 2x (Field of view = 7mm)",priority
raw_strekeisen\pluto\cancrinitepegmatite\cancrinitepegmatite_XPL_52858984.jpg,pluto,cancrinitepegmatite,XPL,2x,"Aegirine, cancrinite (high interference colors) and plagioclase crystal (I order gray) in a cancrinite-pegmatite from Punkaruaiv, Lovozero, Kola, Russia. XPL image, 2x (Field of view = 7mm)",priority
raw_strekeisen\pluto\cancrinitepegmatite\cancrinitepegmatite_PPL_49036622.jpg,pluto,cancrinitepegmatite,PPL,2x,"Aegirine (green), cancrinite and nepheline (both colorless) in a cancrinite-pegmatite from Punkaruaiv, Lovozero, Kola, Russia. PPL image, 2x (Field of view = 7mm)",priority
raw_strekeisen\pluto\nephelinepegmatite\nephelinepegmatite_XPL_73993616.jpg,pluto,nephelinepegmatite,XPL,2x,"Aegirine (green), cancrinite (high interference colors) and nepheline (colorless) crystals in a nepheline-pegmatite from Mnt St. Hilare, Canada. XPL image, 2x (Field of view = 7mm)",priority
raw_strekeisen\pluto\peralkalinegranite\peralkalinegranite_XPL_64709045.jpg,pluto,peralkalinegranite,XPL,2x,"Aegirine crystals (high interference colors), orthose crystals (I order gray, with perthite unmixing) and quartz (I order gray). Gariboldi (or Kone) Caldera, Ethiopia. XPL image, 2x (Field of view = 7mm)",priority
raw_strekeisen\pluto\peralkalinegranite\peralkalinegranite_XPL_41530388.jpg,pluto,peralkalinegranite,XPL,2x,"Aegirine crystals (high interference colors), orthose crystals (I order gray, with perthite unmixing) and quartz (I order gray). Gariboldi (or Kone) Caldera, Ethiopia. XPL image, 2x (Field of view = 7mm)",priority
raw_strekeisen\pluto\peralkalinegranite\peralkalinegranite_XPL_10672584.jpg,pluto,peralkalinegranite,XPL,2x,"Aegirine crystals (high interference colors), orthose crystals (I order gray, with perthite unmixing) and quartz (I order gray). Gariboldi (or Kone) Caldera, Ethiopia. XPL image, 2x (Field of view = 7mm)",priority
raw_strekeisen\pluto\peralkalinegranite\peralkalinegranite_XPL_75820801.jpg,pluto,peralkalinegranite,XPL,2x,"Aegirine crystals (high interference colors), orthose crystals (I order gray, with perthite unmixing) and quartz (I order gray). Gariboldi (or Kone) Caldera, Ethiopia. XPL image, 2x (Field of view = 7mm)",priority
raw_strekeisen\pluto\peralkalinegranite\peralkalinegranite_XPL_79932858.jpg,pluto,peralkalinegranite,XPL,10x,"Aegirine crystals (high interference colors), orthose crystals (I order gray, with perthite unmixing) and quartz (I order gray). Gariboldi (or Kone) Caldera, Ethiopia. XPL image, 10x (Field of view = 2mm)",priority
raw_strekeisen\pluto\peralkalinegranite\peralkalinegranite_XPL_81199212.jpg,pluto,peralkalinegranite,XPL,2x,"Aegirine crystals (high interference colors), orthose crystals (I order gray, with perthite unmixing) and quartz (I order gray). Gariboldi (or Kone) Caldera, Ethiopia. XPL image, 2x (Field of view = 7mm)",priority
raw_strekeisen\pluto\peralkalinegranite\peralkalinegranite_XPL_77469140.jpg,pluto,peralkalinegranite,XPL,2x,"Aegirine crystals (high interference colors), orthose crystals (I order gray, with perthite unmixing) and quartz (I order gray). Gariboldi (or Kone) Caldera, Ethiopia. XPL image, 2x (Field of view = 7mm)",priority
raw_strekeisen\pluto\peralkalinegranite\peralkalinegranite_XPL_97606225.jpg,pluto,peralkalinegranite,XPL,2x,"Aegirine crystals (high interference colors), orthose crystals (I order gray, with perthite unmixing) and quartz (I order gray). Gariboldi (or Kone) Caldera, Ethiopia. XPL image, 2x (Field of view = 7mm)",priority
raw_strekeisen\pluto\peralkalinegranite\peralkalinegranite_XPL_20435373.jpg,pluto,peralkalinegranite,XPL,2x,"Aegirine crystals (high interference colors), orthose crystals (I order gray, with perthite unmixing) and quartz (I order gray). Gariboldi (or Kone) Caldera, Ethiopia. XPL image, 2x (Field of view = 7mm)",priority
raw_strekeisen\pluto\peralkalinegranite\peralkalinegranite_XPL_78182711.jpg,pluto,peralkalinegranite,XPL,2x,"Aegirine crystals (high interference colors), orthose crystals (I order gray, with perthite unmixing) and quartz (I order gray). Gariboldi (or Kone) Caldera, Ethiopia. XPL image, 2x (Field of view = 7mm)",priority
raw_strekeisen\pluto\peralkalinegranite\peralkalinegranite_XPL_62957594.jpg,pluto,peralkalinegranite,XPL,2x,"Aegirine crystals (high interference colors), orthose crystals (I order gray, with perthite unmixing) and quartz (I order gray). Gariboldi (or Kone) Caldera, Ethiopia. XPL image, 2x (Field of view = 7mm)",priority
raw_strekeisen\pluto\peralkalinegranite\peralkalinegranite_XPL_17317987.jpg,pluto,peralkalinegranite,XPL,2x,"Aegirine crystals (high interference colors), orthose crystals (I order gray, with perthite unmixing) and quartz (I order gray). Gariboldi (or Kone) Caldera, Ethiopia. XPL image, 2x (Field of view = 7mm)",priority
raw_strekeisen\pluto\peralkalinegranite\peralkalinegranite_XPL_64302224.jpg,pluto,peralkalinegranite,XPL,2x,"Aegirine crystals (high interference colors), orthose crystals (I order gray, with perthite unmixing) and quartz (I order gray). Gariboldi (or Kone) Caldera, Ethiopia. XPL image, 2x (Field of view = 7mm)",priority
raw_strekeisen\pluto\peralkalinegranite\peralkalinegranite_XPL_60146401.jpg,pluto,peralkalinegranite,XPL,2x,"Aegirine crystals (high interference colors), orthose crystals (I order gray, with perthite unmixing) and quartz (I order gray). Gariboldi (or Kone) Caldera, Ethiopia. XPL image, 2x (Field of view = 7mm)",priority
raw_strekeisen\pluto\peralkalinegranite\peralkalinegranite_XPL_98077799.jpg,pluto,peralkalinegranite,XPL,2x,"Aegirine crystals (high interference colors), orthose crystals (I order gray, with perthite unmixing) and quartz (I order gray). Gariboldi (or Kone) Caldera, Ethiopia. XPL image, 2x (Field of view = 7mm)",priority
raw_strekeisen\pluto\peralkalinegranite\peralkalinegranite_XPL_96742096.jpg,pluto,peralkalinegranite,XPL,2x,"Aegirine crystals (high interference colors), orthose crystals (I order gray, with perthite unmixing) and quartz (I order gray). Gariboldi (or Kone) Caldera, Ethiopia. XPL image, 2x (Field of view = 7mm)",priority
raw_strekeisen\pluto\syenogranite\syenogranite_XPL_70835749.jpg,pluto,syenogranite,XPL,2x,"Orthoclase, plagioclase and clinopyroxene (high interference coloros). XPL image, 2x (Field of view = 7mm)",priority
raw_strekeisen\pluto\syenogranite\syenogranite_XPL_48831385.jpg,pluto,syenogranite,XPL,2x,"Orthoclase, plagioclase and clinopyroxene (high interference coloros). XPL image, 2x (Field of view = 7mm)",priority
raw_strekeisen\pluto\syenogranite\syenogranite_XPL_59658694.jpg,pluto,syenogranite,XPL,2x,"Orthoclase, plagioclase and clinopyroxene (high interference coloros). XPL image, 2x (Field of view = 7mm)",priority
raw_strekeisen\pluto\syenogranite\syenogranite_XPL_43422820.jpg,pluto,syenogranite,XPL,2x,"Orthoclase, plagioclase and clinopyroxene (high interference coloros). XPL image, 2x (Field of view = 7mm)",priority
raw_strekeisen\pluto\syenogranite\syenogranite_XPL_22103361.jpg,pluto,syenogranite,XPL,2x,"Orthoclase, plagioclase and clinopyroxene (high interference coloros). XPL image, 2x (Field of view = 7mm)",priority
raw_strekeisen\pluto\syenogranite\syenogranite_XPL_47985334.jpg,pluto,syenogranite,XPL,2x,"Orthoclase, plagioclase and clinopyroxene (high interference coloros). XPL image, 2x (Field of view = 7mm)",priority
raw_strekeisen\pluto\tonalite\tonalite_XPL_67803548.jpg,pluto,tonalite,XPL,2x,"Plagioclase, quartz and biotite in a tonalite, halkidiki (Grecee). XPL image, 2x (Field of view = 7mm)",priority
raw_strekeisen\pluto\tonalite\tonalite_PPL_38288821.jpg,pluto,tonalite,PPL,2x,"Plagioclase, quartz, chloritized biotite and secondary epidotes in una tonalite, halkidiki (Grecia). PPL image, 2x (Field of view = 7mm)",priority
raw_strekeisen\pluto\tonalite\tonalite_XPL_31166835.jpg,pluto,tonalite,XPL,2x,"Plagioclase, quartz and biotite in a tonalite, halkidiki (Grecee). XPL image, 2x (Field of view = 7mm)",priority
raw_strekeisen\pluto\tonalite\tonalite_XPL_42134149.jpg,pluto,tonalite,XPL,2x,"Plagioclase, quartz and biotite in a tonalite, halkidiki (Grecee). XPL image, 2x (Field of view = 7mm)",priority
raw_strekeisen\pluto\tonalite\tonalite_XPL_94051459.jpg,pluto,tonalite,XPL,2x,"Plagioclase, quartz and biotite in a tonalite, halkidiki (Grecee). XPL image, 2x (Field of view = 7mm)",priority
raw_strekeisen\pluto\tonalite\tonalite_XPL_36943532.jpg,pluto,tonalite,XPL,2x,"Plagioclase, quartz and pyroxene in a tonalite, halkidiki (Grecee). XPL image, 2x (Field of view = 7mm)",priority
raw_strekeisen\pluto\tonalite\tonalite_XPL_41789397.jpg,pluto,tonalite,XPL,2x,"Plagioclase, quartz and biotite in a tonalite, halkidiki (Grecee). XPL image, 2x (Field of view = 7mm)",priority
raw_strekeisen\vulc\cordierite\cordierite_PPL_67146330.jpg,vulc,cordierite,PPL,10x,"Plagioclase and quartz (colorless), biotite (brown) and small cordierite (with dusty-turbid appearance) crystals immersed in a vitreous ground mass. PPL image, 10x (Field of view = 2mm)",priority
raw_strekeisen\vulc\cordierite\cordierite_PPL_52222374.jpg,vulc,cordierite,PPL,10x,"Plagioclase and quartz (colorless), biotite (brown) and small cordierite (with dusty-turbid appearance) crystals immersed in a vitreous ground mass. PPL image, 10x (Field of view = 2mm)",priority
raw_strekeisen\vulc\cordierite\cordierite_PPL_68828294.jpg,vulc,cordierite,PPL,10x,"Plagioclase and quartz (colorless), biotite (brown) and small cordierite (with dusty-turbid appearance) crystals immersed in a vitreous ground mass. PPL image, 10x (Field of view = 2mm)",priority
raw_strekeisen\vulc\cordierite\cordierite_PPL_89839622.jpg,vulc,cordierite,PPL,10x,"Plagioclase and quartz (colorless), biotite (brown) and small cordierite (with dusty-turbid appearance) crystals immersed in a vitreous ground mass. PPL image, 10x (Field of view = 2mm)",priority
raw_strekeisen\vulc\cordierite\cordierite_PPL_25424623.jpg,vulc,cordierite,PPL,10x,"Plagioclase and quartz (colorless), biotite (brown) and small cordierite (with dusty-turbid appearance) crystals immersed in a vitreous ground mass. PPL image, 10x (Field of view = 2mm)",priority
raw_strekeisen\vulc\cordierite\cordierite_XPL_29982748.jpg,vulc,cordierite,XPL,10x,"Plagioclase and quartz, biotite and small cordierite crystals immersed in a vitreous ground mass. XPL image, 10x (Field of view = 2mm)",priority
raw_strekeisen\vulc\cordierite\cordierite_PPL_10762294.jpg,vulc,cordierite,PPL,10x,"Plagioclase and quartz (colorless), biotite (brown) and small cordierite (with dusty-turbid appearance) crystals immersed in a vitreous ground mass. PPL image, 10x (Field of view = 2mm)",priority
raw_strekeisen\vulc\ilmenite\ilmenite_PPL_98898860.jpg,vulc,ilmenite,PPL,10x,"Elongated ilmenite crystals, plagioclase and skeletal pyroxene crystals (the fibrous-brown crystals between plagioclase). PPL image, 10x (Field of view = 2mm)",priority
raw_strekeisen\vulc\ilmenite\ilmenite_PPL_34099002.jpg,vulc,ilmenite,PPL,10x,"Elongated ilmenite crystals, plagioclase and skeletal pyroxene crystals (the fibrous-brown crystals between plagioclase). PPL image, 10x (Field of view = 2mm)",priority
raw_strekeisen\vulc\ilmenite\ilmenite_PPL_727573.jpg,vulc,ilmenite,PPL,10x,"Elongated ilmenite crystals, plagioclase and skeletal pyroxene crystals (the fibrous-brown crystals between plagioclase). PPL image, 10x (Field of view = 2mm)",priority
raw_strekeisen\vulc\ilmenite\ilmenite_PPL_59850598.jpg,vulc,ilmenite,PPL,10x,"Elongated ilmenite crystals, plagioclase and skeletal pyroxene crystals (the fibrous-brown crystals between plagioclase). PPL image, 10x (Field of view = 2mm)",priority
raw_strekeisen\vulc\ilmenite\ilmenite_PPL_5149620.jpg,vulc,ilmenite,PPL,10x,"Elongated ilmenite crystals, plagioclase and skeletal pyroxene crystals (the fibrous-brown crystals between plagioclase). PPL image, 10x (Field of view = 2mm)",priority
raw_strekeisen\vulc\ilmenite\ilmenite_PPL_67516722.jpg,vulc,ilmenite,PPL,10x,"Elongated ilmenite crystals, plagioclase and skeletal pyroxene crystals (the fibrous-brown crystals between plagioclase). PPL image, 10x (Field of view = 2mm)",priority
raw_strekeisen\vulc\ilmenite\ilmenite_PPL_54085295.jpg,vulc,ilmenite,PPL,10x,"Elongated ilmenite crystals, plagioclase and skeletal pyroxene crystals (the fibrous-brown crystals between plagioclase). PPL image, 10x (Field of view = 2mm)",priority
raw_strekeisen\vulc\ilmenite\ilmenite_PPL_24757514.jpg,vulc,ilmenite,PPL,10x,"Elongated ilmenite crystals, plagioclase and skeletal pyroxene crystals (the fibrous-brown crystals between plagioclase). PPL image, 10x (Field of view = 2mm)",priority
raw_strekeisen\vulc\ilmenite\ilmenite_PPL_36472709.jpg,vulc,ilmenite,PPL,10x,"Elongated ilmenite crystals, plagioclase and skeletal pyroxene crystals (the fibrous-brown crystals between plagioclase). PPL image, 10x (Field of view = 2mm)",priority
raw_strekeisen\vulc\ilmenite\ilmenite_PPL_84740904.jpg,vulc,ilmenite,PPL,10x,"Elongated ilmenite crystals, plagioclase and skeletal pyroxene crystals (the fibrous-brown crystals between plagioclase). PPL image, 10x (Field of view = 2mm)",priority
raw_strekeisen\vulc\glomerophyric\glomerophyric_PPL_66069064.jpg,vulc,glomerophyric,PPL,10x,"Pyroxene, plagioclase and biotite in a glomerophyre. Andesite, Amiata volcano, Tuscany, Italy. PPL image , 10x (Field of view = 2mm)",priority
raw_strekeisen\vulc\glomerophyric\glomerophyric_PPL_96662566.jpg,vulc,glomerophyric,PPL,10x,"Pyroxene, plagioclase and biotite in a glomerophyre. Andesite, Amiata volcano, Tuscany, Italy. PPL image , 10x (Field of view = 2mm)",priority
raw_strekeisen\vulc\glomerophyric\glomerophyric_PPL_40113607.jpg,vulc,glomerophyric,PPL,2x,"Pyroxene, olivine and magnetite in a glomerophyre. Basalt from Etna volcano, Italy. PPL image , 2x (Field of view = 7mm)",priority
raw_strekeisen\vulc\glomerophyric\glomerophyric_XPL_45040191.jpg,vulc,glomerophyric,XPL,2x,"Pyroxene, olivine and magnetite in a glomerophyre. Basalt from Etna volcano, Italy. XPL image , 2x (Field of view = 7mm)",priority
raw_strekeisen\vulc\glomerophyric\glomerophyric_PPL_12671108.jpg,vulc,glomerophyric,PPL,2x,"Pyroxene, olivine and magnetite in a glomerophyre. Basalt from Etna volcano, Italy. PPL image , 2x (Field of view = 7mm)",priority
raw_strekeisen\vulc\glomerophyric\glomerophyric_PPL_63154932.jpg,vulc,glomerophyric,PPL,2x,"Pyroxene, olivine and magnetite in a glomerophyre. Basalt from Etna volcano, Italy. PPL image , 2x (Field of view = 7mm)",priority
raw_strekeisen\vulc\glomerophyric\glomerophyric_PPL_87024924.jpg,vulc,glomerophyric,PPL,2x,"Pyroxene, olivine and magnetite in a glomerophyre. Basalt from Etna volcano, Italy. PPL image , 2x (Field of view = 7mm)",priority
raw_strekeisen\vulc\glomerophyric\glomerophyric_XPL_2289856.jpg,vulc,glomerophyric,XPL,2x,"Pyroxene, olivine and magnetite in a glomerophyre. Basalt from Etna volcano, Italy. XPL image , 2x (Field of view = 7mm)",priority
raw_strekeisen\vulc\glomerophyric\glomerophyric_PPL_93748029.jpg,vulc,glomerophyric,PPL,2x,"Pyroxene, olivine and magnetite in a glomerophyre. Basalt from Etna volcano, Italy. PPL image , 2x (Field of view = 7mm)",priority
raw_strekeisen\vulc\glomerophyric\glomerophyric_XPL_28820765.jpg,vulc,glomerophyric,XPL,2x,"Pyroxene, olivine and magnetite in a glomerophyre. Basalt from Etna volcano, Italy. XPL image , 2x (Field of view = 7mm)",priority
raw_strekeisen\vulc\glomerophyric\glomerophyric_PPL_34663968.jpg,vulc,glomerophyric,PPL,2x,"Pyroxene, olivine and magnetite in a glomerophyre. Basalt from Etna volcano, Italy. PPL image , 2x (Field of view = 7mm)",priority
raw_strekeisen\vulc\glomerophyric\glomerophyric_XPL_77273548.jpg,vulc,glomerophyric,XPL,2x,"Pyroxene, olivine and magnetite in a glomerophyre. Basalt from Etna volcano, Italy. XPL image , 2x (Field of view = 7mm)",priority
raw_strekeisen\vulc\porphyritic\porphyritic_XPL_17266389.jpg,vulc,porphyritic,XPL,2x,"Plagioclase, biotite and clinopyroxene in a dacite from Bulgaria. XPL image, 2x (Field of view = 7mm)",priority
raw_strekeisen\vulc\porphyritic\porphyritic_PPL_73635552.jpg,vulc,porphyritic,PPL,2x,"Plagioclase, biotite and clinopyroxene in a dacite from Bulgaria. PPL image, 2x (Field of view = 7mm)",priority
raw_strekeisen\vulc\porphyritic\porphyritic_XPL_3716099.jpg,vulc,porphyritic,XPL,2x,"Plagioclase, biotite and clinopyroxene in a dacite from Bulgaria. XPL image, 2x (Field of view = 7mm)",priority
raw_strekeisen\vulc\porphyritic\porphyritic_PPL_85161331.jpg,vulc,porphyritic,PPL,2x,"Plagioclase, biotite and clinopyroxene in a dacite from Bulgaria. PPL image, 2x (Field of view = 7mm)",priority
raw_strekeisen\vulc\porphyritic\porphyritic_XPL_1378039.jpg,vulc,porphyritic,XPL,2x,"Plagioclase, biotite and clinopyroxene in a dacite from Bulgaria. XPL image, 2x (Field of view = 7mm)",priority
raw_strekeisen\vulc\porphyritic\porphyritic_PPL_60855787.jpg,vulc,porphyritic,PPL,2x,"Plagioclase, biotite and clinopyroxene in a dacite from Bulgaria. PPL image, 2x (Field of view = 7mm)",priority
raw_strekeisen\vulc\pseudomorph\pseudomorph_XPL_36872819.jpg,vulc,pseudomorph,XPL,10x,"Pyroxene and Olivine (right) pseudomorphed by Calcite (at the core). Milos (Greece). XPL image, 10x (Field of view = 2mm)",priority
raw_strekeisen\vulc\andesite\andesite_PPL_33291996.jpg,vulc,andesite,PPL,2x,"Hornblende, biotite and plagioclase crystals in a Andesite. PPL image, 2x (Field of view = 7mm)",priority
raw_strekeisen\vulc\andesite\andesite_XPL_69471415.jpg,vulc,andesite,XPL,2x,"Hornblende, biotite and plagioclase crystals in a Andesite. XPL image, 2x (Field of view = 7mm)",priority
raw_strekeisen\vulc\andesite\andesite_PPL_87362332.jpg,vulc,andesite,PPL,2x,"Hornblende, biotite and plagioclase crystals in a Andesite. PPL image, 2x (Field of view = 7mm)",priority
raw_strekeisen\vulc\andesite\andesite_PPL_16153603.jpg,vulc,andesite,PPL,2x,"Hornblende, biotite and plagioclase crystals in a Andesite. PPL image, 2x (Field of view = 7mm)",priority
raw_strekeisen\vulc\andesite\andesite_XPL_96373859.jpg,vulc,andesite,XPL,2x,"Hornblende, biotite and plagioclase crystals in a Andesite. XPL image, 2x (Field of view = 7mm)",priority
raw_strekeisen\vulc\andesite\andesite_PPL_13652395.jpg,vulc,andesite,PPL,2x,"Hornblende, biotite and plagioclase crystals in a Andesite. PPL image, 2x (Field of view = 7mm)",priority
raw_strekeisen\vulc\andesite\andesite_PPL_28964843.jpg,vulc,andesite,PPL,2x,"Hornblende, clinopyroxene and plagioclase crystals in a Andesite. PPL image, 2x (Field of view = 7mm)",priority
raw_strekeisen\vulc\andesite\andesite_PPL_83607010.jpg,vulc,andesite,PPL,2x,"Clinopyroxene, plagioclase and magnetite crystals. PPL image, 2x (Field of view = 7mm)",priority
raw_strekeisen\vulc\andesite\andesite_XPL_93189510.jpg,vulc,andesite,XPL,2x,"Clinopyroxene, plagioclase and magnetite crystals. XPL image, 2x (Field of view = 7mm)",priority
raw_strekeisen\vulc\andesite\andesite_PPL_11188405.jpg,vulc,andesite,PPL,2x,"Clinopyroxene, plagioclase and magnetite crystals. PPL image, 2x (Field of view = 7mm)",priority
raw_strekeisen\vulc\andesite\andesite_PPL_29480026.jpg,vulc,andesite,PPL,2x,"Clinopyroxene, plagioclase and magnetite crystals. PPL image, 2x (Field of view = 7mm)",priority
raw_strekeisen\vulc\andesite\andesite_PPL_29382768.jpg,vulc,andesite,PPL,2x,"Clinopyroxene, plagioclase and magnetite crystals. PPL image, 2x (Field of view = 7mm)",priority
raw_strekeisen\vulc\andesite\andesite_XPL_62054317.jpg,vulc,andesite,XPL,2x,"Clinopyroxene, plagioclase and magnetite crystals. XPL image, 2x (Field of view = 7mm)",priority
raw_strekeisen\vulc\breccia\breccia_PPL_94592077.jpg,vulc,breccia,PPL,10x,"Fragments of mafic minerals (pyroxene and magnetite), big calcite fragment and altered xenoliths in a diatreme breccia from Vogtsburg. PPL image, 10x (Field of view = 2mm)",priority
raw_strekeisen\vulc\breccia\breccia_XPL_38632723.jpg,vulc,breccia,XPL,10x,"Fragments of mafic minerals (pyroxene and magnetite), big calcite fragment and altered xenoliths in a diatreme breccia from Vogtsburg. XPL image, 10x (Field of view = 2mm)",priority
raw_strekeisen\vulc\wollastonitephonolite\wollastonitephonolite_PPL_12554333.jpg,vulc,wollastonitephonolite,PPL,2x,"Aegirine (green), calcite and acicular wollastonite crystals, set in a fine-grained matrix of sanidine. Wollastonite phonolite from Fohberg. PPL image, 2x (Field of view = 7mm)",priority
raw_strekeisen\vulc\wollastonitephonolite\wollastonitephonolite_XPL_616343.jpg,vulc,wollastonitephonolite,XPL,2x,"Aegirine, calcite and acicular wollastonite (low birefringence) crystals, set in a fine-grained matrix of sanidine. Wollastonite phonolite from Fohberg. XPL image, 2x (Field of view = 7mm)",priority
raw_strekeisen\vulc\kersantite\kersantite_PPL_44207977.jpg,vulc,kersantite,PPL,2x,"Altered plagioclase, phlogopite, pyroxene and magnetite crystals in a kersantite. PPL image, 2x (Field of view = 7mm)",priority
raw_strekeisen\vulc\kersantite\kersantite_XPL_73041148.jpg,vulc,kersantite,XPL,2x,"Altered plagioclase, phlogopite, pyroxene and magnetite crystals in a kersantite. XPL image, 2x (Field of view = 7mm)",priority
raw_strekeisen\vulc\kersantite\kersantite_PPL_77107388.jpg,vulc,kersantite,PPL,2x,"Altered plagioclase, phlogopite, pyroxene and magnetite crystals in a kersantite. PPL image, 2x (Field of view = 7mm)",priority
raw_strekeisen\vulc\kersantite\kersantite_XPL_37463360.jpg,vulc,kersantite,XPL,2x,"Altered plagioclase, phlogopite, pyroxene and magnetite crystals in a kersantite. XPL image, 2x (Field of view = 7mm)",priority
raw_strekeisen\vulc\kersantite\kersantite_PPL_80585929.jpg,vulc,kersantite,PPL,2x,"Altered plagioclase, phlogopite, pyroxene and magnetite crystals in a kersantite. PPL image, 2x (Field of view = 7mm)",priority
raw_strekeisen\vulc\kersantite\kersantite_XPL_70011042.jpg,vulc,kersantite,XPL,2x,"Altered plagioclase, phlogopite, pyroxene and magnetite crystals in a kersantite. XPL image, 2x (Field of view = 7mm)",priority
raw_strekeisen\vulc\kersantite\kersantite_PPL_33658878.jpg,vulc,kersantite,PPL,2x,"Altered plagioclase, phlogopite, pyroxene and magnetite crystals in a kersantite. PPL image, 2x (Field of view = 7mm)",priority
raw_strekeisen\vulc\kersantite\kersantite_PPL_23838706.jpg,vulc,kersantite,PPL,2x,"Altered plagioclase, phlogopite, pyroxene and magnetite crystals in a kersantite. PPL image, 2x (Field of view = 7mm)",priority
raw_strekeisen\vulc\kersantite\kersantite_XPL_74302942.jpg,vulc,kersantite,XPL,2x,"Altered plagioclase, phlogopite, pyroxene and magnetite crystals in a kersantite. XPL image, 2x (Field of view = 7mm)",priority
raw_strekeisen\vulc\kimberlite2\kimberlite2_PPL_14770547.jpg,vulc,kimberlite2,PPL,1x,"Rounded olivine (serpentinized) crystals, set in a groundmass rich in calcite and serpentine. Sturgeon Lake kimberlite. PPL image, 1x (Field of view = 2mm)",priority
raw_strekeisen\vulc\kimberlite2\kimberlite2_XPL_84093698.jpg,vulc,kimberlite2,XPL,1x,"Rounded olivine (serpentinized) crystals, set in a groundmass rich in calcite and serpentine. Sturgeon Lake kimberlite. XPL image, 1x (Field of view = 2mm)",priority
raw_strekeisen\vulc\kimberlite2\kimberlite2_PPL_80533411.jpg,vulc,kimberlite2,PPL,1x,"Rounded olivine (serpentinized) crystals, set in a groundmass rich in calcite and serpentine. Sturgeon Lake kimberlite. PPL image, 1x (Field of view = 2mm)",priority
raw_strekeisen\vulc\kimberlite2\kimberlite2_XPL_43295528.jpg,vulc,kimberlite2,XPL,1x,"Rounded olivine (serpentinized) crystals, set in a groundmass rich in calcite and serpentine. Sturgeon Lake kimberlite. XPL image, 1x (Field of view = 2mm)",priority
raw_strekeisen\vulc\kimberlite2\kimberlite2_PPL_52901862.jpg,vulc,kimberlite2,PPL,1x,"Rounded olivine (serpentinized) crystals, set in a groundmass rich in calcite and serpentine. Sturgeon Lake kimberlite. PPL image, 1x (Field of view = 2mm)",priority
raw_strekeisen\vulc\kimberlite2\kimberlite2_XPL_79347604.jpg,vulc,kimberlite2,XPL,1x,"Rounded olivine (serpentinized) crystals, set in a groundmass rich in calcite and serpentine. Sturgeon Lake kimberlite. XPL image, 1x (Field of view = 2mm)",priority
raw_strekeisen\vulc\kimberlite2\kimberlite2_PPL_72848342.jpg,vulc,kimberlite2,PPL,1x,"Rounded olivine (serpentinized) crystals, set in a groundmass rich in calcite and serpentine. Sturgeon Lake kimberlite. PPL image, 1x (Field of view = 2mm)",priority
raw_strekeisen\vulc\kimberlite2\kimberlite2_XPL_9213985.jpg,vulc,kimberlite2,XPL,1x,"Rounded olivine (serpentinized) crystals, set in a groundmass rich in calcite and serpentine. Sturgeon Lake kimberlite. XPL image, 1x (Field of view = 2mm)",priority
raw_strekeisen\vulc\kimberlite2\kimberlite2_PPL_3649997.jpg,vulc,kimberlite2,PPL,1x,"Rounded olivine (serpentinized) crystals and sedimentary xenolith, set in a groundmass rich in calcite and serpentine. Sturgeon Lake kimberlite. PPL image, 1x (Field of view = 2mm)",priority
raw_strekeisen\vulc\kimberlite2\kimberlite2_XPL_79122039.jpg,vulc,kimberlite2,XPL,1x,"Rounded olivine (serpentinized) crystals and sedimentary xenolith, set in a groundmass rich in calcite and serpentine. Sturgeon Lake kimberlite. XPL image, 1x (Field of view = 2mm)",priority
raw_strekeisen\vulc\kimberlite2\kimberlite2_PPL_10958086.jpg,vulc,kimberlite2,PPL,1x,"Rounded olivine (serpentinized) crystals, set in a groundmass rich in calcite and serpentine. Sturgeon Lake kimberlite. PPL image, 1x (Field of view = 2mm)",priority
raw_strekeisen\vulc\kimberlite2\kimberlite2_XPL_78842883.jpg,vulc,kimberlite2,XPL,1x,"Rounded olivine (serpentinized) crystals, set in a groundmass rich in calcite and serpentine. Sturgeon Lake kimberlite. XPL image, 1x (Field of view = 2mm)",priority
raw_strekeisen\vulc\kimberlite2\kimberlite2_PPL_72650394.jpg,vulc,kimberlite2,PPL,1x,"Rounded olivine (serpentinized) crystals, set in a groundmass rich in calcite and serpentine. Sturgeon Lake kimberlite. PPL image, 1x (Field of view = 2mm)",priority
raw_strekeisen\vulc\kimberlite2\kimberlite2_XPL_70612787.jpg,vulc,kimberlite2,XPL,1x,"Rounded olivine (serpentinized) crystals, set in a groundmass rich in calcite and serpentine. Sturgeon Lake kimberlite. XPL image, 1x (Field of view = 2mm)",priority
raw_strekeisen\vulc\kimberlite2\kimberlite2_PPL_62727643.jpg,vulc,kimberlite2,PPL,1x,"Rounded olivine (serpentinized) crystals, set in a groundmass rich in calcite and serpentine. Sturgeon Lake kimberlite. PPL image, 1x (Field of view = 2mm)",priority
raw_strekeisen\vulc\kimberlite2\kimberlite2_PPL_24461362.jpg,vulc,kimberlite2,PPL,1x,"Rounded olivine (serpentinized) crystals, set in a groundmass rich in calcite and serpentine. Sturgeon Lake kimberlite. PPL image, 1x (Field of view = 2mm)",priority
raw_strekeisen\vulc\kimberlite2\kimberlite2_PPL_33240206.jpg,vulc,kimberlite2,PPL,1x,"Rounded olivine (serpentinized) crystals, set in a groundmass rich in calcite and serpentine. Sturgeon Lake kimberlite. PPL image, 1x (Field of view = 2mm)",priority
raw_strekeisen\vulc\kimberlite2\kimberlite2_XPL_60621410.jpg,vulc,kimberlite2,XPL,1x,"Rounded olivine (serpentinized) crystals, set in a groundmass rich in calcite and serpentine. Sturgeon Lake kimberlite. XPL image, 1x (Field of view = 2mm)",priority
raw_strekeisen\vulc\kimberlite2\kimberlite2_PPL_91381286.jpg,vulc,kimberlite2,PPL,1x,"Rounded olivine (serpentinized) crystals, set in a groundmass rich in calcite and serpentine. Sturgeon Lake kimberlite. PPL image, 1x (Field of view = 2mm)",priority
raw_strekeisen\vulc\kimberlite2\kimberlite2_XPL_951712.jpg,vulc,kimberlite2,XPL,1x,"Rounded olivine (serpentinized) crystals, set in a groundmass rich in calcite and serpentine. Sturgeon Lake kimberlite. XPL image, 1x (Field of view = 2mm)",priority
raw_strekeisen\vulc\kimberlite2\kimberlite2_PPL_94015416.jpg,vulc,kimberlite2,PPL,1x,"Rounded olivine (serpentinized) crystals, set in a groundmass rich in calcite and serpentine. Sturgeon Lake kimberlite. PPL image, 1x (Field of view = 2mm)",priority
raw_strekeisen\vulc\kimberlite2\kimberlite2_XPL_55484666.jpg,vulc,kimberlite2,XPL,1x,"Rounded olivine (serpentinized) crystals, set in a groundmass rich in calcite and serpentine. Sturgeon Lake kimberlite. XPL image, 1x (Field of view = 2mm)",priority
raw_strekeisen\vulc\kimberlite2\kimberlite2_PPL_97950854.jpg,vulc,kimberlite2,PPL,1x,"Rounded olivine (serpentinized) crystals, set in a groundmass rich in calcite and serpentine. Sturgeon Lake kimberlite. PPL image, 1x (Field of view = 2mm)",priority
raw_strekeisen\vulc\kimberlite2\kimberlite2_XPL_39929695.jpg,vulc,kimberlite2,XPL,1x,"Rounded olivine (serpentinized) crystals, set in a groundmass rich in calcite and serpentine. Sturgeon Lake kimberlite. XPL image, 1x (Field of view = 2mm)",priority
raw_strekeisen\vulc\kimberlite2\kimberlite2_PPL_11773823.jpg,vulc,kimberlite2,PPL,2x,"Rounded olivine (serpentinized) crystals, set in a groundmass rich in calcite and serpentine. Sturgeon Lake kimberlite. PPL image, 2x (Field of view = 7mm)",priority
raw_strekeisen\vulc\kimberlite2\kimberlite2_XPL_77241669.jpg,vulc,kimberlite2,XPL,2x,"Rounded olivine (serpentinized) crystals, set in a groundmass rich in calcite and serpentine. Sturgeon Lake kimberlite. XPL image, 2x (Field of view = 7mm)",priority
raw_strekeisen\vulc\kimberlite2\kimberlite2_PPL_35466478.jpg,vulc,kimberlite2,PPL,2x,"Rounded olivine (serpentinized) crystals, set in a groundmass rich in calcite and serpentine. Sturgeon Lake kimberlite. PPL image, 2x (Field of view = 7mm)",priority
raw_strekeisen\vulc\kimberlite2\kimberlite2_XPL_17997180.jpg,vulc,kimberlite2,XPL,2x,"Rounded olivine (serpentinized) crystals, set in a groundmass rich in calcite and serpentine. Sturgeon Lake kimberlite. XPL image, 2x (Field of view = 7mm)",priority
raw_strekeisen\vulc\kimberlite2\kimberlite2_PPL_91375592.jpg,vulc,kimberlite2,PPL,2x,"Rounded olivine (serpentinized) crystals, set in a groundmass rich in calcite and serpentine. Sturgeon Lake kimberlite. PPL image, 2x (Field of view = 7mm)",priority
raw_strekeisen\vulc\kimberlite2\kimberlite2_XPL_76423661.jpg,vulc,kimberlite2,XPL,2x,"Rounded olivine (serpentinized) crystals, set in a groundmass rich in calcite and serpentine. Sturgeon Lake kimberlite. XPL image, 2x (Field of view = 7mm)",priority
raw_strekeisen\vulc\kimberlite2\kimberlite2_PPL_61970027.jpg,vulc,kimberlite2,PPL,2x,"Rounded olivine (serpentinized) crystals, set in a groundmass rich in calcite and serpentine. Sturgeon Lake kimberlite. PPL image, 2x (Field of view = 7mm)",priority
raw_strekeisen\vulc\kimberlite2\kimberlite2_XPL_33985887.jpg,vulc,kimberlite2,XPL,2x,"Rounded olivine (serpentinized) crystals, set in a groundmass rich in calcite and serpentine. Sturgeon Lake kimberlite. XPL image, 2x (Field of view = 7mm)",priority
raw_strekeisen\vulc\kimberlite2\kimberlite2_PPL_92190793.jpg,vulc,kimberlite2,PPL,2x,"Rounded olivine (serpentinized) crystals, set in a groundmass rich in calcite and serpentine. Sturgeon Lake kimberlite. PPL image, 2x (Field of view = 7mm)",priority
raw_strekeisen\vulc\kimberlite2\kimberlite2_XPL_6075500.jpg,vulc,kimberlite2,XPL,2x,"Rounded olivine (serpentinized) crystals, set in a groundmass rich in calcite and serpentine. Sturgeon Lake kimberlite. XPL image, 2x (Field of view = 7mm)",priority
raw_strekeisen\vulc\kimberlite2\kimberlite2_PPL_81749558.jpg,vulc,kimberlite2,PPL,2x,"Rounded olivine (serpentinized) crystals, set in a groundmass rich in calcite and serpentine. Sturgeon Lake kimberlite. PPL image, 2x (Field of view = 7mm)",priority
raw_strekeisen\vulc\kimberlite2\kimberlite2_XPL_86727004.jpg,vulc,kimberlite2,XPL,2x,"Rounded olivine (serpentinized) crystals, set in a groundmass rich in calcite and serpentine. Sturgeon Lake kimberlite. XPL image, 2x (Field of view = 7mm)",priority
raw_strekeisen\vulc\kimberlite2\kimberlite2_PPL_66548093.jpg,vulc,kimberlite2,PPL,2x,"Rounded olivine (serpentinized) crystals, set in a groundmass rich in calcite and serpentine. Sturgeon Lake kimberlite. PPL image, 2x (Field of view = 7mm)",priority
raw_strekeisen\vulc\kimberlite2\kimberlite2_XPL_56095230.jpg,vulc,kimberlite2,XPL,2x,"Rounded olivine (serpentinized) crystals, set in a groundmass rich in calcite and serpentine. Sturgeon Lake kimberlite. XPL image, 2x (Field of view = 7mm)",priority
raw_strekeisen\vulc\kimberlite2\kimberlite2_PPL_93488670.jpg,vulc,kimberlite2,PPL,2x,"Rounded olivine (serpentinized) crystals, set in a groundmass rich in calcite and serpentine. Sturgeon Lake kimberlite. PPL image, 2x (Field of view = 7mm)",priority
raw_strekeisen\vulc\kimberlite2\kimberlite2_XPL_60487202.jpg,vulc,kimberlite2,XPL,2x,"Rounded olivine (serpentinized) crystals, set in a groundmass rich in calcite and serpentine. Sturgeon Lake kimberlite. XPL image, 2x (Field of view = 7mm)",priority
raw_strekeisen\vulc\kimberlite2\kimberlite2_XPL_87620921.jpg,vulc,kimberlite2,XPL,2x,"Rounded olivine (serpentinized) crystals, set in a groundmass rich in calcite and serpentine. Sturgeon Lake kimberlite. XPL image, 2x (Field of view = 7mm)",priority
raw_strekeisen\vulc\kimberlite2\kimberlite2_XPL_20253019.jpg,vulc,kimberlite2,XPL,2x,"Rounded olivine (serpentinized) crystals, set in a groundmass rich in calcite and serpentine. Sturgeon Lake kimberlite. XPL image, 2x (Field of view = 7mm)",priority
raw_strekeisen\vulc\kimberlite2\kimberlite2_XPL_10768915.jpg,vulc,kimberlite2,XPL,2x,"Rounded olivine (serpentinized) crystals, set in a groundmass rich in calcite and serpentine. Sturgeon Lake kimberlite. XPL image, 2x (Field of view = 7mm)",priority
raw_strekeisen\vulc\kimberlite2\kimberlite2_XPL_61840996.jpg,vulc,kimberlite2,XPL,2x,"Rounded olivine (serpentinized) crystals, set in a groundmass rich in calcite and serpentine. Sturgeon Lake kimberlite. XPL image, 2x (Field of view = 7mm)",priority
raw_strekeisen\vulc\kimberlite2\kimberlite2_XPL_19234213.jpg,vulc,kimberlite2,XPL,2x,"Rounded olivine (serpentinized) crystals, set in a groundmass rich in calcite and serpentine. Sturgeon Lake kimberlite. XPL image, 2x (Field of view = 7mm)",priority
raw_strekeisen\vulc\kimberlite2\kimberlite2_XPL_44392102.jpg,vulc,kimberlite2,XPL,2x,"Rounded olivine (serpentinized) crystals, set in a groundmass rich in calcite and serpentine. Sturgeon Lake kimberlite. XPL image, 2x (Field of view = 7mm)",priority
raw_strekeisen\vulc\kimberlite2\kimberlite2_XPL_89710598.jpg,vulc,kimberlite2,XPL,2x,"Rounded olivine (serpentinized) crystals, set in a groundmass rich in calcite and serpentine. Sturgeon Lake kimberlite. XPL image, 2x (Field of view = 7mm)",priority
raw_strekeisen\vulc\kimberlite2\kimberlite2_XPL_69794327.jpg,vulc,kimberlite2,XPL,2x,"Rounded olivine (serpentinized) crystals, set in a groundmass rich in calcite and serpentine. Sturgeon Lake kimberlite. XPL image, 2x (Field of view = 7mm)",priority
raw_strekeisen\vulc\kimberlite2\kimberlite2_PPL_31066906.jpg,vulc,kimberlite2,PPL,2x,"Rounded olivine (serpentinized) crystals, set in a groundmass rich in calcite and serpentine. Sturgeon Lake kimberlite. PPL image, 2x (Field of view = 7mm)",priority
raw_strekeisen\vulc\kimberlite2\kimberlite2_XPL_46973513.jpg,vulc,kimberlite2,XPL,2x,"Rounded olivine (serpentinized) crystals, set in a groundmass rich in calcite and serpentine. Sturgeon Lake kimberlite. XPL image, 2x (Field of view = 7mm)",priority
raw_strekeisen\vulc\kimberlite2\kimberlite2_PPL_21181478.jpg,vulc,kimberlite2,PPL,2x,"Rounded olivine (serpentinized) crystals, mica (brown) and spinel (black), set in a groundmass rich in calcite and serpentine. Sturgeon Lake kimberlite. PPL image, 2x (Field of view = 7mm)",priority
raw_strekeisen\vulc\kimberlite2\kimberlite2_PPL_44947728.jpg,vulc,kimberlite2,PPL,2x,"Rounded olivine (serpentinized) crystals, set in a groundmass rich in calcite and serpentine. Sturgeon Lake kimberlite. PPL image, 2x (Field of view = 7mm)",priority
raw_strekeisen\vulc\kimberlite2\kimberlite2_XPL_5483920.jpg,vulc,kimberlite2,XPL,2x,"Rounded olivine (serpentinized) crystals, set in a groundmass rich in calcite and serpentine. Sturgeon Lake kimberlite. XPL image, 2x (Field of view = 7mm)",priority
raw_strekeisen\vulc\vosegite\vosegite_PPL_81199678.jpg,vulc,vosegite,PPL,2x,"Hornblende, Magnetite and Pyroxene phenocrysts and Sericitized feldspar in the groundmass. PPL image, 2x (Field of view = 7mm)",priority
raw_strekeisen\vulc\vosegite\vosegite_XPL_77548876.jpg,vulc,vosegite,XPL,2x,"Hornblende, Magnetite and Pyroxene phenocrysts and Sericitized feldspar in the groundmass. XPL image, 2x (Field of view = 7mm)",priority
raw_strekeisen\vulc\vosegite\vosegite_PPL_46198715.jpg,vulc,vosegite,PPL,2x,"Hornblende, Magnetite and Pyroxene phenocrysts and Sericitized feldspar in the groundmass. PPL image, 2x (Field of view = 7mm)",priority
raw_strekeisen\vulc\vosegite\vosegite_XPL_94254668.jpg,vulc,vosegite,XPL,2x,"Hornblende, Magnetite and Pyroxene phenocrysts and Sericitized feldspar in the groundmass. XPL image, 2x (Field of view = 7mm)",priority
raw_strekeisen\vulc\vosegite\vosegite_PPL_6548632.jpg,vulc,vosegite,PPL,2x,"Hornblende, Magnetite and Pyroxene phenocrysts and Sericitized feldspar in the groundmass. PPL image, 2x (Field of view = 7mm)",priority
raw_strekeisen\vulc\vosegite\vosegite_XPL_44228301.jpg,vulc,vosegite,XPL,2x,"Hornblende, Magnetite and Pyroxene phenocrysts and Sericitized feldspar in the groundmass. XPL image, 2x (Field of view = 7mm)",priority
raw_strekeisen\vulc\vosegite\vosegite_XPL_49298376.jpg,vulc,vosegite,XPL,2x,"Hornblende, Magnetite and Pyroxene phenocrysts and Sericitized feldspar in the groundmass. XPL image, 2x (Field of view = 7mm)",priority
raw_strekeisen\vulc\vosegite\vosegite_XPL_43938045.jpg,vulc,vosegite,XPL,2x,"Hornblende, Magnetite and Pyroxene phenocrysts and Sericitized feldspar in the groundmass. XPL image, 2x (Field of view = 7mm)",priority
raw_strekeisen\vulc\vosegite\vosegite_XPL_48206794.jpg,vulc,vosegite,XPL,2x,"Hornblende, Magnetite and Pyroxene phenocrysts and Sericitized feldspar in the groundmass. XPL image, 2x (Field of view = 7mm)",priority
raw_strekeisen\vulc\vosegite\vosegite_XPL_94291868.jpg,vulc,vosegite,XPL,2x,"Hornblende, Magnetite and Pyroxene phenocrysts and Sericitized feldspar in the groundmass. XPL image, 2x (Field of view = 7mm)",priority
raw_strekeisen\vulc\vosegite\vosegite_PPL_57968178.jpg,vulc,vosegite,PPL,10x,"Magnetite, Biotite and Pyroxene (partially alterted by chlorite) phenocrysts and Sericitized feldspar in the groundmass. PPL image, 10x (Field of view = 2mm)",priority
raw_strekeisen\vulc\vosegite\vosegite_XPL_74606767.jpg,vulc,vosegite,XPL,10x,"Magnetite, Biotite and Pyroxene (partially alterted by chlorite) phenocrysts and Sericitized feldspar in the groundmass. XPL image, 10x (Field of view = 2mm)",priority
raw_strekeisen\vulc\vosegite\vosegite_XPL_43022482.jpg,vulc,vosegite,XPL,10x,"Magnetite, Biotite and Pyroxene (partially alterted by chlorite) phenocrysts and Sericitized feldspar in the groundmass. XPL image, 10x (Field of view = 2mm)",priority
raw_strekeisen\vulc\latite\latite_PPL_25936986.jpg,vulc,latite,PPL,2x,"Sanidine, plagioclase and altered olivine crystals in a Latite from Bolsena lake (Latium, Italy). PPL image, 2x (Field of view = 7mm)",priority
raw_strekeisen\vulc\latite\latite_XPL_93610825.jpg,vulc,latite,XPL,2x,"Sanidine, plagioclase and altered olivine crystals in a Latite from Bolsena lake (Latium, Italy). XPL image, 2x (Field of view = 7mm)",priority
raw_strekeisen\vulc\latite\latite_PPL_44271491.jpg,vulc,latite,PPL,2x,"Biotite, plagioclase and pyroxene + plagioclase cluster in a Latite from Bolsena lake (Latium, Italy). PPL image, 2x (Field of view = 7mm)",priority
raw_strekeisen\vulc\latite\latite_XPL_75676339.jpg,vulc,latite,XPL,2x,"Biotite, plagioclase and pyroxene + plagioclase cluster in a Latite from Bolsena lake (Latium, Italy). XPL image, 2x (Field of view = 7mm)",priority
raw_strekeisen\vulc\leucitite\leucitite_XPL_65317347.jpg,vulc,leucitite,XPL,10x,"Leucite, Clinopyroxene, magnetite crystals and secondary interstitial calcite. XPL image, 10x (Field of view = 2mm)",priority
raw_strekeisen\vulc\leucitite\leucitite_XPL_40547564.jpg,vulc,leucitite,XPL,10x,"Leucite, Clinopyroxene, magnetite crystals and secondary interstitial calcite. XPL image, 10x (Field of view = 2mm)",priority
raw_strekeisen\vulc\pyroclasticflow\pyroclasticflow_PPL_98144211.jpg,vulc,pyroclasticflow,PPL,2x,"Pyroxene, Magnetite and plagioclase in a pyroclastic deposit from. kirishima, Japan. PPL image, 2x (Field of view = 7mm)",priority
raw_strekeisen\vulc\pyroclasticflow\pyroclasticflow_PPL_52885022.jpg,vulc,pyroclasticflow,PPL,2x,"Pyroxene, Magnetite and plagioclase in a pyroclastic deposit from. kirishima, Japan. PPL image, 2x (Field of view = 7mm)",priority
raw_strekeisen\vulc\pyroclasticflow\pyroclasticflow_PPL_91135800.jpg,vulc,pyroclasticflow,PPL,2x,"Pyroxene, Magnetite and plagioclase in a pyroclastic deposit from. kirishima, Japan. PPL image, 2x (Field of view = 7mm)",priority
raw_strekeisen\vulc\pyroclasticflow\pyroclasticflow_PPL_79379558.jpg,vulc,pyroclasticflow,PPL,2x,"Pyroxene, Magnetite and plagioclase in a pyroclastic deposit from. kirishima, Japan. PPL image, 2x (Field of view = 7mm)",priority
raw_strekeisen\vulc\pyroclasticflow\pyroclasticflow_PPL_42220780.jpg,vulc,pyroclasticflow,PPL,2x,"Pyroxene, Magnetite and plagioclase in a pyroclastic deposit from. kirishima, Japan. PPL image, 2x (Field of view = 7mm)",priority
raw_strekeisen\vulc\pyroclasticflow\pyroclasticflow_PPL_50700200.jpg,vulc,pyroclasticflow,PPL,2x,"Pyroxene, Magnetite and plagioclase in a pyroclastic deposit from. kirishima, Japan. PPL image, 2x (Field of view = 7mm)",priority
raw_strekeisen\vulc\pyroclasticflow\pyroclasticflow_PPL_28792540.jpg,vulc,pyroclasticflow,PPL,2x,"Pyroxene, Magnetite and plagioclase in a pyroclastic deposit from. kirishima, Japan. PPL image, 2x (Field of view = 7mm)",priority
raw_strekeisen\vulc\pyroclasticflow\pyroclasticflow_PPL_62509182.jpg,vulc,pyroclasticflow,PPL,2x,"Pyroxene, Magnetite and plagioclase in a pyroclastic deposit from. kirishima, Japan. PPL image, 2x (Field of view = 7mm)",priority
raw_strekeisen\vulc\pyroclasticflow\pyroclasticflow_PPL_87047600.jpg,vulc,pyroclasticflow,PPL,2x,"Pyroxene, Magnetite and plagioclase in a pyroclastic deposit from. kirishima, Japan. PPL image, 2x (Field of view = 7mm)",priority
raw_strekeisen\vulc\pyroclasticflow\pyroclasticflow_PPL_16852651.jpg,vulc,pyroclasticflow,PPL,2x,"Pyroxene, Magnetite and plagioclase in a pyroclastic deposit from. kirishima, Japan. PPL image, 2x (Field of view = 7mm)",priority
raw_strekeisen\pluto\foyaite\foyaite_PPL_15508573.jpg,pluto,foyaite,PPL,10x,"Nepheline (altered at the edges), Aegirine and Sericitized Orthoclase. PPL image, 10x (Field of view = 2mm)",priority
raw_strekeisen\pluto\granite\granite_XPL_2499887.jpg,pluto,granite,XPL,2x,"Plagioclase, biotite and quartz in a granite. XPL image, 2x (Field of view = 7mm)/td>",priority
raw_strekeisen\pluto\granite\granite_PPL_7931542.jpg,pluto,granite,PPL,2x,"Plagioclase, biotite and quartz in a granite. PPL image, 2x (Field of view = 7mm)/td>",priority
raw_strekeisen\pluto\granite\granite_XPL_16831881.jpg,pluto,granite,XPL,2x,"Plagioclase, biotite and quartz in a granite. XPL image, 2x (Field of view = 7mm)/td>",priority
raw_strekeisen\pluto\granite\granite_PPL_79041458.jpg,pluto,granite,PPL,2x,"Plagioclase, biotite and quartz in a granite. PPL image, 2x (Field of view = 7mm)/td>",priority
raw_strekeisen\pluto\granite\granite_XPL_18452340.jpg,pluto,granite,XPL,2x,"Plagioclase, biotite and quartz in a granite. XPL image, 2x (Field of view = 7mm)/td>",priority
raw_strekeisen\pluto\granite\granite_XPL_19573910.jpg,pluto,granite,XPL,2x,"Plagioclase, biotite and quartz in a granite. XPL image, 2x (Field of view = 7mm)/td>",priority
raw_strekeisen\pluto\granite\granite_XPL_38615794.jpg,pluto,granite,XPL,2x,"Plagioclase, biotite and quartz in a granite. XPL image, 2x (Field of view = 7mm)/td>",priority
raw_strekeisen\pluto\granite\granite_PPL_23697326.jpg,pluto,granite,PPL,2x,"Plagioclase, biotite and quartz in a granite. PPL image, 2x (Field of view = 7mm)/td>",priority
raw_strekeisen\pluto\granite\granite_XPL_51335116.jpg,pluto,granite,XPL,2x,"Plagioclase, Biotite, Microcline and Quartz in a Granite. XPL image, 2x (Field of view = 7mm)/td>",priority
raw_strekeisen\pluto\granite\granite_PPL_27970321.jpg,pluto,granite,PPL,2x,"Plagioclase, biotite and quartz in a granite. PPL image, 2x (Field of view = 7mm)/td>",priority
raw_strekeisen\pluto\granite\granite_XPL_77539598.jpg,pluto,granite,XPL,2x,"Plagioclase, Biotite, Microcline and Quartz in a Granite. XPL image, 2x (Field of view = 7mm)/td>",priority
raw_strekeisen\meta\olivine\olivine_PPL_39865159.jpg,meta,olivine,PPL,2x,"Olivine crystals replaced by serpentine + magnetite. PPL image, 2x (Field of view = 7mm)",priority
raw_strekeisen\meta\olivine\olivine_PPL_74740694.jpg,meta,olivine,PPL,2x,"Olivine crystals replaced by serpentine + magnetite. PPL image, 2x (Field of view = 7mm)",priority
raw_strekeisen\meta\olivine\olivine_PPL_58801477.jpg,meta,olivine,PPL,2x,"Olivine crystals replaced by serpentine + magnetite. PPL image, 2x (Field of view = 7mm)",priority
raw_strekeisen\meta\olivine\olivine_PPL_75008501.jpg,meta,olivine,PPL,2x,"Olivine crystals replaced by serpentine + magnetite. PPL image, 2x (Field of view = 7mm)",priority
raw_strekeisen\meta\olivine\olivine_XPL_42753004.jpg,meta,olivine,XPL,2x,"Olivine crystals replaced by serpentine + magnetite. XPL image, 2x (Field of view = 7mm)",priority
raw_strekeisen\meta\sapphirine\sapphirine_PPL_81360705.jpg,meta,sapphirine,PPL,1x,"Orthopyroxene (light brown), sapphirine (gree-blue), biotite (dark brown) and quartz (colorless). Sapphirine granulite from ""Valle Codera"", Gruf massif. PPL image, 1x (Field of view = 9mm)",priority
raw_strekeisen\meta\sapphirine\sapphirine_PPL_88431077.jpg,meta,sapphirine,PPL,1x,"Orthopyroxene (light brown), sapphirine (gree-blue), biotite (dark brown), garnet (with  opxcordierite symplectites)  and quartz (colorless). Sapphirine granulite from ""Valle Codera"", Gruf massif. PPL image, 1x (Field of view = 9mm)",priority
raw_strekeisen\meta\sapphirine\sapphirine_PPL_7883634.jpg,meta,sapphirine,PPL,1x,"Orthopyroxene (light brown), sapphirine (gree-blue), biotite (dark brown), garnet (with opxcordierite symplectites) and quartz (colorless). Sapphirine granulite from ""Valle Codera"", Gruf massif. PPL image, 1x (Field of view = 9mm)",priority
raw_strekeisen\meta\sapphirine\sapphirine_PPL_64016721.jpg,meta,sapphirine,PPL,1x,"Orthopyroxene (light brown), sapphirine (gree-blue), biotite (dark brown) and quartz (colorless). Sapphirine granulite from ""Valle Codera"", Gruf massif. PPL image, 1x (Field of view = 9mm)",priority
raw_strekeisen\meta\sapphirine\sapphirine_XPL_81931095.jpg,meta,sapphirine,XPL,1x,"Orthopyroxene, sapphirine biotite and quartz. Sapphirine granulite from ""Valle Codera"", Gruf massif. XPL image, 1x (Field of view = 9mm)",priority
raw_strekeisen\meta\sapphirine\sapphirine_PPL_75775755.jpg,meta,sapphirine,PPL,1x,"Orthopyroxene (light brown), sapphirine (gree-blue), biotite (dark brown) and quartz (colorless). Sapphirine granulite from ""Valle Codera"", Gruf massif. PPL image, 1x (Field of view = 9mm)",priority
raw_strekeisen\meta\sapphirine\sapphirine_PPL_59085665.jpg,meta,sapphirine,PPL,2x,"Orthopyroxene (light brown), sapphirine (gree-blue), biotite (dark brown) quartz and cordierite (colorless). Sapphirine granulite from ""Valle Codera"", Gruf massif. PPL image, 2x (Field of view = 7mm)",priority
raw_strekeisen\meta\sapphirine\sapphirine_PPL_9980941.jpg,meta,sapphirine,PPL,2x,"Orthopyroxene, sapphirine, biotite quartz and cordierite (both I order gray). Sapphirine granulite from ""Valle Codera"", Gruf massif. PPL image, 2x (Field of view = 7mm)",priority
raw_strekeisen\meta\sapphirine\sapphirine_PPL_51705705.jpg,meta,sapphirine,PPL,2x,"Orthopyroxene (light brown), sapphirine (gree-blue), biotite (dark brown) quartz and cordierite (colorless). Sapphirine granulite from ""Valle Codera"", Gruf massif. PPL image, 2x (Field of view = 7mm)",priority
raw_strekeisen\meta\sapphirine\sapphirine_PPL_2973310.jpg,meta,sapphirine,PPL,2x,"Orthopyroxene (light brown), sapphirine (gree-blue), biotite (dark brown), garnet (with opxcordierite symplectites) and quartz (colorless). Sapphirine granulite from ""Valle Codera"", Gruf massif. PPL image, 2x (Field of view = 7mm)",priority
raw_strekeisen\meta\sapphirine\sapphirine_XPL_21098132.jpg,meta,sapphirine,XPL,2x,"Orthopyroxene, sapphirine biotite garnet (with opxcordierite symplectites) and quartz. Sapphirine granulite from ""Valle Codera"", Gruf massif. XPL image, 2x (Field of view = 7mm)",priority
raw_strekeisen\meta\sapphirine\sapphirine_PPL_7693442.jpg,meta,sapphirine,PPL,2x,"Orthopyroxene (light brown), sapphirine (gree-blue), biotite (dark brown) quartz and cordierite (colorless). Sapphirine granulite from ""Valle Codera"", Gruf massif. PPL image, 2x (Field of view = 7mm)",priority
raw_strekeisen\meta\sapphirine\sapphirine_PPL_6201733.jpg,meta,sapphirine,PPL,2x,"Orthopyroxene (light brown), sapphirine (gree-blue), biotite (dark brown) quartz and cordierite (colorless). Sapphirine granulite from ""Valle Codera"", Gruf massif. PPL image, 2x (Field of view = 7mm)",priority
raw_strekeisen\meta\sapphirine\sapphirine_PPL_26843579.jpg,meta,sapphirine,PPL,2x,"Orthopyroxene (light brown), sapphirine (gree-blue), biotite (dark brown) quartz and cordierite (colorless). Sapphirine granulite from ""Valle Codera"", Gruf massif. PPL image, 2x (Field of view = 7mm)",priority
raw_strekeisen\meta\sapphirine\sapphirine_PPL_37392018.jpg,meta,sapphirine,PPL,2x,"Orthopyroxene, sapphirine, biotite quartz and cordierite (both I order gray). Sapphirine granulite from ""Valle Codera"", Gruf massif. PPL image, 2x (Field of view = 7mm)",priority
raw_strekeisen\meta\sapphirine\sapphirine_PPL_22951689.jpg,meta,sapphirine,PPL,2x,"Orthopyroxene (light brown), sapphirine (gree-blue), biotite (dark brown) quartz and cordierite (colorless). Sapphirine granulite from ""Valle Codera"", Gruf massif. PPL image, 2x (Field of view = 7mm)",priority
raw_strekeisen\meta\sapphirine\sapphirine_PPL_6152123.jpg,meta,sapphirine,PPL,10x,"Sapphirine (gree-blue) crystals, orthopyroxene (light brown), biotite (dark brown) quartz and cordierite (colorless). Sapphirine granulite from ""Valle Codera"", Gruf massif. PPL image, 10x (Field of view = 2mm)",priority
raw_strekeisen\meta\sapphirine\sapphirine_PPL_3234949.jpg,meta,sapphirine,PPL,10x,"Sapphirine (gree-blue) crystal, orthopyroxene (light brown), biotite (dark brown) quartz and cordierite (colorless). Sapphirine granulite from ""Valle Codera"", Gruf massif. PPL image, 10x (Field of view = 2mm)",priority
raw_strekeisen\meta\sapphirine\sapphirine_PPL_88847944.jpg,meta,sapphirine,PPL,10x,"Sapphirine (gree-blue) crystal, orthopyroxene (light brown), biotite (dark brown) quartz and cordierite (colorless). Sapphirine granulite from ""Valle Codera"", Gruf massif. PPL image, 10x (Field of view = 2mm)",priority
raw_strekeisen\meta\serpentine\serpentine_PPL_74731623.jpg,meta,serpentine,PPL,2x,"Mesh structure in olivine. The veins are  filled by serpentine and magnetite. PPL image, 2x (Field of view = 7mm)",priority
raw_strekeisen\meta\serpentine\serpentine_PPL_5266661.jpg,meta,serpentine,PPL,2x,"Mesh structure in olivine. The veins are  filled by serpentine and magnetite. PPL image, 2x (Field of view = 7mm)",priority
raw_strekeisen\meta\serpentine\serpentine_XPL_83187608.jpg,meta,serpentine,XPL,2x,"Mesh structure in olivine. The veins are  filled by serpentine and magnetite. XPL image, 2x (Field of view = 7mm)",priority
raw_strekeisen\meta\staurolite\staurolite_PPL_49031599.jpg,meta,staurolite,PPL,10x,"Staurolite crystal (yellow), ilmenite (balck), tourmaline (green), musvovite and quartz colorless. Posada Asinara shear zone, Sardinia (Italy). PPL image, 10x (Field of view = 2mm)",priority
raw_strekeisen\meta\staurolite\staurolite_PPL_6591591.jpg,meta,staurolite,PPL,10x,"Staurolite crystal (yellow), ilmenite (balck), tourmaline (green), musvovite and quartz colorless. Posada Asinara shear zone, Sardinia (Italy). PPL image, 10x (Field of view = 2mm)",priority
raw_strekeisen\meta\staurolite\staurolite_PPL_22457937.jpg,meta,staurolite,PPL,10x,"Staurolite crystal (yellow), ilmenite (balck), tourmaline (green), musvovite and quartz colorless. Posada Asinara shear zone, Sardinia (Italy). PPL image, 10x (Field of view = 2mm)",priority
raw_strekeisen\meta\staurolite\staurolite_PPL_78071257.jpg,meta,staurolite,PPL,10x,"Staurolite crystal (yellow), ilmenite (balck), tourmaline (green), musvovite and quartz colorless. Posada Asinara shear zone, Sardinia (Italy). PPL image, 10x (Field of view = 2mm)",priority
raw_strekeisen\meta\staurolite\staurolite_PPL_84439594.jpg,meta,staurolite,PPL,10x,"Staurolite crystal (yellow), ilmenite (balck), tourmaline (green), musvovite and quartz colorless. Posada Asinara shear zone, Sardinia (Italy). PPL image, 10x (Field of view = 2mm)",priority
raw_strekeisen\meta\staurolite\staurolite_PPL_63797989.jpg,meta,staurolite,PPL,10x,"Staurolite crystal (yellow), ilmenite (balck), tourmaline (green), musvovite and quartz colorless. Posada Asinara shear zone, Sardinia (Italy). PPL image, 10x (Field of view = 2mm)",priority
raw_strekeisen\meta\staurolite\staurolite_PPL_89140804.jpg,meta,staurolite,PPL,10x,"Staurolite crystal (yellow), ilmenite (balck), tourmaline (green), musvovite and quartz colorless. Posada Asinara shear zone, Sardinia (Italy). PPL image, 10x (Field of view = 2mm)",priority
raw_strekeisen\meta\staurolite\staurolite_PPL_81717497.jpg,meta,staurolite,PPL,10x,"Staurolite crystal (yellow), ilmenite (balck), tourmaline (green), musvovite and quartz colorless. Posada Asinara shear zone, Sardinia (Italy). PPL image, 10x (Field of view = 2mm)",priority
raw_strekeisen\meta\staurolite\staurolite_PPL_44074276.jpg,meta,staurolite,PPL,10x,"Staurolite crystal (yellow), ilmenite (balck), tourmaline (green), musvovite and quartz colorless. Posada Asinara shear zone, Sardinia (Italy). PPL image, 10x (Field of view = 2mm)",priority
raw_strekeisen\meta\kelyphite\kelyphite_PPL_8668540.jpg,meta,kelyphite,PPL,2x,"Garnet crystal surrounded by kelyphite (orthopyroxene + clinopyroxene + spinel), in a matrix of fractured and partially serpentinized olivine. Garnet peridotite from Duria, Italian Alps. PPL image, 2x (Field of view = 7mm)",priority
raw_strekeisen\meta\kelyphite\kelyphite_PPL_93252485.jpg,meta,kelyphite,PPL,2x,"Garnet crystal surrounded by kelyphite (orthopyroxene + clinopyroxene + spinel), in a matrix of fractured and partially serpentinized olivine. Garnet peridotite from Duria, Italian Alps. PPL image, 2x (Field of view = 7mm)",priority
raw_strekeisen\meta\kelyphite\kelyphite_XPL_12414535.jpg,meta,kelyphite,XPL,2x,"Garnet crystal (isotropic) surrounded by kelyphite (orthopyroxene + clinopyroxene + spinel), in a matrix of fractured and partially serpentinized olivine. Garnet peridotite from Duria, Italian Alps. XPL image, 2x (Field of view = 7mm)",priority
raw_strekeisen\meta\kelyphite\kelyphite_PPL_27631465.jpg,meta,kelyphite,PPL,2x,"Garnet crystal surrounded by kelyphite (orthopyroxene + clinopyroxene + spinel), in a matrix of fractured and partially serpentinized olivine. Garnet peridotite from Duria, Italian Alps. PPL image, 2x (Field of view = 7mm)",priority
raw_strekeisen\meta\kelyphite\kelyphite_XPL_5873131.jpg,meta,kelyphite,XPL,2x,"Garnet crystal (isotropic) surrounded by kelyphite (orthopyroxene + clinopyroxene + spinel), in a matrix of fractured and partially serpentinized olivine. Garnet peridotite from Duria, Italian Alps. XPL image, 2x (Field of view = 7mm)",priority
raw_strekeisen\meta\kelyphite\kelyphite_PPL_9041093.jpg,meta,kelyphite,PPL,2x,"Garnet crystal surrounded by kelyphite (orthopyroxene + clinopyroxene + spinel), in a matrix of fractured and partially serpentinized olivine. Garnet peridotite from Duria, Italian Alps. PPL image, 2x (Field of view = 7mm)",priority
raw_strekeisen\meta\kelyphite\kelyphite_XPL_22504583.jpg,meta,kelyphite,XPL,2x,"Garnet crystal (isotropic) surrounded by kelyphite (orthopyroxene + clinopyroxene + spinel), in a matrix of fractured and partially serpentinized olivine. Garnet peridotite from Duria, Italian Alps. XPL image, 2x (Field of view = 7mm)",priority
raw_strekeisen\meta\kelyphite\kelyphite_PPL_23534095.jpg,meta,kelyphite,PPL,2x,"Garnet crystals surrounded by kelyphite (orthopyroxene + clinopyroxene + spinel), in a matrix of fractured and partially serpentinized olivine. Garnet peridotite from Duria, Italian Alps. PPL image, 2x (Field of view = 7mm)",priority
raw_strekeisen\meta\kelyphite\kelyphite_XPL_16332039.jpg,meta,kelyphite,XPL,2x,"Garnet crystals (isotropic) surrounded by kelyphite (orthopyroxene + clinopyroxene + spinel), in a matrix of fractured and partially serpentinized olivine. Garnet peridotite from Duria, Italian Alps. XPL image, 2x (Field of view = 7mm)",priority
raw_strekeisen\meta\kelyphite\kelyphite_PPL_94621906.jpg,meta,kelyphite,PPL,2x,"Garnet crystals surrounded by kelyphite (orthopyroxene + clinopyroxene + spinel), in a matrix of fractured and partially serpentinized olivine. Garnet peridotite from Duria, Italian Alps. PPL image, 2x (Field of view = 7mm)",priority
raw_strekeisen\meta\kelyphite\kelyphite_XPL_9322323.jpg,meta,kelyphite,XPL,2x,"Garnet crystals (isotropic) surrounded by kelyphite (orthopyroxene + clinopyroxene + spinel), in a matrix of fractured and partially serpentinized olivine. Garnet peridotite from Duria, Italian Alps. XPL image, 2x (Field of view = 7mm)",priority
raw_strekeisen\meta\kelyphite\kelyphite_PPL_51050292.jpg,meta,kelyphite,PPL,2x,"Garnet crystals surrounded by kelyphite (orthopyroxene + clinopyroxene + spinel), in a matrix of fractured and partially serpentinized olivine. Garnet peridotite from Duria, Italian Alps. PPL image, 2x (Field of view = 7mm)",priority
raw_strekeisen\meta\kelyphite\kelyphite_PPL_26212577.jpg,meta,kelyphite,PPL,2x,"Garnet crystal surrounded by kelyphite (orthopyroxene + clinopyroxene + spinel), in a matrix of fractured and partially serpentinized olivine. Garnet peridotite from Duria, Italian Alps. PPL image, 2x (Field of view = 7mm)",priority
raw_strekeisen\meta\kelyphite\kelyphite_PPL_94536015.jpg,meta,kelyphite,PPL,2x,"Garnet crystal surrounded by kelyphite (orthopyroxene + clinopyroxene + spinel), in a matrix of fractured and partially serpentinized olivine. Garnet peridotite from Duria, Italian Alps. PPL image, 2x (Field of view = 7mm)",priority
raw_strekeisen\meta\kelyphite\kelyphite_PPL_75472132.jpg,meta,kelyphite,PPL,2x,"Garnet crystal surrounded by kelyphite (orthopyroxene + clinopyroxene + spinel), in a matrix of fractured and partially serpentinized olivine. Garnet peridotite from Duria, Italian Alps. PPL image, 2x (Field of view = 7mm)",priority
raw_strekeisen\meta\kelyphite\kelyphite_PPL_40527192.jpg,meta,kelyphite,PPL,10x,"Garnet crystal surrounded by a double corona: thin orthopyroxene corona developing between olivine and garnet (garnet + olivine → orthopyroxene + spinel + clinopyroxene) and fibrous kelyphite (orthopyroxene + clinopyroxene + spinel). Garnet peridotite from Duria, Italian Alps. PPL image, 10x (Field of view = 2mm)",priority
raw_strekeisen\meta\kelyphite\kelyphite_XPL_97951199.jpg,meta,kelyphite,XPL,10x,"Garnet crystal (isotropic) surrounded by a double corona: thin orthopyroxene corona developing between olivine and garnet (garnet + olivine → orthopyroxene + spinel + clinopyroxene) and fibrous kelyphite (orthopyroxene + clinopyroxene + spinel). Garnet peridotite from Duria, Italian Alps. XPL image, 10x (Field of view = 2mm)",priority
raw_strekeisen\meta\kelyphite\kelyphite_PPL_1989279.jpg,meta,kelyphite,PPL,10x,"Garnet crystal surrounded by a double corona: thin orthopyroxene corona developing between olivine and garnet (garnet + olivine → orthopyroxene + spinel + clinopyroxene) and fibrous kelyphite (orthopyroxene + clinopyroxene + spinel). Garnet peridotite from Duria, Italian Alps. PPL image, 10x (Field of view = 2mm)",priority
raw_strekeisen\meta\kelyphite\kelyphite_XPL_60629375.jpg,meta,kelyphite,XPL,10x,"Garnet crystal (isotropic) surrounded by a double corona: thin orthopyroxene corona developing between olivine and garnet (garnet + olivine → orthopyroxene + spinel + clinopyroxene) and fibrous kelyphite (orthopyroxene + clinopyroxene + spinel). Garnet peridotite from Duria, Italian Alps. XPL image, 10x (Field of view = 2mm)",priority
raw_strekeisen\meta\kelyphite\kelyphite_PPL_46947853.jpg,meta,kelyphite,PPL,10x,"Garnet crystal surrounded by a double corona: thin orthopyroxene corona developing between olivine and garnet (garnet + olivine → orthopyroxene + spinel + clinopyroxene) and fibrous kelyphite (orthopyroxene + clinopyroxene + spinel). Garnet peridotite from Duria, Italian Alps. PPL image, 10x (Field of view = 2mm)",priority
raw_strekeisen\meta\kelyphite\kelyphite_XPL_48562746.jpg,meta,kelyphite,XPL,10x,"Garnet crystal (isotropic) surrounded by a double corona: thin orthopyroxene corona developing between olivine and garnet (garnet + olivine → orthopyroxene + spinel + clinopyroxene) and fibrous kelyphite (orthopyroxene + clinopyroxene + spinel). Garnet peridotite from Duria, Italian Alps. XPL image, 10x (Field of view = 2mm)",priority
raw_strekeisen\meta\meshstructures\meshstructures_PPL_3119149.jpg,meta,meshstructures,PPL,2x,"Mesh texture in olivine. Each olivine grain is surrounded by fibrous serpentine and black magnetite aggregates. PPL image, 2x (Field of view = 7mm)",priority
raw_strekeisen\meta\meshstructures\meshstructures_XPL_94501542.jpg,meta,meshstructures,XPL,2x,"Mesh texture in olivine. Each olivine grain is surrounded by fibrous serpentine and black magnetite aggregates. XPL image, 2x (Field of view = 7mm)",priority
raw_strekeisen\meta\meshstructures\meshstructures_PPL_37457123.jpg,meta,meshstructures,PPL,2x,"Mesh texture in olivine. Each olivine grain is surrounded by fibrous serpentine and black magnetite aggregates. PPL image, 2x (Field of view = 7mm)",priority
raw_strekeisen\meta\meshstructures\meshstructures_XPL_55593731.jpg,meta,meshstructures,XPL,2x,"Mesh texture in olivine. Each olivine grain is surrounded by fibrous serpentine and black magnetite aggregates. XPL image, 2x (Field of view = 7mm)",priority
raw_strekeisen\meta\meshstructures\meshstructures_PPL_98490540.jpg,meta,meshstructures,PPL,10x,"Mesh texture in olivine. Each olivine grain is surrounded by fibrous serpentine and black magnetite aggregates. PPL image, 10x (Field of view = 2mm)",priority
raw_strekeisen\meta\meshstructures\meshstructures_XPL_82924271.jpg,meta,meshstructures,XPL,10x,"Mesh texture in olivine. Each olivine grain is surrounded by fibrous serpentine and black magnetite aggregates. XPL image, 10x (Field of view = 2mm)",priority
raw_strekeisen\meta\meshstructures\meshstructures_PPL_84019122.jpg,meta,meshstructures,PPL,10x,"Mesh texture in olivine. Each olivine grain is surrounded by fibrous serpentine and black magnetite aggregates. PPL image, 10x (Field of view = 2mm)",priority
raw_strekeisen\meta\meshstructures\meshstructures_XPL_76652288.jpg,meta,meshstructures,XPL,10x,"Mesh texture in olivine. Each olivine grain is surrounded by fibrous serpentine and black magnetite aggregates. XPL image, 10x (Field of view = 2mm)",priority
raw_strekeisen\meta\meshstructures\meshstructures_PPL_88787087.jpg,meta,meshstructures,PPL,10x,"Mesh texture in olivine. Each olivine grain is surrounded by fibrous serpentine and black magnetite aggregates. PPL image, 10x (Field of view = 2mm)",priority
raw_strekeisen\meta\meshstructures\meshstructures_XPL_85135141.jpg,meta,meshstructures,XPL,10x,"Mesh texture in olivine. Each olivine grain is surrounded by fibrous serpentine and black magnetite aggregates. XPL image, 10x (Field of view = 2mm)",priority
raw_strekeisen\meta\meshstructures\meshstructures_PPL_3123296.jpg,meta,meshstructures,PPL,10x,"Mesh texture in olivine. Each olivine grain is surrounded by fibrous serpentine and black magnetite aggregates. PPL image, 10x (Field of view = 2mm)",priority
raw_strekeisen\meta\meshstructures\meshstructures_XPL_38910840.jpg,meta,meshstructures,XPL,10x,"Mesh texture in olivine. Each olivine grain is surrounded by fibrous serpentine and black magnetite aggregates. XPL image, 10x (Field of view = 2mm)",priority
raw_strekeisen\meta\meshstructures\meshstructures_PPL_80169572.jpg,meta,meshstructures,PPL,10x,"Mesh texture in olivine. Each olivine grain is surrounded by fibrous serpentine and black magnetite aggregates. PPL image, 10x (Field of view = 2mm)",priority
raw_strekeisen\meta\meshstructures\meshstructures_XPL_16750761.jpg,meta,meshstructures,XPL,10x,"Mesh texture in olivine. Each olivine grain is surrounded by fibrous serpentine and black magnetite aggregates. XPL image, 10x (Field of view = 2mm)",priority
raw_strekeisen\meta\meshstructures\meshstructures_XPL_73881544.jpg,meta,meshstructures,XPL,10x,"Mesh texture in olivine. Each olivine grain is surrounded by fibrous serpentine and black magnetite aggregates. XPL image, 10x (Field of view = 2mm)",priority
raw_strekeisen\meta\meshstructures\meshstructures_PPL_91961517.jpg,meta,meshstructures,PPL,2x,"Mesh texture in olivine. Each olivine grain is surrounded by fibrous serpentine and black magnetite aggregates. PPL image, 2x (Field of view = 7mm)",priority
raw_strekeisen\meta\meshstructures\meshstructures_XPL_60284373.jpg,meta,meshstructures,XPL,2x,"Mesh texture in olivine. Each olivine grain is surrounded by fibrous serpentine and black magnetite aggregates. XPL image, 2x (Field of view = 7mm)",priority
raw_strekeisen\meta\meshstructures\meshstructures_PPL_79279114.jpg,meta,meshstructures,PPL,2x,"Mesh texture in olivine. Each olivine grain is surrounded by fibrous serpentine and black magnetite aggregates. PPL image, 2x (Field of view = 7mm)",priority
raw_strekeisen\meta\meshstructures\meshstructures_XPL_14920536.jpg,meta,meshstructures,XPL,2x,"Mesh texture in olivine. Each olivine grain is surrounded by fibrous serpentine and black magnetite aggregates. XPL image, 2x (Field of view = 7mm)",priority
raw_strekeisen\meta\meshstructures\meshstructures_PPL_25956523.jpg,meta,meshstructures,PPL,2x,"Mesh texture in olivine. Each olivine grain is surrounded by fibrous serpentine and black magnetite aggregates. PPL image, 2x (Field of view = 7mm)",priority
raw_strekeisen\meta\meshstructures\meshstructures_XPL_42373583.jpg,meta,meshstructures,XPL,2x,"Mesh texture in olivine. Each olivine grain is surrounded by fibrous serpentine and black magnetite aggregates. XPL image, 2x (Field of view = 7mm)",priority
raw_strekeisen\meta\buchite\buchite_PPL_56895093.jpg,meta,buchite,PPL,2x,"Acicular pyroxene crystals, rounded quartz and skeletal plagioclase (turbid, dirty appearance) crystals embedded in a glassy groundmass. Ardnamurchan, Scotland. PPL image, 2x (Field of view = 7mm)",priority
raw_strekeisen\meta\buchite\buchite_PPL_16266780.jpg,meta,buchite,PPL,2x,"Acicular pyroxene crystals, rounded quartz and skeletal plagioclase (turbid, dirty appearance) crystals embedded in a glassy groundmass. Ardnamurchan, Scotland. PPL image, 2x (Field of view = 7mm)",priority
raw_strekeisen\meta\felsicgranulite\felsicgranulite_PPL_41304508.jpg,meta,felsicgranulite,PPL,2x,"Biotite, quartz, plagioclase and Sillimanite prisms. PPL image, 2x (Field of view = 7mm)",priority
raw_strekeisen\meta\maficgranulite\maficgranulite_PPL_74426344.jpg,meta,maficgranulite,PPL,2x,"Clinopyroxene (green), orthopyroxene (pink) and plagioclase (colorless). Hartmannsdorf (Germany). PPL image, 2x (Field of view = 7mm)",priority
raw_strekeisen\meta\maficgranulite\maficgranulite_PPL_63478346.jpg,meta,maficgranulite,PPL,2x,"Clinopyroxene (green), orthopyroxene (pink) and plagioclase (colorless). Hartmannsdorf (Germany). PPL image, 2x (Field of view = 7mm)",priority
raw_strekeisen\meta\maficgranulite\maficgranulite_PPL_96482735.jpg,meta,maficgranulite,PPL,2x,"Clinopyroxene (green), orthopyroxene (pink) and plagioclase (colorless). Hartmannsdorf (Germany). PPL image, 2x (Field of view = 7mm)",priority
raw_strekeisen\meta\maficgranulite\maficgranulite_XPL_55815287.jpg,meta,maficgranulite,XPL,2x,"Clinopyroxene, orthopyroxene and plagioclase. Hartmannsdorf (Germany). XPL image, 2x (Field of view = 7mm)",priority
raw_strekeisen\meta\maficgranulite\maficgranulite_PPL_74448874.jpg,meta,maficgranulite,PPL,2x,"Clinopyroxene (green), orthopyroxene (pink) and plagioclase (colorless). Hartmannsdorf (Germany). PPL image, 2x (Field of view = 7mm)",priority
raw_strekeisen\meta\maficgranulite\maficgranulite_PPL_73216869.jpg,meta,maficgranulite,PPL,2x,"Clinopyroxene (green), orthopyroxene (pink) and plagioclase (colorless). Hartmannsdorf (Germany). PPL image, 2x (Field of view = 7mm)",priority
raw_strekeisen\meta\maficgranulite\maficgranulite_XPL_77288349.jpg,meta,maficgranulite,XPL,2x,"Clinopyroxene, orthopyroxene and plagioclase. Hartmannsdorf (Germany). XPL image, 2x (Field of view = 7mm)",priority
raw_strekeisen\meta\maficgranulite\maficgranulite_PPL_37674090.jpg,meta,maficgranulite,PPL,2x,"Clinopyroxene (green), orthopyroxene (pink) and plagioclase (colorless). Hartmannsdorf (Germany). PPL image, 2x (Field of view = 7mm)",priority
raw_strekeisen\meta\maficgranulite\maficgranulite_PPL_70173005.jpg,meta,maficgranulite,PPL,2x,"Clinopyroxene (green), orthopyroxene (pink) and plagioclase (colorless). Hartmannsdorf (Germany). PPL image, 2x (Field of view = 7mm)",priority
raw_strekeisen\meta\maficgranulite\maficgranulite_PPL_42874830.jpg,meta,maficgranulite,PPL,10x,"Clinopyroxene (green), orthopyroxene (pink) and plagioclase (colorless). Hartmannsdorf (Germany). PPL image, 10x (Field of view = 2mm)",priority
raw_strekeisen\meta\maficgranulite\maficgranulite_XPL_26323484.jpg,meta,maficgranulite,XPL,10x,"Clinopyroxene, Orthopyroxene and plagioclase. Hartmannsdorf (Germany). XPL image, 10x (Field of view = 2mm)",priority
raw_strekeisen\meta\maficgranulite\maficgranulite_XPL_67744502.jpg,meta,maficgranulite,XPL,10x,"Clinopyroxene, Orthopyroxene and plagioclase. Hartmannsdorf (Germany). XPL image, 10x (Field of view = 2mm)",priority
raw_strekeisen\meta\maficgranulite\maficgranulite_PPL_52610442.jpg,meta,maficgranulite,PPL,2x,"Clinopyroxene (green), orthopyroxene (pink), Garnet (labeled as Grt) and plagioclase (colorless). Hartmannsdorf (Germany). PPL image, 2x (Field of view = 7mm)",priority
raw_strekeisen\meta\maficgranulite\maficgranulite_XPL_49602563.jpg,meta,maficgranulite,XPL,2x,"Clinopyroxene, orthopyroxene, Garnet (labeled as Grt) and plagioclase. Hartmannsdorf (Germany). XPL image, 2x (Field of view = 7mm)",priority
raw_strekeisen\meta\maficgranulite\maficgranulite_PPL_11762307.jpg,meta,maficgranulite,PPL,2x,"Clinopyroxene (green), orthopyroxene (pink), Garnet (labeled as Grt) and plagioclase (colorless). Hartmannsdorf (Germany). PPL image, 2x (Field of view = 7mm)",priority
raw_strekeisen\meta\maficgranulite\maficgranulite_PPL_65618916.jpg,meta,maficgranulite,PPL,2x,"Clinopyroxene (green), orthopyroxene (pink), Garnet (labeled as Grt) and plagioclase (colorless). Hartmannsdorf (Germany). PPL image, 2x (Field of view = 7mm)",priority
raw_strekeisen\meta\maficgranulite\maficgranulite_XPL_6134886.jpg,meta,maficgranulite,XPL,2x,"Clinopyroxene, orthopyroxene, Garnet (labeled as Grt) and plagioclase. Hartmannsdorf (Germany). XPL image, 2x (Field of view = 7mm)",priority
raw_strekeisen\meta\maficgranulite\maficgranulite_PPL_70729929.jpg,meta,maficgranulite,PPL,2x,"Plagioclase (colorless) pyroxene (high relief) and hornblende (brown) crystals. Ivrea Verbano, Italy. PPL image, 2x (Field of view = 7mm)",priority
raw_strekeisen\meta\maficgranulite\maficgranulite_XPL_86374314.jpg,meta,maficgranulite,XPL,2x,"Plagioclase (I order gray) pyroxene and hornblende crystals. Ivrea Verbano, Italy. XPL image, 2x (Field of view = 7mm)",priority
raw_strekeisen\meta\maficgranulite\maficgranulite_PPL_36389243.jpg,meta,maficgranulite,PPL,2x,"Plagioclase (colorless) pyroxene (high relief) and hornblende (brown) crystals. Ivrea Verbano, Italy. PPL image, 2x (Field of view = 7mm)",priority
raw_strekeisen\meta\maficgranulite\maficgranulite_XPL_60267288.jpg,meta,maficgranulite,XPL,2x,"Plagioclase (I order gray) pyroxene and hornblende crystals. Ivrea Verbano, Italy. XPL image, 2x (Field of view = 7mm)",priority
raw_strekeisen\meta\maficgranulite\maficgranulite_PPL_48453065.jpg,meta,maficgranulite,PPL,2x,"Plagioclase (colorless) pyroxene (high relief) and hornblende (brown) crystals. Ivrea Verbano, Italy. PPL image, 2x (Field of view = 7mm)",priority
raw_strekeisen\meta\maficgranulite\maficgranulite_PPL_68366880.jpg,meta,maficgranulite,PPL,2x,"Plagioclase (colorless) pyroxene (high relief) and hornblende (brown) crystals. Ivrea Verbano, Italy. PPL image, 2x (Field of view = 7mm)",priority
raw_strekeisen\meta\maficgranulite\maficgranulite_PPL_54741636.jpg,meta,maficgranulite,PPL,2x,"Plagioclase (colorless) pyroxene (high relief) and hornblende (brown) crystals. Ivrea Verbano, Italy. PPL image, 2x (Field of view = 7mm)",priority
raw_strekeisen\meta\maficgranulite\maficgranulite_XPL_1621428.jpg,meta,maficgranulite,XPL,2x,"Plagioclase (I order gray) pyroxene and hornblende crystals. Ivrea Verbano, Italy. XPL image, 2x (Field of view = 7mm)",priority
raw_strekeisen\meta\maficgranulite\maficgranulite_PPL_41884504.jpg,meta,maficgranulite,PPL,2x,"Plagioclase (colorless) pyroxene (high relief) and hornblende (brown) crystals. Ivrea Verbano, Italy. PPL image, 2x (Field of view = 7mm)",priority
raw_strekeisen\meta\maficgranulite\maficgranulite_PPL_35679367.jpg,meta,maficgranulite,PPL,2x,"Plagioclase (colorless) pyroxene (high relief) and hornblende (brown) crystals. Ivrea Verbano, Italy. PPL image, 2x (Field of view = 7mm)",priority
raw_strekeisen\meta\maficgranulite\maficgranulite_PPL_6855086.jpg,meta,maficgranulite,PPL,2x,"Plagioclase (colorless) pyroxene (high relief) and hornblende (brown) crystals. Ivrea Verbano, Italy. PPL image, 2x (Field of view = 7mm)",priority
raw_strekeisen\meta\maficgranulite\maficgranulite_XPL_46906559.jpg,meta,maficgranulite,XPL,2x,"Plagioclase (I order gray) pyroxene and hornblende crystals. Ivrea Verbano, Italy. XPL image, 2x (Field of view = 7mm)",priority
raw_strekeisen\meta\maficgranulite\maficgranulite_PPL_59368130.jpg,meta,maficgranulite,PPL,2x,"Plagioclase (colorless) pyroxene (high relief) and hornblende (brown) crystals. Ivrea Verbano, Italy. PPL image, 2x (Field of view = 7mm)",priority
raw_strekeisen\meta\maficgranulite\maficgranulite_XPL_54225012.jpg,meta,maficgranulite,XPL,2x,"Plagioclase (I order gray) pyroxene and hornblende crystals. Ivrea Verbano, Italy. XPL image, 2x (Field of view = 7mm)",priority
raw_strekeisen\meta\maficgranulite\maficgranulite_PPL_38299978.jpg,meta,maficgranulite,PPL,2x,"Plagioclase (colorless) pyroxene (high relief) and hornblende (brown) crystals. Ivrea Verbano, Italy. PPL image, 2x (Field of view = 7mm)",priority
raw_strekeisen\meta\maficgranulite\maficgranulite_PPL_417052.jpg,meta,maficgranulite,PPL,2x,"Plagioclase (colorless) pyroxene (high relief) and hornblende (brown) crystals. Ivrea Verbano, Italy. PPL image, 2x (Field of view = 7mm)",priority
raw_strekeisen\meta\maficgranulite\maficgranulite_PPL_69084696.jpg,meta,maficgranulite,PPL,2x,"Plagioclase (colorless) pyroxene (high relief) and hornblende (brown) crystals. Ivrea Verbano, Italy. PPL image, 2x (Field of view = 7mm)",priority
raw_strekeisen\meta\maficgranulite\maficgranulite_PPL_29268772.jpg,meta,maficgranulite,PPL,2x,"Plagioclase (colorless) pyroxene (high relief) and hornblende (brown) crystals. Ivrea Verbano, Italy. PPL image, 2x (Field of view = 7mm)",priority
raw_strekeisen\meta\sapphirinegranulite\sapphirinegranulite_XPL_79376132.jpg,meta,sapphirinegranulite,XPL,1x,"Orthopyroxene, sapphirine biotite and quartz. Sapphirine granulite from ""Valle Codera"", Gruf massif. XPL image, 1x (Field of view = 9mm)",priority
raw_strekeisen\meta\sapphirinegranulite\sapphirinegranulite_XPL_56389733.jpg,meta,sapphirinegranulite,XPL,1x,"Orthopyroxene, sapphirine biotite garnet (with opxcordierite symplectites) and quartz. Sapphirine granulite from ""Valle Codera"", Gruf massif. XPL image, 1x (Field of view = 9mm)",priority
raw_strekeisen\meta\sapphirinegranulite\sapphirinegranulite_XPL_2405794.jpg,meta,sapphirinegranulite,XPL,1x,"Orthopyroxene, sapphirine biotite garnet (with opxcordierite symplectites) and quartz. Sapphirine granulite from ""Valle Codera"", Gruf massif. XPL image, 1x (Field of view = 9mm)",priority
raw_strekeisen\meta\sapphirinegranulite\sapphirinegranulite_PPL_94623182.jpg,meta,sapphirinegranulite,PPL,1x,"Orthopyroxene (light brown), sapphirine (gree-blue), biotite (dark brown) and quartz (colorless). Sapphirine granulite from ""Valle Codera"", Gruf massif. PPL image, 1x (Field of view = 9mm)",priority
raw_strekeisen\meta\sapphirinegranulite\sapphirinegranulite_PPL_37769516.jpg,meta,sapphirinegranulite,PPL,1x,"Orthopyroxene (light brown), sapphirine (gree-blue), biotite (dark brown) and quartz (colorless). Sapphirine granulite from ""Valle Codera"", Gruf massif. PPL image, 1x (Field of view = 9mm)",priority
raw_strekeisen\meta\sapphirinegranulite\sapphirinegranulite_XPL_17744757.jpg,meta,sapphirinegranulite,XPL,1x,"Orthopyroxene, sapphirine biotite and quartz. Sapphirine granulite from ""Valle Codera"", Gruf massif. XPL image, 1x (Field of view = 9mm)",priority
raw_strekeisen\meta\sapphirinegranulite\sapphirinegranulite_PPL_53173365.jpg,meta,sapphirinegranulite,PPL,2x,"Orthopyroxene (light brown), sapphirine (gree-blue), biotite (dark brown) quartz and cordierite (colorless). Sapphirine granulite from ""Valle Codera"", Gruf massif. PPL image, 2x (Field of view = 7mm)",priority
