file,rock,ppl_xpl,n_raw,motivo,caption
raw_strekeisen\vulc\andesite\andesite_PPL_11188405.jpg,andesite,PPL,0,vacia-ocr,"Clinopyroxene, plagioclase and magnetite crystals. PPL image, 2x (Field of view = 7mm)"
raw_strekeisen\vulc\andesite\andesite_PPL_13652395.jpg,andesite,PPL,0,vacia-ocr,"Hornblende, biotite and plagioclase crystals in a Andesite. PPL image, 2x (Field of view = 7mm)"
raw_strekeisen\vulc\andesite\andesite_PPL_16153603.jpg,andesite,PPL,0,vacia-ocr,"Hornblende, biotite and plagioclase crystals in a Andesite. PPL image, 2x (Field of view = 7mm)"
raw_strekeisen\vulc\andesite\andesite_PPL_29480026.jpg,andesite,PPL,0,vacia-ocr,"Clinopyroxene, plagioclase and magnetite crystals. PPL image, 2x (Field of view = 7mm)"
raw_strekeisen\vulc\andesite\andesite_PPL_87362332.jpg,andesite,PPL,0,vacia-ocr,"Hornblende, biotite and plagioclase crystals in a Andesite. PPL image, 2x (Field of view = 7mm)"
raw_strekeisen\vulc\andesite\andesite_XPL_69471415.jpg,andesite,XPL,0,vacia-ocr,"Hornblende, biotite and plagioclase crystals in a Andesite. XPL image, 2x (Field of view = 7mm)"
raw_strekeisen\vulc\andesite\andesite_XPL_93189510.jpg,andesite,XPL,1,filtro-caption,"Clinopyroxene, plagioclase and magnetite crystals. XPL image, 2x (Field of view = 7mm)"
raw_strekeisen\vulc\ankaramite\ankaramite_PPL_12532094.jpg,ankaramite,PPL,0,vacia-ocr,"Pyroxene, leucite and altered olivine crystals set in a fine-grained groundmass. Ankaramite from Fuerta ventura. PPL image, 10x (Field of view = 2mm)"
raw_strekeisen\vulc\ankaramite\ankaramite_PPL_23856021.jpg,ankaramite,PPL,2,filtro-caption,"Pyroxene and leucite crystals set in a fine-grained groundmass. Ankaramite from Fuerta ventura. PPL image, 10x (Field of view = 2mm)"
raw_strekeisen\vulc\ankaramite\ankaramite_PPL_30904117.jpg,ankaramite,PPL,0,vacia-ocr,"Pyroxene and leucite crystals set in a fine-grained groundmass. Ankaramite from Fuerta ventura. PPL image, 10x (Field of view = 2mm)"
raw_strekeisen\vulc\ankaramite\ankaramite_PPL_73955353.jpg,ankaramite,PPL,0,vacia-ocr,"Pyroxene and leucite crystals set in a fine-grained groundmass. Ankaramite from Fuerta ventura. PPL image, 10x (Field of view = 2mm)"
raw_strekeisen\vulc\ankaramite\ankaramite_PPL_80844163.jpg,ankaramite,PPL,0,vacia-ocr,"Pyroxene, leucite and altered olivine crystals set in a fine-grained groundmass. Ankaramite from Fuerta ventura. PPL image, 10x (Field of view = 2mm)"
raw_strekeisen\vulc\ankaramite\ankaramite_PPL_85343959.jpg,ankaramite,PPL,0,vacia-ocr,"Pyroxene and leucite crystals set in a fine-grained groundmass. Ankaramite from Fuerta ventura. PPL image, 10x (Field of view = 2mm)"
raw_strekeisen\vulc\ankaramite\ankaramite_PPL_87147944.jpg,ankaramite,PPL,0,vacia-ocr,"Pyroxene and leucite crystals set in a fine-grained groundmass. Ankaramite from Fuerta ventura. PPL image, 10x (Field of view = 2mm)"
raw_strekeisen\vulc\ankaramite\ankaramite_PPL_89904735.jpg,ankaramite,PPL,1,filtro-caption,"Pyroxene and leucite crystals set in a fine-grained groundmass. Ankaramite from Fuerta ventura. PPL image, 10x (Field of view = 2mm)"
raw_strekeisen\vulc\ankaramite\ankaramite_PPL_94243309.jpg,ankaramite,PPL,2,filtro-caption,"Pyroxene and leucite crystals set in a fine-grained groundmass. Ankaramite from Fuerta ventura. PPL image, 10x (Field of view = 2mm)"
raw_strekeisen\vulc\ankaramite\ankaramite_XPL_63959070.jpg,ankaramite,XPL,0,vacia-ocr,"Pyroxene and leucite crystals set in a fine-grained groundmass. Ankaramite from Fuerta ventura. XPL image, 10x (Field of view = 2mm)"
raw_strekeisen\vulc\ankaramite\ankaramite_XPL_73659858.jpg,ankaramite,XPL,0,vacia-ocr,"Pyroxene and leucite crystals set in a fine-grained groundmass. Ankaramite from Fuerta ventura. XPL image, 10x (Field of view = 2mm)"
raw_strekeisen\vulc\ankaramite\ankaramite_XPL_79254720.jpg,ankaramite,XPL,0,vacia-ocr,"Pyroxene and leucite crystals set in a fine-grained groundmass. Ankaramite from Fuerta ventura. XPL image, 10x (Field of view = 2mm)"
raw_strekeisen\vulc\ankaramite\ankaramite_XPL_83288165.jpg,ankaramite,XPL,1,filtro-caption,"Pyroxene, leucite and altered olivine crystals set in a fine-grained groundmass. Ankaramite from Fuerta ventura. XPL image, 10x (Field of view = 2mm)"
raw_strekeisen\vulc\ankaramite\ankaramite_XPL_98800901.jpg,ankaramite,XPL,0,vacia-ocr,"Pyroxene and leucite crystals set in a fine-grained groundmass. Ankaramite from Fuerta ventura. XPL image, 10x (Field of view = 2mm)"
raw_strekeisen\pluto\antiperthite\antiperthite_XPL_20264382.jpg,antiperthite,XPL,0,vacia-ocr,"Antiperthite unmixing in plagioclase ( note that the anthiperthite have within them perthite unmixing ) in a charnokite, Rogaland Province, Norway. XPL image. 20x (Field of view = 1mm)"
raw_strekeisen\pluto\antiperthite\antiperthite_XPL_30017090.jpg,antiperthite,XPL,0,vacia-ocr,"Antiperthite unmixing in plagioclase ( note that the anthiperthite have within them perthite unmixing ) in a charnokite, Rogaland Province, Norway. XPL image. 10x (Field of view = 2mm)"
raw_strekeisen\pluto\antiperthite\antiperthite_XPL_31474236.jpg,antiperthite,XPL,0,vacia-ocr,"Antiperthite unmixing in plagioclase ( note that the anthiperthite have within them perthite unmixing ) in a charnokite, Rogaland Province, Norway. XPL image. 20x (Field of view = 1mm)"
raw_strekeisen\pluto\antiperthite\antiperthite_XPL_64996968.jpg,antiperthite,XPL,0,vacia-ocr,"Antiperthite unmixing in plagioclase ( note that the anthiperthite have within them perthite unmixing ) in a charnokite, Rogaland Province, Norway. XPL image. 20x (Field of view = 1mm)"
raw_strekeisen\vulc\basalt\basalt_PPL_15956611.jpg,basalt,PPL,1,filtro-caption,"Olivine, altered by Iddingsite, clinopyroxene and Plagioclase crystals. PPL image, 2x (Field of view = 7mm)"
raw_strekeisen\vulc\basalt\basalt_PPL_21164680.jpg,basalt,PPL,0,vacia-ocr,"Olivine and Plagioclase crystals. PPL image, 2x (Field of view = 7mm)"
raw_strekeisen\vulc\basalt\basalt_PPL_25004309.jpg,basalt,PPL,4,filtro-caption,"Vesiculated basalt, Antarctica. PPL image, 2x (Field of view = 7mm)"
raw_strekeisen\vulc\basalt\basalt_PPL_33094013.jpg,basalt,PPL,0,vacia-ocr,"Plagioclase (colorless) and olivine (high relief) crystals within a fine-grained groundmass. PPL image, 10x (Field of view = 2mm)"
raw_strekeisen\vulc\basalt\basalt_PPL_50158827.jpg,basalt,PPL,0,vacia-ocr,"Plagioclase (colorless) and olivine (high relief) crystals within a fine-grained groundmass. PPL image, 2x (Field of view = 7mm)"
raw_strekeisen\vulc\basalt\basalt_PPL_50537689.jpg,basalt,PPL,1,filtro-caption,"Vesiculated basalt, Antarctica. PPL image, 2x (Field of view = 7mm)"
raw_strekeisen\vulc\basalt\basalt_PPL_60522352.jpg,basalt,PPL,3,filtro-caption,"Vesiculated basalt, Antarctica. PPL image, 2x (Field of view = 7mm)"
raw_strekeisen\vulc\basalt\basalt_PPL_70325839.jpg,basalt,PPL,1,filtro-caption,"Plagioclase (colorless) crystals within a fine-grained groundmass. PPL image, 2x (Field of view = 7mm)"
raw_strekeisen\vulc\basalt\basalt_PPL_70445619.jpg,basalt,PPL,1,filtro-caption,"Olivine, altered by Iddingsite, clinopyroxene and Plagioclase crystals. PPL image, 2x (Field of view = 7mm)"
raw_strekeisen\vulc\basalt\basalt_PPL_70875034.jpg,basalt,PPL,0,vacia-ocr,"Olivine, altered by Iddingsite, clinopyroxene and Plagioclase crystals. PPL image, 2x (Field of view = 7mm)"
raw_strekeisen\vulc\basalt\basalt_PPL_71849964.jpg,basalt,PPL,0,vacia-ocr,"Olivine, altered by Iddingsite, clinopyroxene and Plagioclase crystals. PPL image, 2x (Field of view = 7mm)"
raw_strekeisen\vulc\basalt\basalt_PPL_7598153.jpg,basalt,PPL,0,vacia-ocr,"Vesiculated basalt, Antarctica. PPL image, 2x (Field of view = 7mm)"
raw_strekeisen\vulc\basalt\basalt_PPL_83588307.jpg,basalt,PPL,0,vacia-ocr,"Plagioclase (colorless) and olivine (high relief) crystals within a fine-grained groundmass. PPL image, 10x (Field of view = 2mm)"
raw_strekeisen\vulc\basalt\basalt_PPL_8541326.jpg,basalt,PPL,0,vacia-ocr,"Olivine and Plagioclase crystals. PPL image, 2x (Field of view = 7mm)"
raw_strekeisen\vulc\basalt\basalt_PPL_8637666.jpg,basalt,PPL,0,vacia-ocr,"Olivine, altered by Iddingsite, clinopyroxene and Plagioclase crystals. PPL image, 2x (Field of view = 7mm)"
raw_strekeisen\vulc\basalt\basalt_PPL_87360670.jpg,basalt,PPL,1,filtro-caption,"Plagioclase (colorless) crystals within a fine-grained groundmass. PPL image, 2x (Field of view = 7mm)"
raw_strekeisen\vulc\basalt\basalt_XPL_29026118.jpg,basalt,XPL,1,filtro-caption,"Twinned clinopyroxene. XPL image, 2x (Field of view = 7mm)"
raw_strekeisen\vulc\basalt\basalt_XPL_38786866.jpg,basalt,XPL,0,vacia-ocr,"Plagioclase (I order gray) crystals within a fine-grained groundmass. XPL image, 2x (Field of view = 7mm)"
raw_strekeisen\vulc\basalt\basalt_XPL_42673961.jpg,basalt,XPL,0,vacia-ocr,"Plagioclase (I order gray) and olivine (high interference colors) crystals within a fine-grained groundmass. XPL image, 2x (Field of view = 7mm)"
raw_strekeisen\vulc\basalt\basalt_XPL_6092318.jpg,basalt,XPL,0,vacia-ocr,"Olivine, clinopyroxene and Plagioclase crystals. XPL image, 2x (Field of view = 7mm)"
raw_strekeisen\vulc\basalt\basalt_XPL_61877381.jpg,basalt,XPL,0,vacia-ocr,"Plagioclase (I order gray) crystals within a fine-grained groundmass. XPL image, 2x (Field of view = 7mm)"
raw_strekeisen\vulc\basalt\basalt_XPL_85420019.jpg,basalt,XPL,0,vacia-ocr,"Olivine, clinopyroxene and Plagioclase crystals. XPL image, 2x (Field of view = 7mm)"
raw_strekeisen\vulc\basalt\basalt_XPL_99992535.jpg,basalt,XPL,0,vacia-ocr,"Plagioclase (I order gray) and olivine (high interference colors) crystals within a fine-grained groundmass. XPL image, 10x (Field of view = 2mm)"
raw_strekeisen\vulc\breccia\breccia_PPL_94592077.jpg,breccia,PPL,0,vacia-ocr,"Fragments of mafic minerals (pyroxene and magnetite), big calcite fragment and altered xenoliths in a diatreme breccia from Vogtsburg. PPL image, 10x (Field of view = 2mm)"
raw_strekeisen\vulc\breccia\breccia_XPL_38632723.jpg,breccia,XPL,0,vacia-ocr,"Fragments of mafic minerals (pyroxene and magnetite), big calcite fragment and altered xenoliths in a diatreme breccia from Vogtsburg. XPL image, 10x (Field of view = 2mm)"
raw_strekeisen\meta\buchite\buchite_PPL_16266780.jpg,buchite,PPL,1,filtro-caption,"Acicular pyroxene crystals, rounded quartz and skeletal plagioclase (turbid, dirty appearance) crystals embedded in a glassy groundmass. Ardnamurchan, Scotland. PPL image, 2x (Field of view = 7mm)"
raw_strekeisen\meta\buchite\buchite_PPL_56895093.jpg,buchite,PPL,1,filtro-caption,"Acicular pyroxene crystals, rounded quartz and skeletal plagioclase (turbid, dirty appearance) crystals embedded in a glassy groundmass. Ardnamurchan, Scotland. PPL image, 2x (Field of view = 7mm)"
raw_strekeisen\pluto\cancrinitepegmatite\cancrinitepegmatite_XPL_84946402.jpg,cancrinitepegmatite,XPL,1,filtro-caption,"Aegirine, cancrinite (high interference colors), nepheline and plagioclase crystal (I order gray) in a cancrinite-pegmatite from Punkaruaiv, Lovozero, Kola, Russia. XPL image, 1x (Field of view = 9mm)"
raw_strekeisen\vulc\clinopyroxene\clinopyroxene_PPL_11012279.jpg,clinopyroxene,PPL,0,vacia-ocr,"Diopside crystals in a volcanic rock from Amiata volcano (Italy). PPL image , 2x (Field of view = 7mm)"
raw_strekeisen\pluto\clinopyroxene\clinopyroxene_PPL_16235353.jpg,clinopyroxene,PPL,0,vacia-ocr,"Pyroxene in basal section (with colorless apatite inclusions) in a xenolith from Vulsini volcano, Italy. PPL image, 2x (Field of view = 7mm)"
raw_strekeisen\pluto\clinopyroxene\clinopyroxene_PPL_23368800.jpg,clinopyroxene,PPL,0,vacia-ocr,"Pyroxene in basal section (with colorless apatite inclusions) in a xenolith from Vulsini volcano, Italy. PPL image, 10x (Field of view = 2mm)"
raw_strekeisen\vulc\clinopyroxene\clinopyroxene_PPL_23991881.jpg,clinopyroxene,PPL,0,vacia-ocr,"Diopside crystals in a volcanic rock from Amiata volcano (Italy). PPL image , 2x (Field of view = 7mm)"
raw_strekeisen\vulc\clinopyroxene\clinopyroxene_PPL_29874640.jpg,clinopyroxene,PPL,2,filtro-caption,"Twinnedd augite crystal in a foidite, Cape Verde island. PPL image, 2x (Field of view = 7mm)"
raw_strekeisen\vulc\clinopyroxene\clinopyroxene_PPL_57913341.jpg,clinopyroxene,PPL,1,filtro-caption,"Augite crystal in a foidite, Cape Verde island. PPL image, 2x (Field of view = 7mm)"
raw_strekeisen\vulc\clinopyroxene\clinopyroxene_PPL_63881689.jpg,clinopyroxene,PPL,0,vacia-ocr,"Aegirine crystal in a pantelleritic ignimbrite. Pantelleria island, Italy. PPL image , 2x (Field of view = 7mm)"
raw_strekeisen\vulc\clinopyroxene\clinopyroxene_PPL_69032810.jpg,clinopyroxene,PPL,0,vacia-ocr,"Diopside crystals in a volcanic rock from Amiata volcano (Italy). PPL image , 2x (Field of view = 7mm)"
raw_strekeisen\vulc\clinopyroxene\clinopyroxene_PPL_71703699.jpg,clinopyroxene,PPL,1,filtro-caption,"Pyroxene in basal section, and colorless laucite crystals in a basanite. Latium, Italy. PPL image, 10x (Field of view = 2mm)"
raw_strekeisen\pluto\clinopyroxene\clinopyroxene_PPL_73962836.jpg,clinopyroxene,PPL,0,vacia-ocr,"Coarse-grained augite crystals and sericitized plagioclase in a augite-bearing gabbro. PPL image, 2x (Field of view = 7mm)/td>"
raw_strekeisen\vulc\clinopyroxene\clinopyroxene_PPL_79973288.jpg,clinopyroxene,PPL,0,vacia-ocr,"Augite in a tephrite, Rhine graben, Germany. PPL image, 10x (Field of view = 2mm)"
raw_strekeisen\pluto\clinopyroxene\clinopyroxene_PPL_81203070.jpg,clinopyroxene,PPL,0,vacia-ocr,"Aegirine (grass-green) crystals. Brandberg Complex (Namibia). PPL image, 2x (Field of view = 7mm)"
raw_strekeisen\vulc\clinopyroxene\clinopyroxene_PPL_82733010.jpg,clinopyroxene,PPL,0,vacia-ocr,"Aegirine crystal in a pantelleritic ignimbrite. Pantelleria island, Italy. PPL image , 2x (Field of view = 7mm)"
raw_strekeisen\vulc\clinopyroxene\clinopyroxene_PPL_83362637.jpg,clinopyroxene,PPL,0,vacia-ocr,"Diopside crystals in a volcanic rock from Amiata volcano (Italy). PPL image , 2x (Field of view = 7mm)"
raw_strekeisen\pluto\clinopyroxene\clinopyroxene_PPL_87122188.jpg,clinopyroxene,PPL,0,vacia-ocr,"Aegirine (grass-green) crystals.  Brandberg Complex (Namibia). PPL image, 2x (Field of view = 7mm)"
raw_strekeisen\pluto\clinopyroxene\clinopyroxene_PPL_90782838.jpg,clinopyroxene,PPL,1,filtro-caption,"Pyroxene in basal section (with colorless apatite inclusions) in a xenolith from Vulsini volcano, Italy. PPL image, 10x (Field of view = 2mm)"
raw_strekeisen\vulc\clinopyroxene\clinopyroxene_XPL_21468650.jpg,clinopyroxene,XPL,0,vacia-ocr,"Pyroxene in basal section, and isotropic laucite crystals in a basanite. Latium, Italy. XPL image, 10x (Field of view = 2mm)"
raw_strekeisen\pluto\clinopyroxene\clinopyroxene_XPL_30370927.jpg,clinopyroxene,XPL,0,vacia-ocr,"Aegirine (high interference colors) crystals in a fine-grained matrix made of quartz and feldspar (I order gray). Brandberg Complex (Namibia). XPL image, 2x (Field of view = 7mm)"
raw_strekeisen\pluto\clinopyroxene\clinopyroxene_XPL_42706334.jpg,clinopyroxene,XPL,1,filtro-caption,"Augite and nepheline (grey). Cape Verde. XPL image, 2x (Field of view = 7mm)"
raw_strekeisen\vulc\clinopyroxene\clinopyroxene_XPL_50635022.jpg,clinopyroxene,XPL,0,vacia-ocr,"Twinned augite and leucite (isotropic) crystals in a tephrite, Rhine graben, Germany. XPL image, 10x (Field of view = 2mm)"
raw_strekeisen\pluto\clinopyroxene\clinopyroxene_XPL_56355253.jpg,clinopyroxene,XPL,0,vacia-ocr,"Aegirine (high interference colors) crystals in a fine-grained matrix made of quartz and feldspar (I order gray). Brandberg Complex (Namibia). XPL image, 2x (Field of view = 7mm)"
raw_strekeisen\vulc\clinopyroxene\clinopyroxene_XPL_58011873.jpg,clinopyroxene,XPL,1,filtro-caption,"Augite and nepheline (grey) crystals  in a foidite, Cape Verde island. XPL image, 2x (Field of view = 7mm)"
raw_strekeisen\vulc\clinopyroxene\clinopyroxene_XPL_74099922.jpg,clinopyroxene,XPL,0,vacia-ocr,"Pyroxene in basal section, Vulcano island, Italy. XPL image, 10x (Field of view = 2mm)"
raw_strekeisen\vulc\clinopyroxene\clinopyroxene_XPL_76940782.jpg,clinopyroxene,XPL,0,vacia-ocr,"Hourglass zoning in a pyroxene. Tephrite from Latium, Italy. XPL image, 10x (Field of view = 2mm)"
raw_strekeisen\vulc\clinopyroxene\clinopyroxene_XPL_76972832.jpg,clinopyroxene,XPL,0,vacia-ocr,"Pyroxene in basal section, Vulcano island, Italy. XPL image, 2x (Field of view = 7mm)"
raw_strekeisen\vulc\clinopyroxene\clinopyroxene_XPL_78150333.jpg,clinopyroxene,XPL,0,vacia-ocr,"Diopside crystals in a volcanic rock from Amiata volcano (Italy). XPL image , 2x (Field of view = 7mm)"
raw_strekeisen\pluto\clinopyroxene\clinopyroxene_XPL_78482976.jpg,clinopyroxene,XPL,0,vacia-ocr,"Resorbed olivine crystal in a gabbro, Antarctica. XPL image, 2x (Field of view = 7mm)"
raw_strekeisen\vulc\clinopyroxene\clinopyroxene_XPL_79946829.jpg,clinopyroxene,XPL,0,vacia-ocr,"Twinned pyroxene crystal in a tephrite from Latium, Italy. XPL image, 10x (Field of view = 2mm)"
raw_strekeisen\vulc\clinopyroxene\clinopyroxene_XPL_90497743.jpg,clinopyroxene,XPL,2,filtro-caption,"Twinned ugite in a tephrite, Rhine graben, Germany. XPL image, 10x (Field of view = 2mm)"
raw_strekeisen\vulc\clinopyroxene\clinopyroxene_XPL_9348356.jpg,clinopyroxene,XPL,2,filtro-caption,"Pyroxene in basal section, Stromboli island, Italy. XPL image, 10x (Field of view = 2mm)"
raw_strekeisen\vulc\cordierite\cordierite_PPL_10762294.jpg,cordierite,PPL,1,filtro-caption,"Plagioclase and quartz (colorless), biotite (brown) and small cordierite (with dusty-turbid appearance) crystals immersed in a vitreous ground mass. PPL image, 10x (Field of view = 2mm)"
raw_strekeisen\vulc\cordierite\cordierite_PPL_25424623.jpg,cordierite,PPL,2,filtro-caption,"Plagioclase and quartz (colorless), biotite (brown) and small cordierite (with dusty-turbid appearance) crystals immersed in a vitreous ground mass. PPL image, 10x (Field of view = 2mm)"
raw_strekeisen\vulc\cordierite\cordierite_PPL_52222374.jpg,cordierite,PPL,0,vacia-ocr,"Plagioclase and quartz (colorless), biotite (brown) and small cordierite (with dusty-turbid appearance) crystals immersed in a vitreous ground mass. PPL image, 10x (Field of view = 2mm)"
raw_strekeisen\vulc\cordierite\cordierite_PPL_67146330.jpg,cordierite,PPL,0,vacia-ocr,"Plagioclase and quartz (colorless), biotite (brown) and small cordierite (with dusty-turbid appearance) crystals immersed in a vitreous ground mass. PPL image, 10x (Field of view = 2mm)"
raw_strekeisen\vulc\cordierite\cordierite_PPL_68828294.jpg,cordierite,PPL,0,vacia-ocr,"Plagioclase and quartz (colorless), biotite (brown) and small cordierite (with dusty-turbid appearance) crystals immersed in a vitreous ground mass. PPL image, 10x (Field of view = 2mm)"
raw_strekeisen\pluto\cumberlandite\cumberlandite_XPL_24169025.jpg,cumberlandite,XPL,0,vacia-ocr,"br />Olivine, magnetite-ilmenite crystals and altered plagioclase. Cumberland, Rhode Island, USA. XPL image, 1x (Field of view = 9mm)"
raw_strekeisen\pluto\cumberlandite\cumberlandite_XPL_24189105.jpg,cumberlandite,XPL,0,vacia-ocr,"Olivine, magnetite-ilmenite crystals and altered plagioclase. Cumberland, Rhode Island, USA. XPL image, 1x (Field of view = 9mm)"
raw_strekeisen\pluto\diorite\diorite_PPL_52710990.jpg,diorite,PPL,0,vacia-ocr,"Green hornblende and plagioclase altered by sericite in a diorite from Ilmenau, Thuringen (Germany). PPL image, 2x (Field of view = 7mm)"
raw_strekeisen\pluto\diorite\diorite_XPL_33586005.jpg,diorite,XPL,1,filtro-caption,"Green hornblende and plagioclase altered by sericite in a diorite from Ilmenau, Thuringen (Germany). XPL image, 2x (Field of view = 7mm)"
raw_strekeisen\pluto\dun\dun_PPL_16955299.jpg,dun,PPL,0,vacia-ocr,"Olivine crystals and brown spinel in a tectonised dunite from Dun Mountain Ophiolite Belt, New Zealand. PPL image , 2x (Field of view = 7mm)"
raw_strekeisen\pluto\dun\dun_PPL_17504274.jpg,dun,PPL,0,vacia-ocr,"Olivine crystals and brown spinel in a tectonised dunite from Dun Mountain Ophiolite Belt, New Zealand. PPL image , 1x (Field of view = 9mm)"
raw_strekeisen\pluto\dun\dun_PPL_18002609.jpg,dun,PPL,0,vacia-ocr,"Olivine crystals in a tectonised dunite from Dun Mountain Ophiolite Belt, New Zealand. PPL image , 2x (Field of view = 7mm)"
raw_strekeisen\pluto\dun\dun_PPL_38413110.jpg,dun,PPL,0,vacia-ocr,"Olivine crystals in a tectonised dunite from Dun Mountain Ophiolite Belt, New Zealand. PPL image , 2x (Field of view = 7mm)"
raw_strekeisen\pluto\dun\dun_PPL_5108553.jpg,dun,PPL,1,filtro-caption,"Olivine crystals and brown spinel in a tectonised dunite from Dun Mountain Ophiolite Belt, New Zealand. PPL image , 1x (Field of view = 9mm)"
raw_strekeisen\pluto\dun\dun_PPL_5205950.jpg,dun,PPL,0,vacia-ocr,"Olivine crystals and brown spinel in a tectonised dunite from Dun Mountain Ophiolite Belt, New Zealand. PPL image , 2x (Field of view = 7mm)"
raw_strekeisen\pluto\dun\dun_PPL_53496973.jpg,dun,PPL,0,vacia-ocr,"Olivine crystals and brown spinel in a tectonised dunite from Dun Mountain Ophiolite Belt, New Zealand. PPL image , 2x (Field of view = 7mm)"
raw_strekeisen\pluto\dun\dun_PPL_61265186.jpg,dun,PPL,0,vacia-ocr,"Olivine crystals in a tectonised dunite from Dun Mountain Ophiolite Belt, New Zealand. PPL image , 2x (Field of view = 7mm)"
raw_strekeisen\pluto\dun\dun_PPL_61567649.jpg,dun,PPL,0,vacia-ocr,"Olivine crystals and brown spinel in a tectonised dunite from Dun Mountain Ophiolite Belt, New Zealand. PPL image , 2x (Field of view = 7mm)"
raw_strekeisen\pluto\dun\dun_PPL_65898650.jpg,dun,PPL,1,filtro-caption,"Olivine crystals and brown spinel in a tectonised dunite from Dun Mountain Ophiolite Belt, New Zealand. PPL image , 1x (Field of view = 9mm)"
raw_strekeisen\pluto\dun\dun_PPL_751494.jpg,dun,PPL,0,vacia-ocr,"Olivine crystals in a tectonised dunite from Dun Mountain Ophiolite Belt, New Zealand. PPL image , 2x (Field of view = 7mm)"
raw_strekeisen\pluto\dun\dun_PPL_91052896.jpg,dun,PPL,0,vacia-ocr,"Olivine crystals and brown spinel in a tectonised dunite from Dun Mountain Ophiolite Belt, New Zealand. PPL image , 2x (Field of view = 7mm)"
raw_strekeisen\pluto\dun\dun_XPL_20289410.jpg,dun,XPL,0,vacia-ocr,"Olivine crystals in a tectonised dunite from Dun Mountain Ophiolite Belt, New Zealand. XPL image , 2x (Field of view = 7mm)"
raw_strekeisen\pluto\dun\dun_XPL_37500996.jpg,dun,XPL,1,filtro-caption,"Olivine crystals in a tectonised dunite from Dun Mountain Ophiolite Belt, New Zealand. XPL image , 2x (Field of view = 7mm)"
raw_strekeisen\pluto\dun\dun_XPL_51126295.jpg,dun,XPL,3,filtro-caption,"Olivine crystals in a tectonised dunite from Dun Mountain Ophiolite Belt, New Zealand. XPL image , 1x (Field of view = 9mm)"
raw_strekeisen\pluto\dun\dun_XPL_55250851.jpg,dun,XPL,1,filtro-caption,"Olivine crystals and spinel (isotropic) in a tectonised dunite from Dun Mountain Ophiolite Belt, New Zealand. XPL image , 1x (Field of view = 9mm)"
raw_strekeisen\pluto\dun\dun_XPL_58588796.jpg,dun,XPL,0,vacia-ocr,"Olivine crystals and spinel (isotropic) in a tectonised dunite from Dun Mountain Ophiolite Belt, New Zealand. XPL image , 2x (Field of view = 7mm)"
raw_strekeisen\pluto\dun\dun_XPL_61033133.jpg,dun,XPL,1,filtro-caption,"Olivine crystals in a tectonised dunite from Dun Mountain Ophiolite Belt, New Zealand. XPL image , 2x (Field of view = 7mm)"
raw_strekeisen\pluto\dun\dun_XPL_87174479.jpg,dun,XPL,0,vacia-ocr,"Olivine crystals in a tectonised dunite from Dun Mountain Ophiolite Belt, New Zealand. XPL image , 2x (Field of view = 7mm)"
raw_strekeisen\pluto\dun\dun_XPL_93957242.jpg,dun,XPL,0,vacia-ocr,"Olivine crystals in a tectonised dunite from Dun Mountain Ophiolite Belt, New Zealand. XPL image , 2x (Field of view = 7mm)"
raw_strekeisen\pluto\dun\dun_XPL_96455767.jpg,dun,XPL,0,vacia-ocr,"Olivine crystals and spinel (isotropic) in a tectonised dunite from Dun Mountain Ophiolite Belt, New Zealand. XPL image , 2x (Field of view = 7mm)"
raw_strekeisen\pluto\dunite\dunite_PPL_9499721.jpg,dunite,PPL,1,filtro-caption,"Olivine crystals in a dunite. PPL image , 2x (Field of view = 7mm)"
raw_strekeisen\pluto\dunite\dunite_PPL_98213025.jpg,dunite,PPL,1,filtro-caption,"Olivine crystals in a dunite. PPL image , 2x (Field of view = 7mm)"
raw_strekeisen\pluto\dunite\dunite_XPL_16815880.jpg,dunite,XPL,1,filtro-caption,"Olivine crystals (with kinkbands) in a dunite. XPL image, 10x (Field of view = 2mm)"
raw_strekeisen\pluto\dunite\dunite_XPL_17872190.jpg,dunite,XPL,0,vacia-ocr,"Olivine crystals in a dunite. XPL image, 10x (Field of view = 2mm)"
raw_strekeisen\pluto\dunite\dunite_XPL_25996138.jpg,dunite,XPL,2,filtro-caption,"Olivine crystals in a dunite. XPL image , 2x (Field of view = 7mm)"
raw_strekeisen\pluto\dunite\dunite_XPL_27299672.jpg,dunite,XPL,1,filtro-caption,"Olivine crystals in a dunite. XPL image, 2x (Field of view = 7mm)"
raw_strekeisen\pluto\dunite\dunite_XPL_31102267.jpg,dunite,XPL,0,vacia-ocr,"Olivine crystals in a dunite. XPL image , 2x (Field of view = 7mm)"
raw_strekeisen\pluto\dunite\dunite_XPL_38356912.jpg,dunite,XPL,0,vacia-ocr,"Olivine crystals in a dunite. XPL image , 2x (Field of view = 7mm)"
raw_strekeisen\pluto\dunite\dunite_XPL_55843929.jpg,dunite,XPL,1,filtro-caption,"Olivine crystals in a dunite. XPL image, 2x (Field of view = 7mm)"
raw_strekeisen\pluto\dunite\dunite_XPL_76777620.jpg,dunite,XPL,0,vacia-ocr,"Olivine crystals in a dunite. XPL image , 10x (Field of view = 2mm)"
raw_strekeisen\pluto\dunite\dunite_XPL_81487039.jpg,dunite,XPL,1,filtro-caption,"Olivine crystals in a dunite. XPL image , 2x (Field of view = 7mm)"
raw_strekeisen\pluto\dunite\dunite_XPL_87541786.jpg,dunite,XPL,2,filtro-caption,"Olivine crystals in a dunite. XPL image, 2x (Field of view = 7mm)"
raw_strekeisen\pluto\eufodite\eufodite_PPL_48272765.jpg,eufodite,PPL,1,filtro-caption,"Pyroxene crystals and altered plagioclase. Eufodite Gabbro  from Passo del Bracco, Liguria, Italy. PPL image, 2x (Field of view = 7mm)"
raw_strekeisen\pluto\eufodite\eufodite_PPL_55132939.jpg,eufodite,PPL,1,filtro-caption,"Plagioclase alterd by sericite and clinopyroxene crystals in a Eufodite Gabbro. PPL image, 2x (Field of view = 7mm)"
raw_strekeisen\pluto\eufodite\eufodite_PPL_69955477.jpg,eufodite,PPL,0,vacia-ocr,"Pyroxene crystals and altered plagioclase. Eufodite Gabbro  from Passo del Bracco, Liguria, Italy. PPL image, 2x (Field of view = 7mm)"
raw_strekeisen\pluto\eufodite\eufodite_PPL_72484209.jpg,eufodite,PPL,0,vacia-ocr,"Plagioclase alterd by sericite and clinopyroxene crystals in a Eufodite Gabbro. PPL image, 2x (Field of view = 7mm)"
raw_strekeisen\pluto\eufodite\eufodite_PPL_99509303.jpg,eufodite,PPL,0,vacia-ocr,"Deformed Pyroxene crystal. Eufodite Gabbro  from Passo del Bracco, Liguria, Italy. PPL image, 2x (Field of view = 7mm)"
raw_strekeisen\pluto\eufodite\eufodite_XPL_40533899.jpg,eufodite,XPL,0,vacia-ocr,"Pyroxene crystals and altered plagioclase. Eufodite Gabbro  from Passo del Bracco, Liguria, Italy. XPL image, 2x (Field of view = 7mm)"
raw_strekeisen\meta\felsicgranulite\felsicgranulite_PPL_41304508.jpg,felsicgranulite,PPL,1,filtro-caption,"Biotite, quartz, plagioclase and Sillimanite prisms. PPL image, 2x (Field of view = 7mm)"
raw_strekeisen\pluto\finero\finero_PPL_13691149.jpg,finero,PPL,0,vacia-ocr,"Olivine (colorles) and phlogopite (brown) crystals. Finero Harzburgite, Ivrea Verbano, Italy. PPL image, 10x (Field of view = 2mm)"
raw_strekeisen\pluto\finero\finero_PPL_17842265.jpg,finero,PPL,0,vacia-ocr,"Olivine (colorles) and phlogopite (brown) crystals. Finero Harzburgite, Ivrea Verbano, Italy. PPL image, 2x (Field of view = 7mm)"
raw_strekeisen\pluto\finero\finero_PPL_17866982.jpg,finero,PPL,2,filtro-caption,"Olivine (colorles) and phlogopite (brown) crystals. Finero Harzburgite, Ivrea Verbano, Italy. PPL image, 2x (Field of view = 7mm)"
raw_strekeisen\pluto\finero\finero_PPL_18722417.jpg,finero,PPL,0,vacia-ocr,"Olivine (colorles) and phlogopite (brown) crystals. Finero Harzburgite, Ivrea Verbano, Italy. PPL image, 1x (Field of view = 9mm)"
raw_strekeisen\pluto\finero\finero_PPL_19160883.jpg,finero,PPL,0,vacia-ocr,"Olivine (colorles) and phlogopite (brown) crystals. Finero Harzburgite, Ivrea Verbano, Italy. PPL image, 1x (Field of view = 9mm)"
raw_strekeisen\pluto\finero\finero_PPL_22439300.jpg,finero,PPL,0,vacia-ocr,"Olivine (colorles), pyroxene (with cleavage) and phlogopite (brown) crystals. Finero Harzburgite, Ivrea Verbano, Italy. PPL image, 10x (Field of view = 2mm)"
raw_strekeisen\pluto\finero\finero_PPL_24803937.jpg,finero,PPL,0,vacia-ocr,"Olivine (colorles) and phlogopite (brown) crystals. Finero Harzburgite, Ivrea Verbano, Italy. PPL image, 2x (Field of view = 7mm)"
raw_strekeisen\pluto\finero\finero_PPL_29718793.jpg,finero,PPL,0,vacia-ocr,"Olivine (colorles) and phlogopite (brown) crystals. Finero Harzburgite, Ivrea Verbano, Italy. PPL image, 10x (Field of view = 2mm)"
raw_strekeisen\pluto\finero\finero_PPL_32889201.jpg,finero,PPL,0,vacia-ocr,"Olivine (colorles) and phlogopite (brown) crystals. Finero Harzburgite, Ivrea Verbano, Italy. PPL image, 1x (Field of view = 9mm)"
raw_strekeisen\pluto\finero\finero_PPL_38270371.jpg,finero,PPL,0,vacia-ocr,"Pyroxene (with cleavage) and phlogopite (brown) crystals. Finero Harzburgite, Ivrea Verbano, Italy. PPL image, 10x (Field of view = 2mm)"
raw_strekeisen\pluto\finero\finero_PPL_56034528.jpg,finero,PPL,0,vacia-ocr,"Olivine (colorles) and phlogopite (brown) crystals. Finero Harzburgite, Ivrea Verbano, Italy. PPL image, 2x (Field of view = 7mm)"
raw_strekeisen\pluto\finero\finero_PPL_57944272.jpg,finero,PPL,0,vacia-ocr,"Olivine (colorles) and phlogopite (brown) crystals. Finero Harzburgite, Ivrea Verbano, Italy. PPL image, 2x (Field of view = 7mm)"
raw_strekeisen\pluto\finero\finero_PPL_61455756.jpg,finero,PPL,0,vacia-ocr,"Olivine (colorles) and phlogopite (brown) crystals. Finero Harzburgite, Ivrea Verbano, Italy. PPL image, 1x (Field of view = 9mm)"
raw_strekeisen\pluto\finero\finero_PPL_61738776.jpg,finero,PPL,0,vacia-ocr,"Olivine (colorles) and phlogopite (brown) crystals. Finero Harzburgite, Ivrea Verbano, Italy. PPL image, 2x (Field of view = 7mm)"
raw_strekeisen\pluto\finero\finero_PPL_63363064.jpg,finero,PPL,0,vacia-ocr,"Olivine (colorles), pyroxene (with cleavage) and phlogopite (brown) crystals. Finero Harzburgite, Ivrea Verbano, Italy. PPL image, 10x (Field of view = 2mm)"
raw_strekeisen\pluto\finero\finero_PPL_69245608.jpg,finero,PPL,0,vacia-ocr,"Olivine (colorles), pyroxene (with cleavage) and phlogopite (brown) crystals. Finero Harzburgite, Ivrea Verbano, Italy. PPL image, 10x (Field of view = 2mm)"
raw_strekeisen\pluto\finero\finero_PPL_69969319.jpg,finero,PPL,0,vacia-ocr,"Olivine (colorles) and phlogopite (brown) crystals. Finero Harzburgite, Ivrea Verbano, Italy. PPL image, 2x (Field of view = 7mm)"
raw_strekeisen\pluto\finero\finero_PPL_72665644.jpg,finero,PPL,0,vacia-ocr,"Olivine (colorles) and phlogopite (brown) crystals. Finero Harzburgite, Ivrea Verbano, Italy. PPL image, 1x (Field of view = 9mm)"
raw_strekeisen\pluto\finero\finero_PPL_72808296.jpg,finero,PPL,0,vacia-ocr,"Olivine (colorles), pyroxene (with cleavage) and phlogopite (brown) crystals. Finero Harzburgite, Ivrea Verbano, Italy. PPL image, 1x (Field of view = 9mm)"
raw_strekeisen\pluto\finero\finero_PPL_73467069.jpg,finero,PPL,0,vacia-ocr,"Olivine (colorles) and phlogopite (brown) crystals. Finero Harzburgite, Ivrea Verbano, Italy. PPL image, 2x (Field of view = 7mm)"
raw_strekeisen\pluto\finero\finero_PPL_7822099.jpg,finero,PPL,0,vacia-ocr,"Olivine (colorles) and phlogopite (brown) crystals. Finero Harzburgite, Ivrea Verbano, Italy. PPL image, 10x (Field of view = 2mm)"
raw_strekeisen\pluto\finero\finero_PPL_79745025.jpg,finero,PPL,0,vacia-ocr,"Olivine (colorles) and phlogopite (brown) crystals. Finero Harzburgite, Ivrea Verbano, Italy. PPL image, 2x (Field of view = 7mm)"
raw_strekeisen\pluto\finero\finero_PPL_82246860.jpg,finero,PPL,0,vacia-ocr,"Olivine (colorles), pyroxene (with cleavage) and phlogopite (brown) crystals. Finero Harzburgite, Ivrea Verbano, Italy. PPL image, 10x (Field of view = 2mm)"
raw_strekeisen\pluto\finero\finero_PPL_84538589.jpg,finero,PPL,0,vacia-ocr,"Olivine (colorles) and phlogopite (brown) crystals. Finero Harzburgite, Ivrea Verbano, Italy. PPL image, 1x (Field of view = 9mm)"
raw_strekeisen\pluto\finero\finero_PPL_84717396.jpg,finero,PPL,0,vacia-ocr,"Olivine (colorles), pyroxene (with cleavage) and phlogopite (brown) crystals. Finero Harzburgite, Ivrea Verbano, Italy. PPL image, 2x (Field of view = 7mm)"
raw_strekeisen\pluto\finero\finero_PPL_90386159.jpg,finero,PPL,0,vacia-ocr,"Olivine (colorles) and phlogopite (brown) crystals. Finero Harzburgite, Ivrea Verbano, Italy. PPL image, 1x (Field of view = 9mm)"
raw_strekeisen\pluto\finero\finero_PPL_90862398.jpg,finero,PPL,1,filtro-caption,"Olivine (colorles) and phlogopite (brown) crystals. Finero Harzburgite, Ivrea Verbano, Italy. PPL image, 2x (Field of view = 7mm)"
raw_strekeisen\pluto\finero\finero_PPL_92605894.jpg,finero,PPL,0,vacia-ocr,"Olivine (colorles), pyroxene (with cleavage) and phlogopite (brown) crystals. Finero Harzburgite, Ivrea Verbano, Italy. PPL image, 10x (Field of view = 2mm)"
raw_strekeisen\pluto\finero\finero_PPL_99727403.jpg,finero,PPL,0,vacia-ocr,"Olivine (colorles), pyroxene (with cleavage) and phlogopite (brown) crystals. Finero Harzburgite, Ivrea Verbano, Italy. PPL image, 10x (Field of view = 2mm)"
raw_strekeisen\pluto\finero\finero_XPL_15812526.jpg,finero,XPL,0,vacia-ocr,"Olivine, pyroxene (with cleavage) and phlogopite crystals. Finero Harzburgite, Ivrea Verbano, Italy. XPL image, 2x (Field of view = 7mm)"
raw_strekeisen\pluto\finero\finero_XPL_15978888.jpg,finero,XPL,0,vacia-ocr,"Olivine, pyroxene (with cleavage) and phlogopite crystals. Finero Harzburgite, Ivrea Verbano, Italy. XPL image, 2x (Field of view = 7mm)"
raw_strekeisen\pluto\finero\finero_XPL_18515816.jpg,finero,XPL,0,vacia-ocr,"Olivine and phlogopite crystals. Finero Harzburgite, Ivrea Verbano, Italy. XPL image, 2x (Field of view = 7mm)"
raw_strekeisen\pluto\finero\finero_XPL_21586096.jpg,finero,XPL,0,vacia-ocr,"Olivine, pyroxene (with cleavage) and phlogopite crystals. Finero Harzburgite, Ivrea Verbano, Italy. XPL image, 2x (Field of view = 7mm)"
raw_strekeisen\pluto\finero\finero_XPL_33975756.jpg,finero,XPL,0,vacia-ocr,"Olivine and phlogopite crystals. Finero Harzburgite, Ivrea Verbano, Italy. XPL image, 2x (Field of view = 7mm)"
raw_strekeisen\pluto\finero\finero_XPL_34224387.jpg,finero,XPL,1,filtro-caption,"Olivine and phlogopite crystals. Finero Harzburgite, Ivrea Verbano, Italy. XPL image, 2x (Field of view = 7mm)"
raw_strekeisen\pluto\finero\finero_XPL_35312028.jpg,finero,XPL,1,filtro-caption,"Olivine, pyroxene (with cleavage) and phlogopite crystals. Finero Harzburgite, Ivrea Verbano, Italy. XPL image, 10x (Field of view = 2mm)"
raw_strekeisen\pluto\finero\finero_XPL_39942801.jpg,finero,XPL,1,filtro-caption,"Olivine and phlogopite crystals. Finero Harzburgite, Ivrea Verbano, Italy. XPL image, 1x (Field of view = 9mm)"
raw_strekeisen\pluto\finero\finero_XPL_40002242.jpg,finero,XPL,0,vacia-ocr,"Olivine and phlogopite crystals. Finero Harzburgite, Ivrea Verbano, Italy. XPL image, 10x (Field of view = 2mm)"
raw_strekeisen\pluto\finero\finero_XPL_40024938.jpg,finero,XPL,0,vacia-ocr,"Olivine and phlogopite crystals. Finero Harzburgite, Ivrea Verbano, Italy. XPL image, 1x (Field of view = 9mm)"
raw_strekeisen\pluto\finero\finero_XPL_4644185.jpg,finero,XPL,0,vacia-ocr,"Olivine, pyroxene (with cleavage) and phlogopite crystals. Finero Harzburgite, Ivrea Verbano, Italy. XPL image, 2x (Field of view = 7mm)"
raw_strekeisen\pluto\finero\finero_XPL_49507438.jpg,finero,XPL,0,vacia-ocr,"Olivine, pyroxene (with cleavage) and phlogopite crystals. Finero Harzburgite, Ivrea Verbano, Italy. XPL image, 10x (Field of view = 2mm)"
raw_strekeisen\pluto\finero\finero_XPL_52339013.jpg,finero,XPL,1,filtro-caption,"Olivine, pyroxene (with cleavage) and phlogopite crystals. Finero Harzburgite, Ivrea Verbano, Italy. XPL image, 10x (Field of view = 2mm)"
raw_strekeisen\pluto\finero\finero_XPL_60410893.jpg,finero,XPL,0,vacia-ocr,"Olivine and phlogopite crystals. Finero Harzburgite, Ivrea Verbano, Italy. XPL image, 10x (Field of view = 2mm)"
raw_strekeisen\pluto\finero\finero_XPL_69046053.jpg,finero,XPL,0,vacia-ocr,"Olivine and phlogopite crystals. Finero Harzburgite, Ivrea Verbano, Italy. XPL image, 2x (Field of view = 7mm)"
raw_strekeisen\pluto\finero\finero_XPL_74283787.jpg,finero,XPL,1,filtro-caption,"Olivine and phlogopite crystals. Finero Harzburgite, Ivrea Verbano, Italy. XPL image, 2x (Field of view = 7mm)"
raw_strekeisen\pluto\finero\finero_XPL_77940684.jpg,finero,XPL,0,vacia-ocr,"Olivine and phlogopite crystals. Finero Harzburgite, Ivrea Verbano, Italy. XPL image, 2x (Field of view = 7mm)"
raw_strekeisen\pluto\finero\finero_XPL_79089007.jpg,finero,XPL,0,vacia-ocr,"Olivine, pyroxene (with cleavage) and phlogopite crystals. Finero Harzburgite, Ivrea Verbano, Italy. XPL image, 1x (Field of view = 9mm)"
raw_strekeisen\pluto\finero\finero_XPL_84533620.jpg,finero,XPL,0,vacia-ocr,"Olivine and phlogopite crystals. Finero Harzburgite, Ivrea Verbano, Italy. XPL image, 10x (Field of view = 2mm)"
raw_strekeisen\pluto\finero\finero_XPL_88728819.jpg,finero,XPL,0,vacia-ocr,"Olivine and phlogopite crystals. Finero Harzburgite, Ivrea Verbano, Italy. XPL image, 2x (Field of view = 7mm)"
raw_strekeisen\pluto\finero\finero_XPL_91299148.jpg,finero,XPL,0,vacia-ocr,"Olivine and phlogopite crystals. Finero Harzburgite, Ivrea Verbano, Italy. XPL image, 2x (Field of view = 7mm)"
raw_strekeisen\pluto\finero\finero_XPL_96939869.jpg,finero,XPL,1,filtro-caption,"Olivine and phlogopite crystals. Finero Harzburgite, Ivrea Verbano, Italy. XPL image, 2x (Field of view = 7mm)"
raw_strekeisen\pluto\fluorite\fluorite_PPL_71240106.jpg,fluorite,PPL,2,filtro-caption,"Arfvedsonite (green), feldspar and nepheline (colorless), fluorite (violet). To the right there are some fibrous rosenbuschite crystals (beige color). Lakarpite from Norra Kärr alkaline complex, Sweden. PPL image, 2x (Field of view = 7mm)"
raw_strekeisen\pluto\foyaite\foyaite_PPL_15508573.jpg,foyaite,PPL,0,vacia-ocr,"Nepheline (altered at the edges), Aegirine and Sericitized Orthoclase. PPL image, 10x (Field of view = 2mm)"
raw_strekeisen\pluto\gabbro\gabbro_XPL_4645507.jpg,gabbro,XPL,2,filtro-caption,"Clinopyroxene and plagioclase crystals in a gabbro, Antarctica. XPL image, 2x (Field of view = 7mm)"
raw_strekeisen\pluto\gabbro\gabbro_XPL_7496138.jpg,gabbro,XPL,2,filtro-caption,"Clinopyroxene and plagioclase crystals in a gabbro, Antarctica. XPL image, 2x (Field of view = 7mm)"
raw_strekeisen\pluto\gabbro\gabbro_XPL_83244346.jpg,gabbro,XPL,3,filtro-caption,"Resorbed olivine crystal in a gabbro, Antarctica. XPL image, 2x (Field of view = 7mm)"
raw_strekeisen\pluto\gabbroaugite\gabbroaugite_XPL_55913772.jpg,gabbroaugite,XPL,0,vacia-ocr,"Coarse-grained augite crystals and interstitial plagioclase. XPL image, 2x (Field of view = 7mm)/td>"
raw_strekeisen\pluto\gabbroaugite\gabbroaugite_XPL_70413373.jpg,gabbroaugite,XPL,1,filtro-caption,"Coarse-grained augite crystals and sericitized plagioclase. XPL image, 2x (Field of view = 7mm)/td>"
raw_strekeisen\pluto\gabbroaugite\gabbroaugite_XPL_91992507.jpg,gabbroaugite,XPL,0,vacia-ocr,"Coarse-grained augite crystals and sericitized plagioclase. XPL image, 2x (Field of view = 7mm)/td>"
raw_strekeisen\pluto\gabbrohornblende\gabbrohornblende_PPL_70184047.jpg,gabbrohornblende,PPL,2,filtro-caption,"Hornblende and plagioclase crystals. PPL image, 2x (Field of view = 7mm)/td>"
raw_strekeisen\pluto\gabbrohornblende\gabbrohornblende_XPL_20792851.jpg,gabbrohornblende,XPL,0,vacia-ocr,"Hornblende and plagioclase crystals. XPL image, 2x (Field of view = 7mm)/td>"
raw_strekeisen\pluto\gabbrohornblende\gabbrohornblende_XPL_40636927.jpg,gabbrohornblende,XPL,1,filtro-caption,"Hornblende and plagioclase crystals. XPL image, 2x (Field of view = 7mm)/td>"
raw_strekeisen\pluto\gabbrohornblende\gabbrohornblende_XPL_52759683.jpg,gabbrohornblende,XPL,0,vacia-ocr,"Hornblende and plagioclase crystals. XPL image, 10x (Field of view = 2mm)/td>"
raw_strekeisen\pluto\gabbrohornblende\gabbrohornblende_XPL_82487970.jpg,gabbrohornblende,XPL,0,vacia-ocr,"Hornblende and plagioclase crystals. XPL image, 2x (Field of view = 7mm)/td>"
raw_strekeisen\pluto\gabbronorite\gabbronorite_PPL_25910119.jpg,gabbronorite,PPL,0,vacia-ocr,"Pyroxene and plagioclase in a gabbronorite, Zimbawe. PPL image, 10x (Field of view = 2mm)/td>"
raw_strekeisen\pluto\gabbronorite\gabbronorite_PPL_27783862.jpg,gabbronorite,PPL,0,vacia-ocr,"Pyroxene, plagioclase and rare biotite in a gabbronorite, Zimbawe. PPL image, 2x (Field of view = 7mm)/td>"
raw_strekeisen\pluto\gabbronorite\gabbronorite_PPL_45141676.jpg,gabbronorite,PPL,0,vacia-ocr,"Pyroxene, plagioclase and rare biotite in a gabbronorite, Zimbawe. PPL image, 2x (Field of view = 7mm)/td>"
raw_strekeisen\pluto\gabbronorite\gabbronorite_XPL_2035004.jpg,gabbronorite,XPL,0,vacia-ocr,"Pyroxene with exolution lamellae in a gabbronorite, Zimbawe. XPL image, 10x (Field of view = 2mm)/td>"
raw_strekeisen\pluto\gabbronorite\gabbronorite_XPL_25610466.jpg,gabbronorite,XPL,0,vacia-ocr,"Pyroxene with exolution lamellae in a gabbronorite, Zimbawe. XPL image, 10x (Field of view = 2mm)/td>"
raw_strekeisen\pluto\gabbronorite\gabbronorite_XPL_77878935.jpg,gabbronorite,XPL,0,vacia-ocr,"Pyroxene with exolution lamellae in a gabbronorite, Zimbawe. XPL image, 2x (Field of view = 7mm)/td>"
raw_strekeisen\pluto\gabbronorite\gabbronorite_XPL_78195303.jpg,gabbronorite,XPL,4,filtro-caption,"Pyroxene with exolution lamellae in a gabbronorite, Zimbawe. XPL image, 10x (Field of view = 2mm)/td>"
raw_strekeisen\pluto\gabbronorite\gabbronorite_XPL_84415823.jpg,gabbronorite,XPL,3,filtro-caption,"Pyroxene with exolution lamellae in a gabbronorite, Zimbawe. XPL image, 2x (Field of view = 7mm)/td>"
raw_strekeisen\pluto\gabbronorite\gabbronorite_XPL_89633522.jpg,gabbronorite,XPL,1,filtro-caption,"Pyroxene with exolution lamellae in a gabbronorite, Zimbawe. XPL image, 10x (Field of view = 2mm)/td>"
raw_strekeisen\pluto\gabbronorite\gabbronorite_XPL_89965157.jpg,gabbronorite,XPL,0,vacia-ocr,"Pyroxene with exolution lamellae in a gabbronorite, Zimbawe. XPL image, 10x (Field of view = 2mm)/td>"
raw_strekeisen\pluto\gabbronorite\gabbronorite_XPL_94850741.jpg,gabbronorite,XPL,0,vacia-ocr,"Pyroxene with exolution lamellae in a gabbronorite, Zimbawe. XPL image, 10x (Field of view = 2mm)/td>>"
raw_strekeisen\pluto\gabbronorite\gabbronorite_XPL_94897427.jpg,gabbronorite,XPL,0,vacia-ocr,"Pyroxene with exolution lamellae in a gabbronorite, Zimbawe. XPL image, 10x (Field of view = 2mm)/td>"
raw_strekeisen\pluto\garnetlherzolite\garnetlherzolite_PPL_12809593.jpg,garnetlherzolite,PPL,0,vacia-ocr,"Olivine, chromite and garnet crystals with kelifitic decomposition rims (consisting of fibrous pyroxene). PPL image. 10x (Field of view = 2mm)"
raw_strekeisen\pluto\garnetlherzolite\garnetlherzolite_PPL_18498694.jpg,garnetlherzolite,PPL,0,vacia-ocr,Olivine and garnet crystals with kelifitic decomposition rims (consisting of fibrous pyroxene). PPL image. 10x (Field of view = 2mm)
raw_strekeisen\pluto\garnetlherzolite\garnetlherzolite_PPL_21695757.jpg,garnetlherzolite,PPL,1,filtro-caption,Garnet crystal in a serpentinized Garnet Lherzolite. PPL image. 20x (Field of view = 7mm)
raw_strekeisen\pluto\garnetlherzolite\garnetlherzolite_PPL_24640035.jpg,garnetlherzolite,PPL,0,vacia-ocr,Garnet with kelifitic decomposition rims (consisting of fibrous pyroxene). PPL image. 2x (Field of view = 7mm)
raw_strekeisen\pluto\garnetlherzolite\garnetlherzolite_PPL_34817324.jpg,garnetlherzolite,PPL,0,vacia-ocr,"Olivine, chromite and garnet crystals with kelifitic decomposition rims (consisting of fibrous pyroxene). PPL image. 10x (Field of view = 2mm)"
raw_strekeisen\pluto\garnetlherzolite\garnetlherzolite_PPL_40736200.jpg,garnetlherzolite,PPL,0,vacia-ocr,Garnet crystal in a serpentinized Garnet Lherzolite. PPL image. 20x (Field of view = 7mm)
raw_strekeisen\pluto\garnetlherzolite\garnetlherzolite_PPL_43034607.jpg,garnetlherzolite,PPL,0,vacia-ocr,Garnet with kelifitic decomposition rims (consisting of fibrous pyroxene). PPL image. 10x (Field of view = 2mm)
raw_strekeisen\pluto\garnetlherzolite\garnetlherzolite_PPL_44604627.jpg,garnetlherzolite,PPL,1,filtro-caption,Garnet crystal in a serpentinized Garnet Lherzolite. PPL image. 20x (Field of view = 7mm)
raw_strekeisen\pluto\garnetlherzolite\garnetlherzolite_PPL_50460032.jpg,garnetlherzolite,PPL,0,vacia-ocr,Olivine and spinel crystals. PPL image. 2x (Field of view = 7mm)
raw_strekeisen\pluto\garnetlherzolite\garnetlherzolite_PPL_55257684.jpg,garnetlherzolite,PPL,0,vacia-ocr,"Olivine, chromite and garnet crystals with kelifitic decomposition rims (consisting of fibrous pyroxene). PPL image. 10x (Field of view = 2mm)"
raw_strekeisen\pluto\garnetlherzolite\garnetlherzolite_PPL_5559249.jpg,garnetlherzolite,PPL,0,vacia-ocr,Garnet crystal in a serpentinized Garnet Lherzolite. PPL image. 20x (Field of view = 7mm)
raw_strekeisen\pluto\garnetlherzolite\garnetlherzolite_PPL_6038864.jpg,garnetlherzolite,PPL,0,vacia-ocr,"Olivine, chromite and garnet crystals with kelifitic decomposition rims (consisting of fibrous pyroxene). PPL image. 10x (Field of view = 2mm)"
raw_strekeisen\pluto\garnetlherzolite\garnetlherzolite_PPL_62778046.jpg,garnetlherzolite,PPL,0,vacia-ocr,Garnet with kelifitic decomposition rims (consisting of fibrous pyroxene). PPL image. 10x (Field of view = 2mm)
raw_strekeisen\pluto\garnetlherzolite\garnetlherzolite_PPL_6531347.jpg,garnetlherzolite,PPL,2,filtro-caption,Garnet crystals in a serpentinized Garnet Lherzolite. PPL image. 20x (Field of view = 7mm)
raw_strekeisen\pluto\garnetlherzolite\garnetlherzolite_PPL_65996616.jpg,garnetlherzolite,PPL,0,vacia-ocr,Garnet with kelifitic decomposition rims (consisting of fibrous pyroxene). PPL image. 2x (Field of view = 7mm)
raw_strekeisen\pluto\garnetlherzolite\garnetlherzolite_PPL_69049648.jpg,garnetlherzolite,PPL,0,vacia-ocr,"Olivine, chromite and garnet crystals with kelifitic decomposition rims (consisting of fibrous pyroxene). PPL image. 10x (Field of view = 2mm)"
raw_strekeisen\pluto\garnetlherzolite\garnetlherzolite_PPL_80626899.jpg,garnetlherzolite,PPL,0,vacia-ocr,"Olivine, chromite and garnet crystals with kelifitic decomposition rims (consisting of fibrous pyroxene). PPL image. 10x (Field of view = 2mm)"
raw_strekeisen\pluto\garnetlherzolite\garnetlherzolite_PPL_81855551.jpg,garnetlherzolite,PPL,0,vacia-ocr,"Olivine, chromite and garnet crystals with kelifitic decomposition rims (consisting of fibrous pyroxene). PPL image. 20x (Field of view = 1mm)"
raw_strekeisen\pluto\garnetlherzolite\garnetlherzolite_PPL_82685277.jpg,garnetlherzolite,PPL,0,vacia-ocr,Olivine and spinel crystals. PPL image. 2x (Field of view = 7mm)
raw_strekeisen\pluto\garnetlherzolite\garnetlherzolite_PPL_8435623.jpg,garnetlherzolite,PPL,0,vacia-ocr,Garnet with kelifitic decomposition rims (consisting of fibrous pyroxene). PPL image. 10x (Field of view = 2mm)
raw_strekeisen\pluto\garnetlherzolite\garnetlherzolite_PPL_88356663.jpg,garnetlherzolite,PPL,0,vacia-ocr,"Olivine, chromite and garnet crystals with kelifitic decomposition rims (consisting of fibrous pyroxene). PPL image. 10x (Field of view = 2mm)"
raw_strekeisen\pluto\garnetlherzolite\garnetlherzolite_XPL_10204298.jpg,garnetlherzolite,XPL,0,vacia-ocr,Garnet with kelifitic decomposition rims (consisting of fibrous pyroxene). XPL image. 10x (Field of view = 2mm)
raw_strekeisen\pluto\garnetlherzolite\garnetlherzolite_XPL_11950163.jpg,garnetlherzolite,XPL,1,filtro-caption,"Olivine, chromite and garnet (isotropic) crystals with kelifitic decomposition rims (consisting of fibrous pyroxene). XPL image. 10x (Field of view = 2mm)"
raw_strekeisen\pluto\garnetlherzolite\garnetlherzolite_XPL_20357639.jpg,garnetlherzolite,XPL,0,vacia-ocr,Garnet with kelifitic decomposition rims (consisting of fibrous pyroxene). XPL image. 10x (Field of view = 2mm)
raw_strekeisen\pluto\garnetlherzolite\garnetlherzolite_XPL_25305212.jpg,garnetlherzolite,XPL,0,vacia-ocr,Garnet with kelifitic decomposition rims (consisting of fibrous pyroxene). XPL image. 10x (Field of view = 2mm)
raw_strekeisen\pluto\garnetlherzolite\garnetlherzolite_XPL_29458582.jpg,garnetlherzolite,XPL,0,vacia-ocr,Garnet with kelifitic decomposition rims (consisting of fibrous pyroxene). XPL image. 10x (Field of view = 2mm)
raw_strekeisen\pluto\garnetlherzolite\garnetlherzolite_XPL_3263929.jpg,garnetlherzolite,XPL,0,vacia-ocr,Garnet with kelifitic decomposition rims (consisting of fibrous pyroxene). XPL image. 2x (Field of view = 7mm)
raw_strekeisen\pluto\garnetlherzolite\garnetlherzolite_XPL_33401192.jpg,garnetlherzolite,XPL,0,vacia-ocr,"Olivine, chromite and garnet (isotropic) crystals with kelifitic decomposition rims (consisting of fibrous pyroxene). XPL image. 10x (Field of view = 2mm)"
raw_strekeisen\pluto\garnetlherzolite\garnetlherzolite_XPL_46269042.jpg,garnetlherzolite,XPL,0,vacia-ocr,"Olivine, chromite and garnet (isotropic) crystals with kelifitic decomposition rims (consisting of fibrous pyroxene). XPL image. 10x (Field of view = 2mm)"
raw_strekeisen\pluto\garnetlherzolite\garnetlherzolite_XPL_47465221.jpg,garnetlherzolite,XPL,0,vacia-ocr,"Olivine, chromite and garnet (isotropic) crystals with kelifitic decomposition rims (consisting of fibrous pyroxene). XPL image. 20x (Field of view = 1mm)"
raw_strekeisen\pluto\garnetlherzolite\garnetlherzolite_XPL_52926334.jpg,garnetlherzolite,XPL,1,filtro-caption,"Orthopyroxene (gray), Clinopyroxene and Olivine. XPL image. 10x (Field of view = 2mm)"
raw_strekeisen\pluto\garnetlherzolite\garnetlherzolite_XPL_70444027.jpg,garnetlherzolite,XPL,0,vacia-ocr,"Olivine, chromite and garnet (isotropic) crystals with kelifitic decomposition rims (consisting of fibrous pyroxene). XPL image. 10x (Field of view = 2mm)"
raw_strekeisen\pluto\garnetlherzolite\garnetlherzolite_XPL_80519797.jpg,garnetlherzolite,XPL,0,vacia-ocr,"Olivine, chromite and garnet (isotropic) crystals with kelifitic decomposition rims (consisting of fibrous pyroxene). XPL image. 10x (Field of view = 2mm)"
raw_strekeisen\vulc\glomerophyric\glomerophyric_PPL_40113607.jpg,glomerophyric,PPL,0,vacia-ocr,"Pyroxene, olivine and magnetite in a glomerophyre. Basalt from Etna volcano, Italy. PPL image , 2x (Field of view = 7mm)"
raw_strekeisen\vulc\glomerophyric\glomerophyric_PPL_63154932.jpg,glomerophyric,PPL,0,vacia-ocr,"Pyroxene, olivine and magnetite in a glomerophyre. Basalt from Etna volcano, Italy. PPL image , 2x (Field of view = 7mm)"
raw_strekeisen\vulc\glomerophyric\glomerophyric_PPL_87024924.jpg,glomerophyric,PPL,0,vacia-ocr,"Pyroxene, olivine and magnetite in a glomerophyre. Basalt from Etna volcano, Italy. PPL image , 2x (Field of view = 7mm)"
raw_strekeisen\vulc\glomerophyric\glomerophyric_PPL_93748029.jpg,glomerophyric,PPL,1,filtro-caption,"Pyroxene, olivine and magnetite in a glomerophyre. Basalt from Etna volcano, Italy. PPL image , 2x (Field of view = 7mm)"
raw_strekeisen\vulc\glomerophyric\glomerophyric_PPL_96662566.jpg,glomerophyric,PPL,0,vacia-ocr,"Pyroxene, plagioclase and biotite in a glomerophyre. Andesite, Amiata volcano, Tuscany, Italy. PPL image , 10x (Field of view = 2mm)"
raw_strekeisen\vulc\glomerophyric\glomerophyric_XPL_28820765.jpg,glomerophyric,XPL,0,vacia-ocr,"Pyroxene, olivine and magnetite in a glomerophyre. Basalt from Etna volcano, Italy. XPL image , 2x (Field of view = 7mm)"
raw_strekeisen\vulc\glomerophyric\glomerophyric_XPL_45040191.jpg,glomerophyric,XPL,0,vacia-ocr,"Pyroxene, olivine and magnetite in a glomerophyre. Basalt from Etna volcano, Italy. XPL image , 2x (Field of view = 7mm)"
raw_strekeisen\vulc\glomerophyric\glomerophyric_XPL_77273548.jpg,glomerophyric,XPL,0,vacia-ocr,"Pyroxene, olivine and magnetite in a glomerophyre. Basalt from Etna volcano, Italy. XPL image , 2x (Field of view = 7mm)"
raw_strekeisen\pluto\granite\granite_PPL_27970321.jpg,granite,PPL,0,vacia-ocr,"Plagioclase, biotite and quartz in a granite. PPL image, 2x (Field of view = 7mm)/td>"
raw_strekeisen\pluto\granite\granite_XPL_18452340.jpg,granite,XPL,1,filtro-caption,"Plagioclase, biotite and quartz in a granite. XPL image, 2x (Field of view = 7mm)/td>"
raw_strekeisen\pluto\harzburgite\harzburgite_XPL_36915344.jpg,harzburgite,XPL,1,filtro-caption,Orthopyroxene (gray) and olivine crystals. XPL image. 10x (Field of view = 2mm)
raw_strekeisen\pluto\harzburgite\harzburgite_XPL_72310585.jpg,harzburgite,XPL,0,vacia-ocr,Orthopyroxene (gray) and olivine crystals. XPL image. 10x (Field of view = 2mm)
raw_strekeisen\pluto\harzburgite\harzburgite_XPL_83842295.jpg,harzburgite,XPL,0,vacia-ocr,Orthopyroxene (gray) and Olivine crystals. XPL image. 10x (Field of view = 2mm)
raw_strekeisen\pluto\hornblendite\hornblendite_PPL_21358572.jpg,hornblendite,PPL,0,vacia-ocr,"Hornblende crystals in a hornblendite rock.  PPL image, 2x (Field of view = 7mm)/td>"
raw_strekeisen\pluto\hornblendite\hornblendite_PPL_27146988.jpg,hornblendite,PPL,0,vacia-ocr,"Hornblende crystals in a hornblendite rock.  PPL image, 2x (Field of view = 7mm)/td>"
raw_strekeisen\pluto\hornblendite\hornblendite_PPL_48153348.jpg,hornblendite,PPL,0,vacia-ocr,"Hornblende crystals in a hornblendite rock.  PPL image, 2x (Field of view = 7mm)/td>"
raw_strekeisen\pluto\hornblendite\hornblendite_PPL_69747376.jpg,hornblendite,PPL,0,vacia-ocr,"Hornblende crystals in a hornblendite rock.  PPL image, 2x (Field of view = 7mm)/td>"
raw_strekeisen\pluto\hornblendite\hornblendite_PPL_73947823.jpg,hornblendite,PPL,0,vacia-ocr,"Hornblende crystals and interstitial plagioclase in a hornblendite rock.  PPL image, 2x (Field of view = 7mm)/td>"
raw_strekeisen\pluto\hornblendite\hornblendite_PPL_78972506.jpg,hornblendite,PPL,0,vacia-ocr,"Hornblende crystals in a hornblendite rock.  PPL image, 2x (Field of view = 7mm)/td>"
raw_strekeisen\pluto\hornblendite\hornblendite_PPL_79187630.jpg,hornblendite,PPL,0,vacia-ocr,"Hornblende crystals in a hornblendite rock.  PPL image, 2x (Field of view = 7mm)/td>"
raw_strekeisen\pluto\hornblendite\hornblendite_PPL_86540077.jpg,hornblendite,PPL,0,vacia-ocr,"Hornblende crystals in a hornblendite rock.  PPL image, 2x (Field of view = 7mm)/td>"
raw_strekeisen\pluto\hornblendite\hornblendite_PPL_96228134.jpg,hornblendite,PPL,0,vacia-ocr,"Hornblende crystals in a hornblendite rock.  PPL image, 2x (Field of view = 7mm)/td>"
raw_strekeisen\pluto\hornblendite\hornblendite_PPL_97809621.jpg,hornblendite,PPL,0,vacia-ocr,"Hornblende crystals and interstitial plagioclase in a hornblendite rock.  PPL image, 2x (Field of view = 7mm)/td>"
raw_strekeisen\pluto\hornblendite\hornblendite_XPL_32621033.jpg,hornblendite,XPL,2,filtro-caption,"Hornblende crystals in a hornblendite rock.  XPL image, 2x (Field of view = 7mm)/td>"
raw_strekeisen\pluto\hornblendite\hornblendite_XPL_52928588.jpg,hornblendite,XPL,0,vacia-ocr,"Hornblende crystals in a hornblendite rock.  XPL image, 2x (Field of view = 7mm)/td>"
raw_strekeisen\pluto\hornblendite\hornblendite_XPL_70112903.jpg,hornblendite,XPL,0,vacia-ocr,"Hornblende crystals in a hornblendite rock.  XPL image, 2x (Field of view = 7mm)/td>"
raw_strekeisen\pluto\hornblendite\hornblendite_XPL_74671352.jpg,hornblendite,XPL,1,filtro-caption,"Hornblende crystals in a hornblendite rock.  XPL image, 2x (Field of view = 7mm)/td>"
raw_strekeisen\pluto\hornblendite\hornblendite_XPL_83168129.jpg,hornblendite,XPL,0,vacia-ocr,"Hornblende crystals and interstitial plagioclase in a hornblendite rock.  XPL image, 2x (Field of view = 7mm)/td>"
raw_strekeisen\pluto\hornblendite\hornblendite_XPL_83249585.jpg,hornblendite,XPL,0,vacia-ocr,"Hornblende crystals in a hornblendite rock.  XPL image, 2x (Field of view = 7mm)/td>"
raw_strekeisen\pluto\hornblendite\hornblendite_XPL_88479824.jpg,hornblendite,XPL,0,vacia-ocr,"Hornblende crystals in a hornblendite rock.  XPL image, 2x (Field of view = 7mm)/td>"
raw_strekeisen\pluto\hornblendite\hornblendite_XPL_9038585.jpg,hornblendite,XPL,1,filtro-caption,"Hornblende crystals in a hornblendite rock.  XPL image, 2x (Field of view = 7mm)/td>"
raw_strekeisen\pluto\hornblendite\hornblendite_XPL_92472027.jpg,hornblendite,XPL,1,filtro-caption,"Hornblende crystals in a hornblendite rock.  XPL image, 2x (Field of view = 7mm)/td>"
raw_strekeisen\pluto\hornblendite\hornblendite_XPL_92759708.jpg,hornblendite,XPL,0,vacia-ocr,"Hornblende crystals in a hornblendite rock.  XPL image, 2x (Field of view = 7mm)/td>"
raw_strekeisen\pluto\hornblendite\hornblendite_XPL_92942664.jpg,hornblendite,XPL,1,filtro-caption,"Hornblende crystals in a hornblendite rock.  XPL image, 2x (Field of view = 7mm)/td>"
raw_strekeisen\pluto\hornblendite1\hornblendite1_PPL_13702839.jpg,hornblendite1,PPL,1,filtro-caption,"Hornblende, olivine and phlogopite. PPL image, 2x (Field of view = 7mm)"
raw_strekeisen\pluto\hornblendite1\hornblendite1_PPL_15928978.jpg,hornblendite1,PPL,0,vacia-ocr,"Hornblende, plagioclase and phlogopite. PPL image, 2x (Field of view = 7mm)"
raw_strekeisen\pluto\hornblendite1\hornblendite1_PPL_257064.jpg,hornblendite1,PPL,0,vacia-ocr,"Hornblende, olivine (rimmed by pyroxene) and phlogopite. PPL image, 2x (Field of view = 7mm)"
raw_strekeisen\pluto\hornblendite1\hornblendite1_PPL_26150859.jpg,hornblendite1,PPL,0,vacia-ocr,"Hornblende, olivine (rimmed by pyroxene) and phlogopite. PPL image, 2x (Field of view = 7mm)"
raw_strekeisen\pluto\hornblendite1\hornblendite1_PPL_73722367.jpg,hornblendite1,PPL,1,filtro-caption,"Hornblende, plagioclase and phlogopite. PPL image, 2x (Field of view = 7mm)"
raw_strekeisen\pluto\hornblendite1\hornblendite1_PPL_91540354.jpg,hornblendite1,PPL,1,filtro-caption,"Hornblende, olivine and phlogopite. PPL image, 2x (Field of view = 7mm)"
raw_strekeisen\pluto\hornblendite1\hornblendite1_XPL_19402806.jpg,hornblendite1,XPL,1,filtro-caption,"Hornblende, plagioclase and phlogopite. XPL image, 2x (Field of view = 7mm)"
raw_strekeisen\pluto\hornblendite1\hornblendite1_XPL_20149261.jpg,hornblendite1,XPL,0,vacia-ocr,"Hornblende, olivine (rimmed by pyroxene) and phlogopite. XPL image, 2x (Field of view = 7mm)"
raw_strekeisen\pluto\hornblendite1\hornblendite1_XPL_41204273.jpg,hornblendite1,XPL,0,vacia-ocr,"Olivine rimmed by pyroxene. XPL image, 10x (Field of view = 2mm)"
raw_strekeisen\pluto\hornblendite1\hornblendite1_XPL_48825381.jpg,hornblendite1,XPL,0,vacia-ocr,"Hornblende, olivine and phlogopite. XPL image, 2x (Field of view = 7mm)"
raw_strekeisen\pluto\ijolite\ijolite_PPL_22385444.jpg,ijolite,PPL,2,filtro-caption,"Phlogopite, biotite (green), andradite (brown) and altered nepheline (dusty). PPL image, 2x (Field of view = 7mm)"
raw_strekeisen\pluto\ijolite\ijolite_PPL_28580767.jpg,ijolite,PPL,0,vacia-ocr,"Phlogopite, biotite (green), andradite (brown) and altered nepheline (dusty). PPL image, 2x (Field of view = 7mm)"
raw_strekeisen\pluto\ijolite\ijolite_PPL_39132772.jpg,ijolite,PPL,0,vacia-ocr,"Phlogopite, andradite, altered nepheline. PPL image, 2x (Field of view = 7mm)"
raw_strekeisen\pluto\ijolite\ijolite_PPL_50081075.jpg,ijolite,PPL,0,vacia-ocr,"Andradite enclosed in biotite. PPL image, 2x (Field of view = 7mm)"
raw_strekeisen\pluto\ijolite\ijolite_PPL_60339343.jpg,ijolite,PPL,0,vacia-ocr,"biotite (green), andradite (brown) and altered nepheline (dusty). PPL image, 2x (Field of view = 7mm)"
raw_strekeisen\pluto\ijolite\ijolite_PPL_6700855.jpg,ijolite,PPL,0,vacia-ocr,"Phlogopite, andradite, apatite and altered nepheline. PPL image, 2x (Field of view = 7mm)"
raw_strekeisen\pluto\ijolite\ijolite_PPL_68517085.jpg,ijolite,PPL,0,vacia-ocr,"Phlogopite, green biotite, andradite, apatite and altered nepheline. PPL image, 2x (Field of view = 7mm)"
raw_strekeisen\pluto\ijolite\ijolite_PPL_85646378.jpg,ijolite,PPL,0,vacia-ocr,"Phlogopite, biotite (green), andradite (brown) and altered nepheline (dusty). PPL image, 2x (Field of view = 7mm)"
raw_strekeisen\pluto\ijolite\ijolite_PPL_87208565.jpg,ijolite,PPL,0,vacia-ocr,"Phlogopite, apatite, andradite (brown) and altered nepheline (dusty). PPL image, 2x (Field of view = 7mm)"
raw_strekeisen\pluto\ijolite\ijolite_PPL_91121633.jpg,ijolite,PPL,1,filtro-caption,"Phlogopite, green biotite, andradite, apatite and altered nepheline. PPL image, 2x (Field of view = 7mm)"
raw_strekeisen\pluto\ijolite\ijolite_PPL_97036045.jpg,ijolite,PPL,0,vacia-ocr,"Phlogopite, apatite, andradite (brown) and altered nepheline (dusty). PPL image, 2x (Field of view = 7mm)"
raw_strekeisen\pluto\ijolite\ijolite_XPL_14427672.jpg,ijolite,XPL,1,filtro-caption,"Phlogopite, andradite, apatite and altered nepheline. XPL image, 2x (Field of view = 7mm)"
raw_strekeisen\pluto\ijolite\ijolite_XPL_25326340.jpg,ijolite,XPL,1,filtro-caption,"Phlogopite, andradite and altered nepheline. XPL image, 2x (Field of view = 7mm)"
raw_strekeisen\pluto\ijolite\ijolite_XPL_43568000.jpg,ijolite,XPL,0,vacia-ocr,"Phlogopite, biotite, andradite and altered nepheline. XPL image, 2x (Field of view = 7mm)"
raw_strekeisen\pluto\ijolite\ijolite_XPL_8772657.jpg,ijolite,XPL,0,vacia-ocr,"Phlogopite, andradite and altered nepheline. XPL image, 2x (Field of view = 7mm)"
raw_strekeisen\pluto\ijolite1\ijolite1_PPL_74330563.jpg,ijolite1,PPL,0,vacia-ocr,"Aegirine (green), altered nepheline and feldspar (dusty). Caletta de la cruz, Fuerteventura, Canary Islands. PPL image, 2x (Field of view = 7mm)"
raw_strekeisen\pluto\ijolite1\ijolite1_XPL_78007225.jpg,ijolite1,XPL,0,vacia-ocr,"Aegirine, altered nepheline and feldspar (dusty). Caletta de la cruz, Fuerteventura, Canary Islands. XPL image, 2x (Field of view = 7mm)"
raw_strekeisen\pluto\ijolite1\ijolite1_XPL_9678286.jpg,ijolite1,XPL,0,vacia-ocr,"Aegirine, altered nepheline and feldspar (dusty). Caletta de la cruz, Fuerteventura, Canary Islands. XPL image, 2x (Field of view = 7mm)"
raw_strekeisen\vulc\ilmenite\ilmenite_PPL_24757514.jpg,ilmenite,PPL,0,vacia-ocr,"Elongated ilmenite crystals, plagioclase and skeletal pyroxene crystals (the fibrous-brown crystals between plagioclase). PPL image, 10x (Field of view = 2mm)"
raw_strekeisen\vulc\ilmenite\ilmenite_PPL_34099002.jpg,ilmenite,PPL,0,vacia-ocr,"Elongated ilmenite crystals, plagioclase and skeletal pyroxene crystals (the fibrous-brown crystals between plagioclase). PPL image, 10x (Field of view = 2mm)"
raw_strekeisen\vulc\ilmenite\ilmenite_PPL_36472709.jpg,ilmenite,PPL,0,vacia-ocr,"Elongated ilmenite crystals, plagioclase and skeletal pyroxene crystals (the fibrous-brown crystals between plagioclase). PPL image, 10x (Field of view = 2mm)"
raw_strekeisen\vulc\ilmenite\ilmenite_PPL_54085295.jpg,ilmenite,PPL,0,vacia-ocr,"Elongated ilmenite crystals, plagioclase and skeletal pyroxene crystals (the fibrous-brown crystals between plagioclase). PPL image, 10x (Field of view = 2mm)"
raw_strekeisen\vulc\ilmenite\ilmenite_PPL_59850598.jpg,ilmenite,PPL,0,vacia-ocr,"Elongated ilmenite crystals, plagioclase and skeletal pyroxene crystals (the fibrous-brown crystals between plagioclase). PPL image, 10x (Field of view = 2mm)"
raw_strekeisen\vulc\ilmenite\ilmenite_PPL_67516722.jpg,ilmenite,PPL,0,vacia-ocr,"Elongated ilmenite crystals, plagioclase and skeletal pyroxene crystals (the fibrous-brown crystals between plagioclase). PPL image, 10x (Field of view = 2mm)"
raw_strekeisen\vulc\ilmenite\ilmenite_PPL_727573.jpg,ilmenite,PPL,1,filtro-caption,"Elongated ilmenite crystals, plagioclase and skeletal pyroxene crystals (the fibrous-brown crystals between plagioclase). PPL image, 10x (Field of view = 2mm)"
raw_strekeisen\vulc\ilmenite\ilmenite_PPL_84740904.jpg,ilmenite,PPL,0,vacia-ocr,"Elongated ilmenite crystals, plagioclase and skeletal pyroxene crystals (the fibrous-brown crystals between plagioclase). PPL image, 10x (Field of view = 2mm)"
raw_strekeisen\vulc\ilmenite\ilmenite_PPL_98898860.jpg,ilmenite,PPL,1,filtro-caption,"Elongated ilmenite crystals, plagioclase and skeletal pyroxene crystals (the fibrous-brown crystals between plagioclase). PPL image, 10x (Field of view = 2mm)"
raw_strekeisen\pluto\jacupirangite\jacupirangite_PPL_24571054.jpg,jacupirangite,PPL,1,filtro-caption,"Titanoaugite, nepheline (colorless), biotite and magnetite crystals in a Jacupirangite. PPL image, 2x (Field of view = 7mm)"
raw_strekeisen\pluto\jacupirangite\jacupirangite_PPL_39726359.jpg,jacupirangite,PPL,1,filtro-caption,"Titanoaugite and nepheline (colorless) crystals in a Jacupirangite. PPL image, 10x (Field of view = 2mm)"
raw_strekeisen\pluto\jacupirangite\jacupirangite_PPL_42900203.jpg,jacupirangite,PPL,0,vacia-ocr,"Titanoaugite, nepheline (colorless), biotite and magnetite crystals in a Jacupirangite. PPL image, 10x (Field of view = 2mm)"
raw_strekeisen\pluto\jacupirangite\jacupirangite_PPL_52334528.jpg,jacupirangite,PPL,1,filtro-caption,"Titanoaugite and nepheline (colorless) crystals in a Jacupirangite. PPL image, 10x (Field of view = 2mm)"
raw_strekeisen\pluto\jacupirangite\jacupirangite_PPL_59718321.jpg,jacupirangite,PPL,1,filtro-caption,"Titanoaugite, nepheline (colorless), biotite and magnetite crystals in a Jacupirangite. PPL image, 2x (Field of view = 7mm)"
raw_strekeisen\pluto\jacupirangite\jacupirangite_PPL_90297954.jpg,jacupirangite,PPL,0,vacia-ocr,"Titanoaugite, nepheline (colorless), biotite and magnetite crystals in a Jacupirangite. PPL image, 2x (Field of view = 7mm)"
raw_strekeisen\pluto\jacupirangite\jacupirangite_XPL_10849464.jpg,jacupirangite,XPL,2,filtro-caption,"Titanoaugite and nepheline (gray) crystals in a Jacupirangite. XPL image, 2x (Field of view = 7mm)"
raw_strekeisen\pluto\jacupirangite\jacupirangite_XPL_25012995.jpg,jacupirangite,XPL,2,filtro-caption,"Titanoaugite and nepheline (gray) crystals in a Jacupirangite. XPL image, 2x (Field of view = 7mm)"
raw_strekeisen\pluto\jacupirangite\jacupirangite_XPL_45355327.jpg,jacupirangite,XPL,0,vacia-ocr,"Titanoaugite and nepheline (gray) crystals in a Jacupirangite. XPL image, 2x (Field of view = 7mm)"
raw_strekeisen\pluto\jacupirangite\jacupirangite_XPL_70283871.jpg,jacupirangite,XPL,1,filtro-caption,"Titanoaugite and nepheline (gray) crystals in a Jacupirangite. XPL image, 2x (Field of view = 7mm)"
raw_strekeisen\pluto\jacupirangite\jacupirangite_XPL_71419192.jpg,jacupirangite,XPL,3,filtro-caption,"Titanoaugite crystals in a Jacupirangite. XPL image, 2x (Field of view = 7mm)"
raw_strekeisen\pluto\jacupirangite\jacupirangite_XPL_97671229.jpg,jacupirangite,XPL,2,filtro-caption,"Titanoaugite crystals in a Jacupirangite. XPL image, 2x (Field of view = 7mm)"
raw_strekeisen\meta\kelyphite\kelyphite_PPL_23534095.jpg,kelyphite,PPL,0,vacia-ocr,"Garnet crystals surrounded by kelyphite (orthopyroxene + clinopyroxene + spinel), in a matrix of fractured and partially serpentinized olivine. Garnet peridotite from Duria, Italian Alps. PPL image, 2x (Field of view = 7mm)"
raw_strekeisen\meta\kelyphite\kelyphite_PPL_26212577.jpg,kelyphite,PPL,0,vacia-ocr,"Garnet crystal surrounded by kelyphite (orthopyroxene + clinopyroxene + spinel), in a matrix of fractured and partially serpentinized olivine. Garnet peridotite from Duria, Italian Alps. PPL image, 2x (Field of view = 7mm)"
raw_strekeisen\meta\kelyphite\kelyphite_PPL_27631465.jpg,kelyphite,PPL,1,filtro-caption,"Garnet crystal surrounded by kelyphite (orthopyroxene + clinopyroxene + spinel), in a matrix of fractured and partially serpentinized olivine. Garnet peridotite from Duria, Italian Alps. PPL image, 2x (Field of view = 7mm)"
raw_strekeisen\meta\kelyphite\kelyphite_PPL_9041093.jpg,kelyphite,PPL,0,vacia-ocr,"Garnet crystal surrounded by kelyphite (orthopyroxene + clinopyroxene + spinel), in a matrix of fractured and partially serpentinized olivine. Garnet peridotite from Duria, Italian Alps. PPL image, 2x (Field of view = 7mm)"
raw_strekeisen\meta\kelyphite\kelyphite_PPL_94536015.jpg,kelyphite,PPL,0,vacia-ocr,"Garnet crystal surrounded by kelyphite (orthopyroxene + clinopyroxene + spinel), in a matrix of fractured and partially serpentinized olivine. Garnet peridotite from Duria, Italian Alps. PPL image, 2x (Field of view = 7mm)"
raw_strekeisen\meta\kelyphite\kelyphite_PPL_94621906.jpg,kelyphite,PPL,0,vacia-ocr,"Garnet crystals surrounded by kelyphite (orthopyroxene + clinopyroxene + spinel), in a matrix of fractured and partially serpentinized olivine. Garnet peridotite from Duria, Italian Alps. PPL image, 2x (Field of view = 7mm)"
raw_strekeisen\meta\kelyphite\kelyphite_XPL_12414535.jpg,kelyphite,XPL,0,vacia-ocr,"Garnet crystal (isotropic) surrounded by kelyphite (orthopyroxene + clinopyroxene + spinel), in a matrix of fractured and partially serpentinized olivine. Garnet peridotite from Duria, Italian Alps. XPL image, 2x (Field of view = 7mm)"
raw_strekeisen\meta\kelyphite\kelyphite_XPL_16332039.jpg,kelyphite,XPL,0,vacia-ocr,"Garnet crystals (isotropic) surrounded by kelyphite (orthopyroxene + clinopyroxene + spinel), in a matrix of fractured and partially serpentinized olivine. Garnet peridotite from Duria, Italian Alps. XPL image, 2x (Field of view = 7mm)"
raw_strekeisen\meta\kelyphite\kelyphite_XPL_22504583.jpg,kelyphite,XPL,0,vacia-ocr,"Garnet crystal (isotropic) surrounded by kelyphite (orthopyroxene + clinopyroxene + spinel), in a matrix of fractured and partially serpentinized olivine. Garnet peridotite from Duria, Italian Alps. XPL image, 2x (Field of view = 7mm)"
raw_strekeisen\meta\kelyphite\kelyphite_XPL_5873131.jpg,kelyphite,XPL,1,filtro-caption,"Garnet crystal (isotropic) surrounded by kelyphite (orthopyroxene + clinopyroxene + spinel), in a matrix of fractured and partially serpentinized olivine. Garnet peridotite from Duria, Italian Alps. XPL image, 2x (Field of view = 7mm)"
raw_strekeisen\meta\kelyphite\kelyphite_XPL_60629375.jpg,kelyphite,XPL,0,vacia-ocr,"Garnet crystal (isotropic) surrounded by a double corona: thin orthopyroxene corona developing between olivine and garnet (garnet + olivine → orthopyroxene + spinel + clinopyroxene) and fibrous kelyphite (orthopyroxene + clinopyroxene + spinel). Garnet peridotite from Duria, Italian Alps. XPL image, 10x (Field of view = 2mm)"
raw_strekeisen\meta\kelyphite\kelyphite_XPL_9322323.jpg,kelyphite,XPL,0,vacia-ocr,"Garnet crystals (isotropic) surrounded by kelyphite (orthopyroxene + clinopyroxene + spinel), in a matrix of fractured and partially serpentinized olivine. Garnet peridotite from Duria, Italian Alps. XPL image, 2x (Field of view = 7mm)"
raw_strekeisen\meta\kelyphite\kelyphite_XPL_97951199.jpg,kelyphite,XPL,1,filtro-caption,"Garnet crystal (isotropic) surrounded by a double corona: thin orthopyroxene corona developing between olivine and garnet (garnet + olivine → orthopyroxene + spinel + clinopyroxene) and fibrous kelyphite (orthopyroxene + clinopyroxene + spinel). Garnet peridotite from Duria, Italian Alps. XPL image, 10x (Field of view = 2mm)"
raw_strekeisen\pluto\kentallenite\kentallenite_PPL_23274985.jpg,kentallenite,PPL,0,vacia-ocr,"Olivine (high relief and fractured due to serpentinization), pyroxene (beige), phlogopite (brown) and feldspar (colorless) crystals in a kentallenite from Kentallen. PPL image, 10x (Field of view = 2mm)"
raw_strekeisen\pluto\kentallenite\kentallenite_PPL_27489138.jpg,kentallenite,PPL,0,vacia-ocr,"Olivine (high relief and fractured due to serpentinization), pyroxene (beige), phlogopite (brown) and feldspar (colorless) crystals in a kentallenite from Kentallen. PPL image, 2x (Field of view = 7mm)"
raw_strekeisen\pluto\kentallenite\kentallenite_PPL_30318657.jpg,kentallenite,PPL,1,filtro-caption,"Olivine (high relief and fractured due to serpentinization), pyroxene (beige), phlogopite (brown) and feldspar (colorless) crystals in a kentallenite from Kentallen. PPL image, 10x (Field of view = 2mm)"
raw_strekeisen\pluto\kentallenite\kentallenite_PPL_41803206.jpg,kentallenite,PPL,0,vacia-ocr,"Olivine (high relief and fractured due to serpentinization), pyroxene (beige), phlogopite (brown) and feldspar (colorless) crystals in a kentallenite from Kentallen. PPL image, 10x (Field of view = 2mm)"
raw_strekeisen\pluto\kentallenite\kentallenite_PPL_45740323.jpg,kentallenite,PPL,0,vacia-ocr,"Olivine (high relief and fractured due to serpentinization), pyroxene (beige), phlogopite (brown) and feldspar (colorless) crystals in a kentallenite from Kentallen. PPL image, 10x (Field of view = 2mm)"
raw_strekeisen\pluto\kentallenite\kentallenite_PPL_46643229.jpg,kentallenite,PPL,0,vacia-ocr,"Olivine (high relief and fractured due to serpentinization), pyroxene (beige), phlogopite (brown) and feldspar (colorless) crystals in a kentallenite from Kentallen. PPL image, 10x (Field of view = 2mm)"
raw_strekeisen\pluto\kentallenite\kentallenite_PPL_5324317.jpg,kentallenite,PPL,1,filtro-caption,"Olivine (high relief and fractured due to serpentinization), pyroxene (beige), phlogopite (brown) and feldspar (colorless) crystals in a kentallenite from Kentallen. PPL image, 10x (Field of view = 2mm)"
raw_strekeisen\pluto\kentallenite\kentallenite_PPL_56562480.jpg,kentallenite,PPL,0,vacia-ocr,"Olivine (high relief and fractured due to serpentinization), pyroxene (beige), phlogopite (brown) and feldspar (colorless) crystals in a kentallenite from Kentallen. PPL image, 10x (Field of view = 2mm)"
raw_strekeisen\pluto\kentallenite\kentallenite_PPL_56787653.jpg,kentallenite,PPL,2,filtro-caption,"Olivine (high relief and fractured due to serpentinization), pyroxene (beige), phlogopite (brown) and feldspar (colorless) crystals in a kentallenite from Kentallen. PPL image, 10x (Field of view = 2mm)"
raw_strekeisen\pluto\kentallenite\kentallenite_PPL_65763244.jpg,kentallenite,PPL,0,vacia-ocr,"Olivine (high relief and fractured due to serpentinization), pyroxene (beige), phlogopite (brown) and feldspar (colorless) crystals in a kentallenite from Kentallen. PPL image, 10x (Field of view = 2mm)"
raw_strekeisen\pluto\kentallenite\kentallenite_PPL_68448988.jpg,kentallenite,PPL,0,vacia-ocr,"Olivine (high relief and fractured due to serpentinization), pyroxene (beige), phlogopite (brown) and feldspar (colorless) crystals in a kentallenite from Kentallen. PPL image, 2x (Field of view = 7mm)"
raw_strekeisen\pluto\kentallenite\kentallenite_PPL_79671928.jpg,kentallenite,PPL,0,vacia-ocr,"Olivine (high relief and fractured due to serpentinization), pyroxene (beige), phlogopite (brown) and feldspar (colorless) crystals in a kentallenite from Kentallen. PPL image, 2x (Field of view = 7mm)"
raw_strekeisen\pluto\kentallenite\kentallenite_PPL_80428605.jpg,kentallenite,PPL,0,vacia-ocr,"Olivine (high relief and fractured due to serpentinization), pyroxene (beige), phlogopite (brown) and feldspar (colorless) crystals in a kentallenite from Kentallen. PPL image, 10x (Field of view = 2mm)"
raw_strekeisen\pluto\kentallenite\kentallenite_PPL_81603425.jpg,kentallenite,PPL,1,filtro-caption,"Olivine (high relief and fractured due to serpentinization), pyroxene (beige), phlogopite (brown) and feldspar (colorless) crystals in a kentallenite from Kentallen. PPL image, 10x (Field of view = 2mm)"
raw_strekeisen\pluto\kentallenite\kentallenite_PPL_85955684.jpg,kentallenite,PPL,1,filtro-caption,"Olivine (high relief and fractured due to serpentinization), pyroxene (beige), phlogopite (brown) and feldspar (colorless) crystals in a kentallenite from Kentallen. PPL image, 10x (Field of view = 2mm)"
raw_strekeisen\pluto\kentallenite\kentallenite_PPL_86686773.jpg,kentallenite,PPL,0,vacia-ocr,"Olivine (high relief and fractured due to serpentinization), pyroxene (beige), phlogopite (brown) and feldspar (colorless) crystals in a kentallenite from Kentallen. PPL image, 2x (Field of view = 7mm)"
raw_strekeisen\pluto\kentallenite\kentallenite_PPL_99159572.jpg,kentallenite,PPL,0,vacia-ocr,"Olivine (high relief and fractured due to serpentinization), pyroxene (beige), phlogopite (brown) and feldspar (colorless) crystals in a kentallenite from Kentallen. PPL image, 2x (Field of view = 7mm)"
raw_strekeisen\pluto\kentallenite\kentallenite_XPL_2321891.jpg,kentallenite,XPL,0,vacia-ocr,"Olivine (high relief and fractured due to serpentinization), pyroxene, phlogopite and feldspar crystals in a kentallenite from Kentallen. XPL image, 2x (Field of view = 7mm)"
raw_strekeisen\pluto\kentallenite\kentallenite_XPL_26603830.jpg,kentallenite,XPL,0,vacia-ocr,"Olivine (high relief and fractured due to serpentinization), pyroxene, phlogopite and feldspar crystals in a kentallenite from Kentallen. XPL image, 2x (Field of view = 7mm)"
raw_strekeisen\pluto\kentallenite\kentallenite_XPL_57771999.jpg,kentallenite,XPL,0,vacia-ocr,"Olivine (high relief and fractured due to serpentinization), pyroxene, phlogopite and feldspar crystals in a kentallenite from Kentallen. XPL image, 10x (Field of view = 2mm)"
raw_strekeisen\pluto\kentallenite\kentallenite_XPL_62516294.jpg,kentallenite,XPL,2,filtro-caption,"Olivine (high relief and fractured due to serpentinization), pyroxene, phlogopite and feldspar crystals in a kentallenite from Kentallen. XPL image, 2x (Field of view = 7mm)"
raw_strekeisen\pluto\kentallenite\kentallenite_XPL_63420354.jpg,kentallenite,XPL,0,vacia-ocr,"Olivine (high relief and fractured due to serpentinization), pyroxene, phlogopite and feldspar crystals in a kentallenite from Kentallen. XPL image, 10x (Field of view = 2mm)"
raw_strekeisen\pluto\kentallenite\kentallenite_XPL_85925422.jpg,kentallenite,XPL,0,vacia-ocr,"Olivine (high relief and fractured due to serpentinization), pyroxene, phlogopite and feldspar crystals in a kentallenite from Kentallen. XPL image, 2x (Field of view = 7mm)"
raw_strekeisen\pluto\kentallenite\kentallenite_XPL_92604130.jpg,kentallenite,XPL,1,filtro-caption,"Olivine (high relief and fractured due to serpentinization), pyroxene, phlogopite and feldspar crystals in a kentallenite from Kentallen. XPL image, 10x (Field of view = 2mm)"
raw_strekeisen\vulc\kersantite\kersantite_PPL_23838706.jpg,kersantite,PPL,0,vacia-ocr,"Altered plagioclase, phlogopite, pyroxene and magnetite crystals in a kersantite. PPL image, 2x (Field of view = 7mm)"
raw_strekeisen\vulc\kersantite\kersantite_PPL_77107388.jpg,kersantite,PPL,0,vacia-ocr,"Altered plagioclase, phlogopite, pyroxene and magnetite crystals in a kersantite. PPL image, 2x (Field of view = 7mm)"
raw_strekeisen\vulc\kimberlite2\kimberlite2_PPL_10958086.jpg,kimberlite2,PPL,0,vacia-ocr,"Rounded olivine (serpentinized) crystals, set in a groundmass rich in calcite and serpentine. Sturgeon Lake kimberlite. PPL image, 1x (Field of view = 2mm)"
raw_strekeisen\vulc\kimberlite2\kimberlite2_PPL_11773823.jpg,kimberlite2,PPL,0,vacia-ocr,"Rounded olivine (serpentinized) crystals, set in a groundmass rich in calcite and serpentine. Sturgeon Lake kimberlite. PPL image, 2x (Field of view = 7mm)"
raw_strekeisen\vulc\kimberlite2\kimberlite2_PPL_14770547.jpg,kimberlite2,PPL,0,vacia-ocr,"Rounded olivine (serpentinized) crystals, set in a groundmass rich in calcite and serpentine. Sturgeon Lake kimberlite. PPL image, 1x (Field of view = 2mm)"
raw_strekeisen\vulc\kimberlite2\kimberlite2_PPL_24461362.jpg,kimberlite2,PPL,0,vacia-ocr,"Rounded olivine (serpentinized) crystals, set in a groundmass rich in calcite and serpentine. Sturgeon Lake kimberlite. PPL image, 1x (Field of view = 2mm)"
raw_strekeisen\vulc\kimberlite2\kimberlite2_PPL_31066906.jpg,kimberlite2,PPL,0,vacia-ocr,"Rounded olivine (serpentinized) crystals, set in a groundmass rich in calcite and serpentine. Sturgeon Lake kimberlite. PPL image, 2x (Field of view = 7mm)"
raw_strekeisen\vulc\kimberlite2\kimberlite2_PPL_33240206.jpg,kimberlite2,PPL,0,vacia-ocr,"Rounded olivine (serpentinized) crystals, set in a groundmass rich in calcite and serpentine. Sturgeon Lake kimberlite. PPL image, 1x (Field of view = 2mm)"
raw_strekeisen\vulc\kimberlite2\kimberlite2_PPL_3649997.jpg,kimberlite2,PPL,0,vacia-ocr,"Rounded olivine (serpentinized) crystals and sedimentary xenolith, set in a groundmass rich in calcite and serpentine. Sturgeon Lake kimberlite. PPL image, 1x (Field of view = 2mm)"
raw_strekeisen\vulc\kimberlite2\kimberlite2_PPL_62727643.jpg,kimberlite2,PPL,0,vacia-ocr,"Rounded olivine (serpentinized) crystals, set in a groundmass rich in calcite and serpentine. Sturgeon Lake kimberlite. PPL image, 1x (Field of view = 2mm)"
raw_strekeisen\vulc\kimberlite2\kimberlite2_PPL_66548093.jpg,kimberlite2,PPL,0,vacia-ocr,"Rounded olivine (serpentinized) crystals, set in a groundmass rich in calcite and serpentine. Sturgeon Lake kimberlite. PPL image, 2x (Field of view = 7mm)"
raw_strekeisen\vulc\kimberlite2\kimberlite2_PPL_72650394.jpg,kimberlite2,PPL,0,vacia-ocr,"Rounded olivine (serpentinized) crystals, set in a groundmass rich in calcite and serpentine. Sturgeon Lake kimberlite. PPL image, 1x (Field of view = 2mm)"
raw_strekeisen\vulc\kimberlite2\kimberlite2_PPL_72848342.jpg,kimberlite2,PPL,0,vacia-ocr,"Rounded olivine (serpentinized) crystals, set in a groundmass rich in calcite and serpentine. Sturgeon Lake kimberlite. PPL image, 1x (Field of view = 2mm)"
raw_strekeisen\vulc\kimberlite2\kimberlite2_PPL_80533411.jpg,kimberlite2,PPL,0,vacia-ocr,"Rounded olivine (serpentinized) crystals, set in a groundmass rich in calcite and serpentine. Sturgeon Lake kimberlite. PPL image, 1x (Field of view = 2mm)"
raw_strekeisen\vulc\kimberlite2\kimberlite2_PPL_81749558.jpg,kimberlite2,PPL,0,vacia-ocr,"Rounded olivine (serpentinized) crystals, set in a groundmass rich in calcite and serpentine. Sturgeon Lake kimberlite. PPL image, 2x (Field of view = 7mm)"
raw_strekeisen\vulc\kimberlite2\kimberlite2_PPL_91375592.jpg,kimberlite2,PPL,0,vacia-ocr,"Rounded olivine (serpentinized) crystals, set in a groundmass rich in calcite and serpentine. Sturgeon Lake kimberlite. PPL image, 2x (Field of view = 7mm)"
raw_strekeisen\vulc\kimberlite2\kimberlite2_PPL_91381286.jpg,kimberlite2,PPL,0,vacia-ocr,"Rounded olivine (serpentinized) crystals, set in a groundmass rich in calcite and serpentine. Sturgeon Lake kimberlite. PPL image, 1x (Field of view = 2mm)"
raw_strekeisen\vulc\kimberlite2\kimberlite2_PPL_93488670.jpg,kimberlite2,PPL,0,vacia-ocr,"Rounded olivine (serpentinized) crystals, set in a groundmass rich in calcite and serpentine. Sturgeon Lake kimberlite. PPL image, 2x (Field of view = 7mm)"
raw_strekeisen\vulc\kimberlite2\kimberlite2_PPL_94015416.jpg,kimberlite2,PPL,0,vacia-ocr,"Rounded olivine (serpentinized) crystals, set in a groundmass rich in calcite and serpentine. Sturgeon Lake kimberlite. PPL image, 1x (Field of view = 2mm)"
raw_strekeisen\vulc\kimberlite2\kimberlite2_XPL_10768915.jpg,kimberlite2,XPL,0,vacia-ocr,"Rounded olivine (serpentinized) crystals, set in a groundmass rich in calcite and serpentine. Sturgeon Lake kimberlite. XPL image, 2x (Field of view = 7mm)"
raw_strekeisen\vulc\kimberlite2\kimberlite2_XPL_33985887.jpg,kimberlite2,XPL,0,vacia-ocr,"Rounded olivine (serpentinized) crystals, set in a groundmass rich in calcite and serpentine. Sturgeon Lake kimberlite. XPL image, 2x (Field of view = 7mm)"
raw_strekeisen\vulc\kimberlite2\kimberlite2_XPL_43295528.jpg,kimberlite2,XPL,0,vacia-ocr,"Rounded olivine (serpentinized) crystals, set in a groundmass rich in calcite and serpentine. Sturgeon Lake kimberlite. XPL image, 1x (Field of view = 2mm)"
raw_strekeisen\vulc\kimberlite2\kimberlite2_XPL_56095230.jpg,kimberlite2,XPL,0,vacia-ocr,"Rounded olivine (serpentinized) crystals, set in a groundmass rich in calcite and serpentine. Sturgeon Lake kimberlite. XPL image, 2x (Field of view = 7mm)"
raw_strekeisen\vulc\kimberlite2\kimberlite2_XPL_60487202.jpg,kimberlite2,XPL,0,vacia-ocr,"Rounded olivine (serpentinized) crystals, set in a groundmass rich in calcite and serpentine. Sturgeon Lake kimberlite. XPL image, 2x (Field of view = 7mm)"
raw_strekeisen\vulc\kimberlite2\kimberlite2_XPL_60621410.jpg,kimberlite2,XPL,0,vacia-ocr,"Rounded olivine (serpentinized) crystals, set in a groundmass rich in calcite and serpentine. Sturgeon Lake kimberlite. XPL image, 1x (Field of view = 2mm)"
raw_strekeisen\vulc\kimberlite2\kimberlite2_XPL_61840996.jpg,kimberlite2,XPL,1,filtro-caption,"Rounded olivine (serpentinized) crystals, set in a groundmass rich in calcite and serpentine. Sturgeon Lake kimberlite. XPL image, 2x (Field of view = 7mm)"
raw_strekeisen\vulc\kimberlite2\kimberlite2_XPL_70612787.jpg,kimberlite2,XPL,0,vacia-ocr,"Rounded olivine (serpentinized) crystals, set in a groundmass rich in calcite and serpentine. Sturgeon Lake kimberlite. XPL image, 1x (Field of view = 2mm)"
raw_strekeisen\vulc\kimberlite2\kimberlite2_XPL_77241669.jpg,kimberlite2,XPL,0,vacia-ocr,"Rounded olivine (serpentinized) crystals, set in a groundmass rich in calcite and serpentine. Sturgeon Lake kimberlite. XPL image, 2x (Field of view = 7mm)"
raw_strekeisen\vulc\kimberlite2\kimberlite2_XPL_78842883.jpg,kimberlite2,XPL,0,vacia-ocr,"Rounded olivine (serpentinized) crystals, set in a groundmass rich in calcite and serpentine. Sturgeon Lake kimberlite. XPL image, 1x (Field of view = 2mm)"
raw_strekeisen\vulc\kimberlite2\kimberlite2_XPL_79122039.jpg,kimberlite2,XPL,1,filtro-caption,"Rounded olivine (serpentinized) crystals and sedimentary xenolith, set in a groundmass rich in calcite and serpentine. Sturgeon Lake kimberlite. XPL image, 1x (Field of view = 2mm)"
raw_strekeisen\vulc\kimberlite2\kimberlite2_XPL_79347604.jpg,kimberlite2,XPL,2,filtro-caption,"Rounded olivine (serpentinized) crystals, set in a groundmass rich in calcite and serpentine. Sturgeon Lake kimberlite. XPL image, 1x (Field of view = 2mm)"
raw_strekeisen\vulc\kimberlite2\kimberlite2_XPL_84093698.jpg,kimberlite2,XPL,0,vacia-ocr,"Rounded olivine (serpentinized) crystals, set in a groundmass rich in calcite and serpentine. Sturgeon Lake kimberlite. XPL image, 1x (Field of view = 2mm)"
raw_strekeisen\vulc\kimberlite2\kimberlite2_XPL_89710598.jpg,kimberlite2,XPL,0,vacia-ocr,"Rounded olivine (serpentinized) crystals, set in a groundmass rich in calcite and serpentine. Sturgeon Lake kimberlite. XPL image, 2x (Field of view = 7mm)"
raw_strekeisen\vulc\kimberlite2\kimberlite2_XPL_951712.jpg,kimberlite2,XPL,0,vacia-ocr,"Rounded olivine (serpentinized) crystals, set in a groundmass rich in calcite and serpentine. Sturgeon Lake kimberlite. XPL image, 1x (Field of view = 2mm)"
raw_strekeisen\pluto\lakarpite\lakarpite_XPL_26559409.jpg,lakarpite,XPL,0,vacia-ocr,"Arfvedsonite, feldspar and nepheline (gray), fluorite (isotropic). In the right corner there is a fibrous rosenbuschite crystal (yellow). Lakarpite from Norra Kärr alkaline complex, Sweden. XPL image, 1x (Field of view = 9mm)"
raw_strekeisen\pluto\larvikite\larvikite_PPL_2316450.jpg,larvikite,PPL,1,filtro-caption,"Ternary feldspar crystals (colorless), augite (light brown, with apatite inclusions), biotite (red) and magnetite (black). PPL image , 2x (Field of view = 7mm)"
raw_strekeisen\pluto\larvikite\larvikite_PPL_51790431.jpg,larvikite,PPL,1,filtro-caption,"Ternary feldspar crystals (colorless), augite (light brown, with apatite inclusions), biotite (red) and magnetite (black). PPL image , 2x (Field of view = 7mm)"
raw_strekeisen\pluto\larvikite\larvikite_PPL_60327288.jpg,larvikite,PPL,1,filtro-caption,"Ternary feldspar crystals (colorless), augite (light brown, with apatite inclusions), biotite (red) and magnetite (black). PPL image , 2x (Field of view = 7mm)"
raw_strekeisen\pluto\larvikite\larvikite_PPL_74077169.jpg,larvikite,PPL,2,filtro-caption,"Ternary feldspar crystals (colorless), augite (light brown), biotite (red) and magnetite (black). PPL image , 2x (Field of view = 7mm)"
raw_strekeisen\pluto\larvikite\larvikite_XPL_22472330.jpg,larvikite,XPL,2,filtro-caption,"Ternary feldspar crystals (grey birefringence), augite (high birefringence), biotite (red) and magnetite. XPL image , 2x (Field of view = 7mm)"
raw_strekeisen\pluto\larvikite\larvikite_XPL_32015473.jpg,larvikite,XPL,1,filtro-caption,"Ternary feldspar crystals (grey birefringence), augite (high birefringence), biotite (red) and magnetite. XPL image , 2x (Field of view = 7mm)"
raw_strekeisen\pluto\larvikite\larvikite_XPL_7082189.jpg,larvikite,XPL,1,filtro-caption,"Ternary feldspar crystals (grey birefringence), augite (high birefringence), biotite (red) and magnetite. XPL image , 2x (Field of view = 7mm)"
raw_strekeisen\vulc\latite\latite_PPL_25515208.jpg,latite,PPL,0,vacia-ocr,"Sanidine, plagioclase, pyroxene (green) and altered olivine crystals in a Latite from Bolsena lake (Latium, Italy). PPL image, 2x (Field of view = 7mm)"
raw_strekeisen\vulc\latite\latite_PPL_25936986.jpg,latite,PPL,0,vacia-ocr,"Sanidine, plagioclase and altered olivine crystals in a Latite from Bolsena lake (Latium, Italy). PPL image, 2x (Field of view = 7mm)"
raw_strekeisen\vulc\latite\latite_PPL_44271491.jpg,latite,PPL,0,vacia-ocr,"Biotite, plagioclase and pyroxene + plagioclase cluster in a Latite from Bolsena lake (Latium, Italy). PPL image, 2x (Field of view = 7mm)"
raw_strekeisen\vulc\latite\latite_XPL_75676339.jpg,latite,XPL,0,vacia-ocr,"Biotite, plagioclase and pyroxene + plagioclase cluster in a Latite from Bolsena lake (Latium, Italy). XPL image, 2x (Field of view = 7mm)"
raw_strekeisen\vulc\leucitite\leucitite_XPL_40547564.jpg,leucitite,XPL,0,vacia-ocr,"Leucite, Clinopyroxene, magnetite crystals and secondary interstitial calcite. XPL image, 10x (Field of view = 2mm)"
raw_strekeisen\vulc\leucitite\leucitite_XPL_65317347.jpg,leucitite,XPL,0,vacia-ocr,"Leucite, Clinopyroxene, magnetite crystals and secondary interstitial calcite. XPL image, 10x (Field of view = 2mm)"
raw_strekeisen\pluto\lherzoliteserpentinized\lherzoliteserpentinized_PPL_2469381.jpg,lherzoliteserpentinized,PPL,0,vacia-ocr,"Olivine and pyroxene (pale brown) crystals. Olivine crystals are rimmed by serpentine + magnetite (dark) veins. PPL image, 2x (Field of view = 7mm)"
raw_strekeisen\pluto\lherzoliteserpentinized\lherzoliteserpentinized_PPL_25016736.jpg,lherzoliteserpentinized,PPL,1,filtro-caption,"Olivine and pyroxene (pale brown) crystals. Olivine crystals are rimmed by serpentine + magnetite (dark) veins. PPL image, 2x (Field of view = 7mm)"
raw_strekeisen\pluto\lherzoliteserpentinized\lherzoliteserpentinized_PPL_55995536.jpg,lherzoliteserpentinized,PPL,0,vacia-ocr,"Olivine and pyroxene (pale brown) crystals. Olivine crystals are rimmed by serpentine + magnetite (dark) veins. PPL image, 2x (Field of view = 7mm)"
raw_strekeisen\pluto\lherzoliteserpentinized\lherzoliteserpentinized_PPL_68273298.jpg,lherzoliteserpentinized,PPL,0,vacia-ocr,"Garnet with kelifitic rims (made by fibrous  minerals). PPL image, 2x (Field of view = 7mm)"
raw_strekeisen\pluto\lherzoliteserpentinized\lherzoliteserpentinized_PPL_68983915.jpg,lherzoliteserpentinized,PPL,0,vacia-ocr,"Olivine and pyroxene (pale brown) crystals. Olivine crystals are rimmed by serpentine + magnetite (dark) veins. PPL image, 2x (Field of view = 7mm)"
raw_strekeisen\pluto\lherzoliteserpentinized\lherzoliteserpentinized_PPL_74240269.jpg,lherzoliteserpentinized,PPL,0,vacia-ocr,"Garnet with kelifitic rims (made by fibrous  minerals). PPL image, 2x (Field of view = 7mm)"
raw_strekeisen\pluto\lherzoliteserpentinized\lherzoliteserpentinized_PPL_79914789.jpg,lherzoliteserpentinized,PPL,0,vacia-ocr,"Olivine and pyroxene (pale brown) crystals. Olivine crystals are rimmed by serpentine + magnetite (dark) veins. PPL image, 2x (Field of view = 7mm)"
raw_strekeisen\pluto\lherzoliteserpentinized\lherzoliteserpentinized_PPL_85488131.jpg,lherzoliteserpentinized,PPL,0,vacia-ocr,"Garnet with kelifitic rims (made by fibrous  minerals). PPL image, 2x (Field of view = 7mm)"
raw_strekeisen\pluto\lherzoliteserpentinized\lherzoliteserpentinized_XPL_1678531.jpg,lherzoliteserpentinized,XPL,0,vacia-ocr,"Mesh texture: olivine remnant ""islands"" rimmed by serpentine + magnetite veins. XPL image, 10x (Field of view = 2mm)"
raw_strekeisen\pluto\lherzoliteserpentinized\lherzoliteserpentinized_XPL_28493467.jpg,lherzoliteserpentinized,XPL,1,filtro-caption,"Mesh texture: olivine remnant ""islands"" rimmed by serpentine + magnetite veins. XPL image, 10x (Field of view = 2mm)"
raw_strekeisen\pluto\lherzoliteserpentinized\lherzoliteserpentinized_XPL_34232493.jpg,lherzoliteserpentinized,XPL,0,vacia-ocr,"Olivine and pyroxene (low interference colors) crystals. Olivine crystals are rimmed by serpentine + magnetite (dark) veins. XPL image, 2x (Field of view = 7mm)"
raw_strekeisen\pluto\lherzoliteserpentinized\lherzoliteserpentinized_XPL_50403308.jpg,lherzoliteserpentinized,XPL,0,vacia-ocr,"Mesh texture: olivine remnant ""islands"" rimmed by serpentine + magnetite veins. XPL image, 10x (Field of view = 2mm)"
raw_strekeisen\pluto\lherzoliteserpentinized\lherzoliteserpentinized_XPL_58609550.jpg,lherzoliteserpentinized,XPL,0,vacia-ocr,"Olivine and pyroxene (low interference colors) crystals. Olivine crystals are rimmed by serpentine + magnetite (dark) veins. XPL image, 2x (Field of view = 7mm)"
raw_strekeisen\pluto\lherzoliteserpentinized\lherzoliteserpentinized_XPL_61892933.jpg,lherzoliteserpentinized,XPL,0,vacia-ocr,"Garnet (isotropic) with kelifitic rims (made by fibrous minerals). XPL image, 2x (Field of view = 7mm)"
raw_strekeisen\pluto\lherzoliteserpentinized\lherzoliteserpentinized_XPL_66957361.jpg,lherzoliteserpentinized,XPL,1,filtro-caption,"Olivine and pyroxene (low interference colors) crystals. Olivine crystals are rimmed by serpentine + magnetite (dark) veins. XPL image, 2x (Field of view = 7mm)"
raw_strekeisen\pluto\lherzoliteserpentinized\lherzoliteserpentinized_XPL_90405230.jpg,lherzoliteserpentinized,XPL,0,vacia-ocr,"Olivine and pyroxene (low interference colors) crystals. Olivine crystals are rimmed by serpentine + magnetite (dark) veins. XPL image, 2x (Field of view = 7mm)"
raw_strekeisen\pluto\lujavrite\lujavrite_XPL_47448516.jpg,lujavrite,XPL,1,filtro-caption,"Sodalite crystal (isotropic), rosenbuschite, arfvedsonite, naujakasite (square/rectangular crystals, with I order gray colors) and alkali feldspar crystals (I order gray) in a Lujavrite. Ilímaussaq, Greenland. XPL image, 2x (Field of view = 7mm)"
raw_strekeisen\pluto\lujavrite\lujavrite_XPL_6305534.jpg,lujavrite,XPL,0,vacia-ocr,"Sodalite crystal (isotropic), rosenbuschite, arfvedsonite and alkali feldspar crystals (I order gray) in a Lujavrite. Ilímaussaq, Greenland. XPL image, 2x (Field of view = 7mm)"
raw_strekeisen\meta\maficgranulite\maficgranulite_PPL_74448874.jpg,maficgranulite,PPL,2,filtro-caption,"Clinopyroxene (green), orthopyroxene (pink) and plagioclase (colorless). Hartmannsdorf (Germany). PPL image, 2x (Field of view = 7mm)"
raw_strekeisen\meta\maficgranulite\maficgranulite_XPL_1621428.jpg,maficgranulite,XPL,0,vacia-ocr,"Plagioclase (I order gray) pyroxene and hornblende crystals. Ivrea Verbano, Italy. XPL image, 2x (Field of view = 7mm)"
raw_strekeisen\meta\maficgranulite\maficgranulite_XPL_6134886.jpg,maficgranulite,XPL,0,vacia-ocr,"Clinopyroxene, orthopyroxene, Garnet (labeled as Grt) and plagioclase. Hartmannsdorf (Germany). XPL image, 2x (Field of view = 7mm)"
raw_strekeisen\meta\maficgranulite\maficgranulite_XPL_77288349.jpg,maficgranulite,XPL,1,filtro-caption,"Clinopyroxene, orthopyroxene and plagioclase. Hartmannsdorf (Germany). XPL image, 2x (Field of view = 7mm)"
raw_strekeisen\pluto\mattoni\mattoni_PPL_14041832.jpg,mattoni,PPL,0,vacia-ocr,"Zoned hornblende crystals rich in inclusions of olivine (colorless, rounded crystals) in a hornblendite from Monte Mattoni, Adamello, Italy. PPL image, 10x (Field of view = 2mm)/td>"
raw_strekeisen\pluto\mattoni\mattoni_PPL_23823951.jpg,mattoni,PPL,1,filtro-caption,"Zoned hornblende crystals rich in inclusions of olivine (colorless, rounded crystals) in a hornblendite from Monte Mattoni, Adamello, Italy. PPL image, 1x (Field of view = 9mm)/td>"
raw_strekeisen\pluto\mattoni\mattoni_PPL_24561551.jpg,mattoni,PPL,1,filtro-caption,"Zoned hornblende crystals rich in inclusions of olivine (colorless, rounded crystals) in a hornblendite from Monte Mattoni, Adamello, Italy. PPL image, 10x (Field of view = 2mm)/td>"
raw_strekeisen\pluto\mattoni\mattoni_PPL_26519591.jpg,mattoni,PPL,1,filtro-caption,"Zoned hornblende crystals rich in inclusions of olivine (colorless, rounded crystals) in a hornblendite from Monte Mattoni, Adamello, Italy. PPL image, 1x (Field of view = 9mm)/td>"
raw_strekeisen\pluto\mattoni\mattoni_PPL_30712232.jpg,mattoni,PPL,0,vacia-ocr,"Zoned hornblende crystals rich in inclusions of olivine (colorless, rounded crystals) in a hornblendite from Monte Mattoni, Adamello, Italy. PPL image, 2x (Field of view = 7mm)/td>"
raw_strekeisen\pluto\mattoni\mattoni_PPL_31393861.jpg,mattoni,PPL,0,vacia-ocr,"Zoned hornblende crystals rich in inclusions of olivine (colorless, rounded crystals) in a hornblendite from Monte Mattoni, Adamello, Italy. PPL image, 2x (Field of view = 7mm)/td>"
raw_strekeisen\pluto\mattoni\mattoni_PPL_33792335.jpg,mattoni,PPL,0,vacia-ocr,"Zoned hornblende crystals rich in inclusions of olivine (colorless, rounded crystals) in a hornblendite from Monte Mattoni, Adamello, Italy. PPL image, 10x (Field of view = 2mm)/td>"
raw_strekeisen\pluto\mattoni\mattoni_PPL_3951523.jpg,mattoni,PPL,0,vacia-ocr,"Zoned hornblende crystals rich in inclusions of olivine (colorless, rounded crystals) in a hornblendite from Monte Mattoni, Adamello, Italy. PPL image, 10x (Field of view = 2mm)/td>"
raw_strekeisen\pluto\mattoni\mattoni_PPL_49028795.jpg,mattoni,PPL,0,vacia-ocr,"Zoned hornblende crystals rich in inclusions of olivine (colorless, rounded crystals) in a hornblendite from Monte Mattoni, Adamello, Italy. PPL image, 1x (Field of view = 9mm)/td>"
raw_strekeisen\pluto\mattoni\mattoni_PPL_51524723.jpg,mattoni,PPL,0,vacia-ocr,"Zoned hornblende crystals rich in inclusions of olivine (colorless, rounded crystals) in a hornblendite from Monte Mattoni, Adamello, Italy. PPL image, 1x (Field of view = 9mm)/td>"
raw_strekeisen\pluto\mattoni\mattoni_PPL_54548309.jpg,mattoni,PPL,0,vacia-ocr,"Zoned hornblende crystal rich in inclusions of olivine (colorless, rounded crystals); Note how abundance of inclusions decreases from the brown cores to the green rims. Hornblendite from Monte Mattoni, Adamello, Italy. PPL image, 2x (Field of view = 7mm)/td>"
raw_strekeisen\pluto\mattoni\mattoni_PPL_61133893.jpg,mattoni,PPL,0,vacia-ocr,"Zoned hornblende crystals rich in inclusions of olivine (colorless, rounded crystals) in a hornblendite from Monte Mattoni, Adamello, Italy. PPL image, 2x (Field of view = 7mm)/td>"
raw_strekeisen\pluto\mattoni\mattoni_PPL_62981279.jpg,mattoni,PPL,1,filtro-caption,"Zoned hornblende crystals rich in inclusions of olivine (colorless, rounded crystals) in a hornblendite from Monte Mattoni, Adamello, Italy. PPL image, 2x (Field of view = 7mm)/td>"
raw_strekeisen\pluto\mattoni\mattoni_PPL_68185583.jpg,mattoni,PPL,1,filtro-caption,"Zoned hornblende crystals rich in inclusions of olivine (colorless, rounded crystals) in a hornblendite from Monte Mattoni, Adamello, Italy. PPL image, 1x (Field of view = 9mm)/td>"
raw_strekeisen\pluto\mattoni\mattoni_PPL_69932119.jpg,mattoni,PPL,0,vacia-ocr,"Zoned hornblende crystals rich in inclusions of olivine (colorless, rounded crystals) in a hornblendite from Monte Mattoni, Adamello, Italy. PPL image, 1x (Field of view = 9mm)/td>"
raw_strekeisen\pluto\mattoni\mattoni_PPL_76887714.jpg,mattoni,PPL,0,vacia-ocr,"Zoned hornblende crystals rich in inclusions of olivine (colorless, rounded crystals) in a hornblendite from Monte Mattoni, Adamello, Italy. PPL image, 2x (Field of view = 7mm)/td>"
raw_strekeisen\pluto\mattoni\mattoni_PPL_80207600.jpg,mattoni,PPL,0,vacia-ocr,"Zoned hornblende crystals rich in inclusions of olivine (colorless, rounded crystals) in a hornblendite from Monte Mattoni, Adamello, Italy. PPL image, 10x (Field of view = 2mm)/td>"
raw_strekeisen\pluto\mattoni\mattoni_PPL_836707.jpg,mattoni,PPL,1,filtro-caption,"Zoned hornblende crystals rich in inclusions of olivine (colorless, rounded crystals) in a hornblendite from Monte Mattoni, Adamello, Italy. PPL image, 2x (Field of view = 7mm)/td>"
raw_strekeisen\pluto\mattoni\mattoni_PPL_87032895.jpg,mattoni,PPL,0,vacia-ocr,"Zoned hornblende crystals rich in inclusions of olivine (colorless, rounded crystals) in a hornblendite from Monte Mattoni, Adamello, Italy. PPL image, 1x (Field of view = 9mm)/td>"
raw_strekeisen\pluto\mattoni\mattoni_PPL_87150072.jpg,mattoni,PPL,0,vacia-ocr,"Zoned hornblende crystals rich in inclusions of olivine (colorless, rounded crystals) in a hornblendite from Monte Mattoni, Adamello, Italy. PPL image, 1x (Field of view = 9mm)/td>"
raw_strekeisen\pluto\mattoni\mattoni_PPL_93825771.jpg,mattoni,PPL,0,vacia-ocr,"Zoned hornblende crystals rich in inclusions of olivine (colorless, rounded crystals) in a hornblendite from Monte Mattoni, Adamello, Italy. PPL image, 1x (Field of view = 9mm)/td>"
raw_strekeisen\pluto\mattoni\mattoni_PPL_94070003.jpg,mattoni,PPL,1,filtro-caption,"Zoned hornblende crystals rich in inclusions of olivine (colorless, rounded crystals) in a hornblendite from Monte Mattoni, Adamello, Italy. PPL image, 2x (Field of view = 7mm)/td>"
raw_strekeisen\pluto\mattoni\mattoni_PPL_96897448.jpg,mattoni,PPL,0,vacia-ocr,"Zoned hornblende crystals rich in inclusions of olivine (colorless, rounded crystals) in a hornblendite from Monte Mattoni, Adamello, Italy. PPL image, 1x (Field of view = 9mm)/td>"
raw_strekeisen\pluto\mattoni\mattoni_XPL_19072165.jpg,mattoni,XPL,2,filtro-caption,"Hornblende crystals rich in inclusions of olivine (rounded crystals with high interference colors) in a hornblendite from Monte Mattoni, Adamello, Italy. XPL image, 2x (Field of view = 7mm)/td>"
raw_strekeisen\pluto\mattoni\mattoni_XPL_21128666.jpg,mattoni,XPL,0,vacia-ocr,"Hornblende crystals rich in inclusions of olivine (rounded crystals with high interference colors) in a hornblendite from Monte Mattoni, Adamello, Italy. XPL image, 2x (Field of view = 7mm)/td>"
raw_strekeisen\pluto\mattoni\mattoni_XPL_5217138.jpg,mattoni,XPL,0,vacia-ocr,"Hornblende crystals rich in inclusions of olivine (rounded crystals with high interference colors) in a hornblendite from Monte Mattoni, Adamello, Italy. XPL image, 1x (Field of view = 9mm)/td>"
raw_strekeisen\pluto\mattoni\mattoni_XPL_61247334.jpg,mattoni,XPL,1,filtro-caption,"Hornblende crystals rich in inclusions of olivine (rounded crystals with high interference colors) in a hornblendite from Monte Mattoni, Adamello, Italy. XPL image, 10x (Field of view = 2mm)/td>"
raw_strekeisen\pluto\mattoni\mattoni_XPL_6218663.jpg,mattoni,XPL,1,filtro-caption,"Hornblende crystals rich in inclusions of olivine (rounded crystals with high interference colors) in a hornblendite from Monte Mattoni, Adamello, Italy. XPL image, 10x (Field of view = 2mm)/td>"
raw_strekeisen\pluto\mattoni\mattoni_XPL_62570659.jpg,mattoni,XPL,2,filtro-caption,"Hornblende crystals rich in inclusions of olivine (rounded crystals with high interference colors) in a hornblendite from Monte Mattoni, Adamello, Italy. XPL image, 1x (Field of view = 9mm)/td>"
raw_strekeisen\pluto\mattoni\mattoni_XPL_65235402.jpg,mattoni,XPL,0,vacia-ocr,"Hornblende crystals rich in inclusions of olivine (rounded crystals with high interference colors) in a hornblendite from Monte Mattoni, Adamello, Italy. XPL image, 2x (Field of view = 7mm)/td>"
raw_strekeisen\pluto\mattoni\mattoni_XPL_70313329.jpg,mattoni,XPL,0,vacia-ocr,"Hornblende crystals rich in inclusions of olivine (rounded crystals with high interference colors) in a hornblendite from Monte Mattoni, Adamello, Italy. XPL image, 10x (Field of view = 2mm)/td>"
raw_strekeisen\pluto\mattoni\mattoni_XPL_72786734.jpg,mattoni,XPL,1,filtro-caption,"Hornblende crystals rich in inclusions of olivine (rounded crystals with high interference colors) in a hornblendite from Monte Mattoni, Adamello, Italy. XPL image, 2x (Field of view = 7mm)/td>"
raw_strekeisen\pluto\mattoni\mattoni_XPL_76388641.jpg,mattoni,XPL,0,vacia-ocr,"Hornblende crystals rich in inclusions of olivine (rounded crystals with high interference colors) in a hornblendite from Monte Mattoni, Adamello, Italy. XPL image, 1x (Field of view = 9mm)/td>"
raw_strekeisen\pluto\mattoni\mattoni_XPL_87282088.jpg,mattoni,XPL,1,filtro-caption,"Hornblende crystals rich in inclusions of olivine (rounded crystals with high interference colors) in a hornblendite from Monte Mattoni, Adamello, Italy. XPL image, 2x (Field of view = 7mm)/td>"
raw_strekeisen\pluto\mattonigabbro\mattonigabbro_PPL_12114394.jpg,mattonigabbro,PPL,0,vacia-ocr,"Big hornblende crystals (green and rich in inclusions) in a fine-grained matrix. Hornblende gabbro from Monte Mattoni, Adamello, Italy. PPL image, 1x (Field of view = 9mm)/td>"
raw_strekeisen\pluto\mattonigabbro\mattonigabbro_PPL_18074384.jpg,mattonigabbro,PPL,2,filtro-caption,"Big hornblende crystals (green and rich in inclusions) in a fine-grained matrix. Hornblende gabbro from Monte Mattoni, Adamello, Italy. PPL image, 1x (Field of view = 9mm)/td>"
raw_strekeisen\pluto\mattonigabbro\mattonigabbro_PPL_19860405.jpg,mattonigabbro,PPL,0,vacia-ocr,"Big hornblende crystals (green and rich in inclusions) in a fine-grained matrix. Hornblende gabbro from Monte Mattoni, Adamello, Italy. PPL image, 1x (Field of view = 9mm)/td>"
raw_strekeisen\pluto\mattonigabbro\mattonigabbro_PPL_38800057.jpg,mattonigabbro,PPL,0,vacia-ocr,"Big hornblende crystals (green and rich in inclusions) in a fine-grained matrix. Hornblende gabbro from Monte Mattoni, Adamello, Italy. PPL image, 1x (Field of view = 9mm)/td>"
raw_strekeisen\pluto\mattonigabbro\mattonigabbro_PPL_71916784.jpg,mattonigabbro,PPL,0,vacia-ocr,"Big hornblende crystals (green and rich in inclusions) in a fine-grained matrix. Hornblende gabbro from Monte Mattoni, Adamello, Italy. PPL image, 1x (Field of view = 9mm)/td>"
raw_strekeisen\pluto\mattonigabbro\mattonigabbro_XPL_20126436.jpg,mattonigabbro,XPL,2,filtro-caption,"Big hornblende crystals (rich in inclusions) in a fine-grained matrix. Hornblende gabbro from Monte Mattoni, Adamello, Italy. XPL image, 1x (Field of view = 9mm)/td>"
raw_strekeisen\pluto\mattonigabbro\mattonigabbro_XPL_53536569.jpg,mattonigabbro,XPL,1,filtro-caption,"Big hornblende crystals (rich in inclusions) in a fine-grained matrix. Hornblende gabbro from Monte Mattoni, Adamello, Italy. XPL image, 1x (Field of view = 9mm)/td>"
raw_strekeisen\pluto\mattonigabbro\mattonigabbro_XPL_5581048.jpg,mattonigabbro,XPL,0,vacia-ocr,"Big hornblende crystals (rich in inclusions) in a fine-grained matrix. Hornblende gabbro from Monte Mattoni, Adamello, Italy. XPL image, 1x (Field of view = 9mm)/td>"
raw_strekeisen\pluto\melteigite\melteigite_PPL_13435204.jpg,melteigite,PPL,0,vacia-ocr,"Nepheline (clear), sodalite (dusty due to alteration), aegirine (green) and small, brown perovskite crystals in a melteigite from Alnö complex, Sweden. PPL image, 10x (Field of view = 2mm)"
raw_strekeisen\pluto\melteigite\melteigite_PPL_21874381.jpg,melteigite,PPL,0,vacia-ocr,"Nepheline (clear), sodalite (dusty due to alteration), aegirine (green) and small, brown perovskite crystals in a melteigite from Alnö complex, Sweden. PPL image, 2x (Field of view = 7mm)"
raw_strekeisen\pluto\melteigite\melteigite_PPL_25222286.jpg,melteigite,PPL,0,vacia-ocr,"Nepheline (clear), sodalite (dusty due to alteration), aegirine (green) and small, brown perovskite crystals in a melteigite from Alnö complex, Sweden. PPL image, 2x (Field of view = 7mm)"
raw_strekeisen\pluto\melteigite\melteigite_PPL_34917596.jpg,melteigite,PPL,2,filtro-caption,"Nepheline (clear), sodalite (dusty due to alteration), aegirine (green) and small, brown perovskite crystals in a melteigite from Alnö complex, Sweden. PPL image, 10x (Field of view = 2mm)"
raw_strekeisen\pluto\melteigite\melteigite_PPL_35154704.jpg,melteigite,PPL,1,filtro-caption,"Nepheline (clear), sodalite (dusty due to alteration), aegirine (green) and small, brown perovskite crystals in a melteigite from Alnö complex, Sweden. PPL image, 2x (Field of view = 7mm)"
raw_strekeisen\pluto\melteigite\melteigite_PPL_4746760.jpg,melteigite,PPL,1,filtro-caption,"Nepheline (clear), sodalite (dusty due to alteration), aegirine (green) and small, brown perovskite crystals in a melteigite from Alnö complex, Sweden. PPL image, 2x (Field of view = 7mm)"
raw_strekeisen\pluto\melteigite\melteigite_PPL_49700395.jpg,melteigite,PPL,1,filtro-caption,"Nepheline (clear), sodalite (dusty due to alteration), aegirine (green) and small, brown perovskite crystals in a melteigite from Alnö complex, Sweden. PPL image, 2x (Field of view = 7mm)"
raw_strekeisen\pluto\melteigite\melteigite_PPL_59189891.jpg,melteigite,PPL,0,vacia-ocr,"Nepheline (clear), sodalite (dusty due to alteration), aegirine (green) and small, brown perovskite crystals in a melteigite from Alnö complex, Sweden. PPL image, 2x (Field of view = 7mm)"
raw_strekeisen\pluto\melteigite\melteigite_PPL_68578317.jpg,melteigite,PPL,0,vacia-ocr,"Nepheline (clear), sodalite (dusty due to alteration), aegirine (green) and small, brown perovskite crystals in a melteigite from Alnö complex, Sweden. PPL image, 2x (Field of view = 7mm)"
raw_strekeisen\pluto\melteigite\melteigite_PPL_85019790.jpg,melteigite,PPL,2,filtro-caption,"Nepheline (clear), sodalite (dusty due to alteration), aegirine (green) and small, brown perovskite crystals in a melteigite from Alnö complex, Sweden. PPL image, 2x (Field of view = 7mm)"
raw_strekeisen\pluto\melteigite\melteigite_PPL_90407348.jpg,melteigite,PPL,0,vacia-ocr,"Nepheline (clear), sodalite (dusty due to alteration), aegirine (green) and small, brown perovskite crystals in a melteigite from Alnö complex, Sweden. PPL image, 10x (Field of view = 2mm)"
raw_strekeisen\pluto\melteigite\melteigite_XPL_39206760.jpg,melteigite,XPL,0,vacia-ocr,"Nepheline (I order gray), sodalite (isotropic), aegirine (high birefringence) and small, perovskite crystals in a melteigite from Alnö complex, Sweden. XPL image, 2x (Field of view = 7mm)"
raw_strekeisen\pluto\melteigite\melteigite_XPL_4345093.jpg,melteigite,XPL,0,vacia-ocr,"Nepheline (I order gray), sodalite (isotropic), aegirine (high birefringence) and small, perovskite crystals in a melteigite from Alnö complex, Sweden. XPL image, 2x (Field of view = 7mm)"
raw_strekeisen\pluto\melteigite\melteigite_XPL_60641861.jpg,melteigite,XPL,0,vacia-ocr,"Nepheline (I order gray), sodalite (isotropic), aegirine (high birefringence) and small, perovskite crystals in a melteigite from Alnö complex, Sweden. XPL image, 2x (Field of view = 7mm)"
raw_strekeisen\pluto\melteigite\melteigite_XPL_99953554.jpg,melteigite,XPL,1,filtro-caption,"Nepheline (I order gray), sodalite (isotropic), aegirine (high birefringence) and small, perovskite crystals in a melteigite from Alnö complex, Sweden. XPL image, 2x (Field of view = 7mm)"
raw_strekeisen\meta\meshstructures\meshstructures_PPL_3119149.jpg,meshstructures,PPL,0,vacia-ocr,"Mesh texture in olivine. Each olivine grain is surrounded by fibrous serpentine and black magnetite aggregates. PPL image, 2x (Field of view = 7mm)"
raw_strekeisen\meta\meshstructures\meshstructures_PPL_3123296.jpg,meshstructures,PPL,0,vacia-ocr,"Mesh texture in olivine. Each olivine grain is surrounded by fibrous serpentine and black magnetite aggregates. PPL image, 10x (Field of view = 2mm)"
raw_strekeisen\meta\meshstructures\meshstructures_PPL_79279114.jpg,meshstructures,PPL,0,vacia-ocr,"Mesh texture in olivine. Each olivine grain is surrounded by fibrous serpentine and black magnetite aggregates. PPL image, 2x (Field of view = 7mm)"
raw_strekeisen\meta\meshstructures\meshstructures_PPL_80169572.jpg,meshstructures,PPL,0,vacia-ocr,"Mesh texture in olivine. Each olivine grain is surrounded by fibrous serpentine and black magnetite aggregates. PPL image, 10x (Field of view = 2mm)"
raw_strekeisen\meta\meshstructures\meshstructures_PPL_91961517.jpg,meshstructures,PPL,0,vacia-ocr,"Mesh texture in olivine. Each olivine grain is surrounded by fibrous serpentine and black magnetite aggregates. PPL image, 2x (Field of view = 7mm)"
raw_strekeisen\meta\meshstructures\meshstructures_PPL_98490540.jpg,meshstructures,PPL,0,vacia-ocr,"Mesh texture in olivine. Each olivine grain is surrounded by fibrous serpentine and black magnetite aggregates. PPL image, 10x (Field of view = 2mm)"
raw_strekeisen\meta\meshstructures\meshstructures_XPL_16750761.jpg,meshstructures,XPL,0,vacia-ocr,"Mesh texture in olivine. Each olivine grain is surrounded by fibrous serpentine and black magnetite aggregates. XPL image, 10x (Field of view = 2mm)"
raw_strekeisen\meta\meshstructures\meshstructures_XPL_38910840.jpg,meshstructures,XPL,0,vacia-ocr,"Mesh texture in olivine. Each olivine grain is surrounded by fibrous serpentine and black magnetite aggregates. XPL image, 10x (Field of view = 2mm)"
raw_strekeisen\meta\meshstructures\meshstructures_XPL_60284373.jpg,meshstructures,XPL,0,vacia-ocr,"Mesh texture in olivine. Each olivine grain is surrounded by fibrous serpentine and black magnetite aggregates. XPL image, 2x (Field of view = 7mm)"
raw_strekeisen\meta\meshstructures\meshstructures_XPL_73881544.jpg,meshstructures,XPL,0,vacia-ocr,"Mesh texture in olivine. Each olivine grain is surrounded by fibrous serpentine and black magnetite aggregates. XPL image, 10x (Field of view = 2mm)"
raw_strekeisen\meta\meshstructures\meshstructures_XPL_82924271.jpg,meshstructures,XPL,0,vacia-ocr,"Mesh texture in olivine. Each olivine grain is surrounded by fibrous serpentine and black magnetite aggregates. XPL image, 10x (Field of view = 2mm)"
raw_strekeisen\meta\meshstructures\meshstructures_XPL_85135141.jpg,meshstructures,XPL,0,vacia-ocr,"Mesh texture in olivine. Each olivine grain is surrounded by fibrous serpentine and black magnetite aggregates. XPL image, 10x (Field of view = 2mm)"
raw_strekeisen\meta\meshstructures\meshstructures_XPL_94501542.jpg,meshstructures,XPL,0,vacia-ocr,"Mesh texture in olivine. Each olivine grain is surrounded by fibrous serpentine and black magnetite aggregates. XPL image, 2x (Field of view = 7mm)"
raw_strekeisen\pluto\monzonite\monzonite_PPL_15788791.jpg,monzonite,PPL,1,filtro-caption,"Orthoclase (altered by sericite), biotie (brown), magnetite (black) and pyroxene crystals in a monzonite from Monzoni massif, Italy. PPL image, 2x (Field of view = 7mm)"
raw_strekeisen\pluto\monzonite\monzonite_PPL_20862176.jpg,monzonite,PPL,1,filtro-caption,"Orthoclase (altered by sericite), biotie (brown), magnetite (black) and pyroxene crystals in a monzonite from Monzoni massif, Italy. PPL image, 2x (Field of view = 7mm)"
raw_strekeisen\pluto\monzonite\monzonite_PPL_65516212.jpg,monzonite,PPL,0,vacia-ocr,"Orthoclase (altered by sericite) and with altered olivine inclusions, biotie (brown), magnetite (black) and pyroxene crystals in a monzonite from Monzoni massif, Italy. PPL image, 2x (Field of view = 7mm)"
raw_strekeisen\pluto\monzonite\monzonite_XPL_37827548.jpg,monzonite,XPL,0,vacia-ocr,"Orthoclase (I order gray), biotie, magnetite (black) and pyroxene (high interference colors) crystals in a monzonite from Monzoni massif, Italy. XPL image, 2x (Field of view = 7mm)"
raw_strekeisen\pluto\monzonite\monzonite_XPL_52687598.jpg,monzonite,XPL,1,filtro-caption,"Orthoclase (I order gray), biotie, magnetite (black) and pyroxene (high interference colors) crystals in a monzonite from Monzoni massif, Italy. XPL image, 2x (Field of view = 7mm)"
raw_strekeisen\pluto\monzonite\monzonite_XPL_81060482.jpg,monzonite,XPL,0,vacia-ocr,"Orthoclase (I order gray), biotie, magnetite (black) and pyroxene (high interference colors) crystals in a monzonite from Monzoni massif, Italy. XPL image, 2x (Field of view = 7mm)"
raw_strekeisen\pluto\naujaite\naujaite_PPL_98389513.jpg,naujaite,PPL,1,filtro-caption,"Eudialite (high relief and with white-pale pink color) and aegirine crystals surrounded by sodalite (colorless) in a Naujaite. Ilímaussaq, Greenland. PPL image, 2x (Field of view = 7mm)"
raw_strekeisen\pluto\naujaite\naujaite_XPL_76141435.jpg,naujaite,XPL,2,filtro-caption,"Eudialite crystals (gray) surrounded by sodalite (isotropic) and cancrinite (high interference colors) in a Naujaite. Ilímaussaq, Greenland. XPL image, 2x (Field of view = 7mm)"
raw_strekeisen\pluto\nepheline\nepheline_PPL_50198646.jpg,nepheline,PPL,0,vacia-ocr,"Nepheline crystals (colorless and rich in inclusions) in a fine grained groundmass made of plagioclase and aegirine. Mt. Flora, Lovozero, Kola, Russia. PPL image, 2x (Field of view = 7mm)"
raw_strekeisen\pluto\nepheline\nepheline_PPL_68823820.jpg,nepheline,PPL,0,vacia-ocr,"Nepheline crystals (colorless and rich in inclusions) in a fine grained groundmass made of plagioclase and aegirine. Mt. Flora, Lovozero, Kola, Russia. PPL image, 2x (Field of view = 7mm)"
raw_strekeisen\pluto\nepheline\nepheline_PPL_83281886.jpg,nepheline,PPL,0,vacia-ocr,"Nepheline crystals (colorless and rich in inclusions) in a fine grained groundmass made of plagioclase and aegirine. Mt. Flora, Lovozero, Kola, Russia. PPL image, 2x (Field of view = 7mm)"
raw_strekeisen\pluto\nepheline\nepheline_PPL_97588153.jpg,nepheline,PPL,0,vacia-ocr,"Nepheline crystals (colorless and rich in inclusions) in a fine grained groundmass made of plagioclase and aegirine. Mt. Flora, Lovozero, Kola, Russia. PPL image, 2x (Field of view = 7mm)"
raw_strekeisen\pluto\nepheline\nepheline_XPL_75549888.jpg,nepheline,XPL,0,vacia-ocr,"Nepheline crystals (low interference colors) in a fine grained groundmass made of plagioclase and aegirine. Mt. Flora, Lovozero, Kola, Russia. XPL image, 2x (Field of view = 7mm)"
raw_strekeisen\pluto\nephelinesyenite\nephelinesyenite_PPL_13074396.jpg,nephelinesyenite,PPL,0,vacia-ocr,"Nepheline crystals (colorless and rich in inclusions) in a fine grained groundmass made of plagioclase and aegirine. Mt. Flora, Lovozero, Kola, Russia. PPL image, 2x (Field of view = 7mm)"
raw_strekeisen\pluto\nephelinesyenite\nephelinesyenite_PPL_45431572.jpg,nephelinesyenite,PPL,1,filtro-caption,"Nepheline crystal (colorless and rich in inclusions) in a fine grained groundmass made of plagioclase and aegirine. Mt. Flora, Lovozero, Kola, Russia. PPL image, 10x (Lato lungo = 2mm)."
raw_strekeisen\pluto\nephelinesyenite\nephelinesyenite_PPL_50994721.jpg,nephelinesyenite,PPL,0,vacia-ocr,"Nepheline crystals (colorless and rich in inclusions) in a fine grained groundmass made of plagioclase and aegirine. Mt. Flora, Lovozero, Kola, Russia. PPL image, 10x (Lato lungo = 2mm)."
raw_strekeisen\pluto\nephelinesyenite\nephelinesyenite_PPL_52063271.jpg,nephelinesyenite,PPL,0,vacia-ocr,"Nepheline crystals (colorless and rich in inclusions) in a fine grained groundmass made of plagioclase and aegirine. Mt. Flora, Lovozero, Kola, Russia. PPL image, 2x (Field of view = 7mm)"
raw_strekeisen\pluto\nephelinesyenite\nephelinesyenite_XPL_11722867.jpg,nephelinesyenite,XPL,1,filtro-caption,"Nepheline crystals (low interference colors) in a fine grained groundmass made of plagioclase and aegirine. Mt. Flora, Lovozero, Kola, Russia. XPL image, 10x (Lato lungo = 2mm)."
raw_strekeisen\pluto\nephelinesyenite\nephelinesyenite_XPL_43555102.jpg,nephelinesyenite,XPL,0,vacia-ocr,"Nepheline crystals (low interference colors) in a fine grained groundmass made of plagioclase and aegirine. Mt. Flora, Lovozero, Kola, Russia. XPL image, 2x (Field of view = 7mm)"
raw_strekeisen\pluto\nephelinesyenite\nephelinesyenite_XPL_86529498.jpg,nephelinesyenite,XPL,0,vacia-ocr,"Nepheline crystals (low interference colors) in a fine grained groundmass made of plagioclase and aegirine. Mt. Flora, Lovozero, Kola, Russia. XPL image, 2x (Field of view = 7mm)"
raw_strekeisen\vulc\olivine\olivine_PPL_10227197.jpg,olivine,PPL,0,vacia-ocr,"Olivine crystals. PPL image , 2x (Field of view = 7mm)"
raw_strekeisen\vulc\olivine\olivine_PPL_11042519.jpg,olivine,PPL,0,vacia-ocr,"Euhedral Olivine (001) section. PPL image , 10x (Field of view = 2mm)"
raw_strekeisen\vulc\olivine\olivine_PPL_16884024.jpg,olivine,PPL,0,vacia-ocr,"Euhedral Olivine (001) section. PPL image , 10x (Field of view = 2mm)"
raw_strekeisen\pluto\olivine\olivine_PPL_4704030.jpg,olivine,PPL,0,vacia-ocr,"Olivine in a troctolite. Note the fractures due to the increase in volume due to the serpentinization. PPL image , 2x (Field of view = 7mm)"
raw_strekeisen\vulc\olivine\olivine_PPL_57552160.jpg,olivine,PPL,0,vacia-ocr,"Olivine crystals. PPL image , 2x (Field of view = 7mm)"
raw_strekeisen\meta\olivine\olivine_PPL_74740694.jpg,olivine,PPL,0,vacia-ocr,"Olivine crystals replaced by serpentine + magnetite. PPL image, 2x (Field of view = 7mm)"
raw_strekeisen\meta\olivine\olivine_PPL_75008501.jpg,olivine,PPL,0,vacia-ocr,"Olivine crystals replaced by serpentine + magnetite. PPL image, 2x (Field of view = 7mm)"
raw_strekeisen\vulc\olivine\olivine_PPL_75133493.jpg,olivine,PPL,0,vacia-ocr,"Euhedral olivine (100) section, Alicudi (aeolian islands). PPL image , 2x (Field of view = 7mm)"
raw_strekeisen\pluto\olivine\olivine_PPL_81621457.jpg,olivine,PPL,0,vacia-ocr,"Hornblende crystals rich in inclusions of olivine (colorless, rounded crystals) in a hornblendite from Monte Mattoni, Adamello, Italy. PPL image, 10x (Field of view = 2mm)"
raw_strekeisen\vulc\olivine\olivine_PPL_91565760.jpg,olivine,PPL,0,vacia-ocr,"Olivine crystals. PPL image , 2x (Field of view = 7mm)"
raw_strekeisen\pluto\olivine\olivine_PPL_93571831.jpg,olivine,PPL,0,vacia-ocr,"Mesh texture: olivine remnant ""islands"" rimmed by serpentine + magnetite veins. PPL image, 10x (Field of view = 2mm)"
raw_strekeisen\vulc\olivine\olivine_PPL_96042587.jpg,olivine,PPL,0,vacia-ocr,"Euhedral Olivine (100) section. PPL image , 10x (Field of view = 2mm)"
raw_strekeisen\pluto\olivine\olivine_XPL_11021901.jpg,olivine,XPL,0,vacia-ocr,"Olivine and plagioclase in the troctolitic portion from Rhum Layered Complex. XPL image, 2x (Field of view = 7mm)"
raw_strekeisen\vulc\olivine\olivine_XPL_11981139.jpg,olivine,XPL,0,vacia-ocr,"Rounded olivine crystals and chromite crystals set in a groundmass composed by calcite. Kimberlite from Bloemfontein (S.Africa). XPL image, 2x (Field of view = 7mm)"
raw_strekeisen\pluto\olivine\olivine_XPL_14172046.jpg,olivine,XPL,0,vacia-ocr,"Olivine crystals in a dunite. XPL image, 2x (Field of view = 7mm)"
raw_strekeisen\pluto\olivine\olivine_XPL_17721203.jpg,olivine,XPL,0,vacia-ocr,"Olivine crystals in a dunite. XPL image, 2x (Field of view = 7mm)"
raw_strekeisen\vulc\olivine\olivine_XPL_29374347.jpg,olivine,XPL,1,filtro-caption,"Olivine crystal in a basalt from Etna (Sicily). XPL image , 2x (Field of view = 7mm)"
raw_strekeisen\pluto\olivine\olivine_XPL_33142470.jpg,olivine,XPL,0,vacia-ocr,"Olivine crystals (with kinkbands) in a dunite. XPL image, 2x (Field of view = 7mm)"
raw_strekeisen\vulc\olivine\olivine_XPL_34792830.jpg,olivine,XPL,0,vacia-ocr,"Rounded olivine crystals and chromite crystals set in a groundmass composed by calcite. Kimberlite from Bloemfontein (S.Africa). XPL image, 2x (Field of view = 7mm)"
raw_strekeisen\vulc\olivine\olivine_XPL_35877264.jpg,olivine,XPL,1,filtro-caption,"Olivine crystals in a basalt from Auerbach (Germany). XPL image , 2x (Field of view = 7mm)"
raw_strekeisen\pluto\olivine\olivine_XPL_40367892.jpg,olivine,XPL,0,vacia-ocr,"Olivine crystals in a dunite. XPL image, 2x (Field of view = 7mm)"
raw_strekeisen\meta\olivine\olivine_XPL_42753004.jpg,olivine,XPL,2,filtro-caption,"Olivine crystals replaced by serpentine + magnetite. XPL image, 2x (Field of view = 7mm)"
raw_strekeisen\vulc\olivine\olivine_XPL_49815182.jpg,olivine,XPL,0,vacia-ocr,"Rounded olivine crystals and chromite crystals set in a groundmass composed by calcite. Kimberlite from Bloemfontein (S.Africa). XPL image, 2x (Field of view = 7mm)"
raw_strekeisen\vulc\olivine\olivine_XPL_51908510.jpg,olivine,XPL,2,filtro-caption,"Euhedral olivine (100) section, Antarctica. XPL image , 10x (Field of view = 2mm)"
raw_strekeisen\pluto\olivine\olivine_XPL_56063015.jpg,olivine,XPL,2,filtro-caption,"Olivine crystals (with kinkbands) in a dunite. XPL image, 2x (Field of view = 7mm)"
raw_strekeisen\vulc\olivine\olivine_XPL_58741581.jpg,olivine,XPL,1,filtro-caption,"Olivine crystals in a basalt from Auerbach (Germany). XPL image , 2x (Field of view = 7mm)"
raw_strekeisen\vulc\olivine\olivine_XPL_60926080.jpg,olivine,XPL,0,vacia-ocr,"Olivine crystal in a basalt from Etna (Sicily). XPL image , 10x (Field of view = 2mm)"
raw_strekeisen\pluto\olivine\olivine_XPL_64005179.jpg,olivine,XPL,0,vacia-ocr,"Olivine crystals in a dunite. XPL image, 2x (Field of view = 7mm)"
raw_strekeisen\vulc\olivine\olivine_XPL_67644804.jpg,olivine,XPL,0,vacia-ocr,"Olivine alterd by bowlingite. XPL image , 10x (Field of view = 2mm)"
raw_strekeisen\pluto\olivine\olivine_XPL_70476036.jpg,olivine,XPL,0,vacia-ocr,"Olivine crystals in a dunite. XPL image, 2x (Field of view = 7mm)"
raw_strekeisen\pluto\olivine\olivine_XPL_71687810.jpg,olivine,XPL,1,filtro-caption,"Hornblende crystals rich in inclusions of olivine (rounded crystals with high interference colors) in a hornblendite from Monte Mattoni, Adamello, Italy. XPL image, 10x (Field of view = 2mm)"
raw_strekeisen\vulc\olivine\olivine_XPL_78200645.jpg,olivine,XPL,0,vacia-ocr,"Euhedral olivine (100) section, Alicudi (aeolian islands). XPL image , 2x (Field of view = 7mm)"
raw_strekeisen\pluto\olivine\olivine_XPL_78342023.jpg,olivine,XPL,0,vacia-ocr,"Olivine crystals in a dunite. XPL image, 2x (Field of view = 7mm)"
raw_strekeisen\vulc\olivine\olivine_XPL_78887738.jpg,olivine,XPL,1,filtro-caption,"Euhedral olivine (100) section, Antarctica. XPL image , 10x (Field of view = 2mm)"
raw_strekeisen\vulc\olivine\olivine_XPL_79538667.jpg,olivine,XPL,0,vacia-ocr,"Olivine crystal in a basalt from Etna (Sicily). XPL image , 10x (Field of view = 2mm)"
raw_strekeisen\vulc\olivine\olivine_XPL_83432217.jpg,olivine,XPL,0,vacia-ocr,"Olivine crystals. XPL image , 2x (Field of view = 7mm)"
raw_strekeisen\vulc\olivine\olivine_XPL_83445423.jpg,olivine,XPL,0,vacia-ocr,"Olivine crystal. XPL image , 10x (Field of view = 2mm)"
raw_strekeisen\pluto\olivine\olivine_XPL_83988976.jpg,olivine,XPL,0,vacia-ocr,"Olivine crystals (with kinkbands) in a dunite. XPL image, 2x (Field of view = 7mm)"
raw_strekeisen\pluto\olivine\olivine_XPL_85338598.jpg,olivine,XPL,0,vacia-ocr,"Olivine crystals in a dunite. XPL image, 2x (Field of view = 7mm)"
raw_strekeisen\pluto\olivine\olivine_XPL_87024918.jpg,olivine,XPL,0,vacia-ocr,"Olivine, plagioclase and interstitial pyroxene from Rhum Layered Complex. XPL image, 10x (Field of view = 2mm)"
raw_strekeisen\pluto\olivine\olivine_XPL_87781801.jpg,olivine,XPL,1,filtro-caption,"Olivine crystals (with kinkbands) in a dunite. XPL image, 10x (Field of view = 2mm)"
raw_strekeisen\vulc\olivine\olivine_XPL_90685448.jpg,olivine,XPL,1,filtro-caption,"Olivine crystals in a basalt from Auerbach (Germany). XPL image , 2x (Field of view = 7mm)"
raw_strekeisen\vulc\olivine\olivine_XPL_93203155.jpg,olivine,XPL,0,vacia-ocr,"Olivine crystals. XPL image , 2x (Field of view = 7mm)"
raw_strekeisen\pluto\olivinegabbro\olivinegabbro_PPL_32886397.jpg,olivinegabbro,PPL,0,vacia-ocr,"Pyroxene (beige), plagioclase (colorless) and rounded altered olivine crystals (surrounded by a thin orthopyroxene rim and a vermicular kelifitic rim). Olivine gabbro from Huntly, Aberdeenshire, Scotland. PPL image, 20x (Field of view = 1mm)"
raw_strekeisen\pluto\olivinegabbro\olivinegabbro_PPL_67243404.jpg,olivinegabbro,PPL,0,vacia-ocr,"Pyroxene (beige), plagioclase (colorless) and rounded altered olivine crystals (surrounded by a thin orthopyroxene rim and a vermicular kelifitic rim). Olivine gabbro from Huntly, Aberdeenshire, Scotland. PPL image, 20x (Field of view = 1mm)"
raw_strekeisen\pluto\olivinegabbro\olivinegabbro_PPL_80466109.jpg,olivinegabbro,PPL,0,vacia-ocr,"Pyroxene (beige), plagioclase (colorless) and rounded altered olivine crystals (surrounded by a thin orthopyroxene rim and a vermicular kelifitic rim). Olivine gabbro from Huntly, Aberdeenshire, Scotland. PPL image, 20x (Field of view = 1mm)"
raw_strekeisen\pluto\olivinegabbro\olivinegabbro_XPL_18567904.jpg,olivinegabbro,XPL,0,vacia-ocr,"Pyroxene (high interference colors), plagioclase (I order gray) and rounded altered olivine crystals (surrounded by a thin gray orthopyroxene rim and a vermicular kelifitic rim). Olivine gabbro from Huntly, Aberdeenshire, Scotland . XPL image, 20x (Field of view = 1mm)"
raw_strekeisen\pluto\olivinegabbro\olivinegabbro_XPL_33781219.jpg,olivinegabbro,XPL,0,vacia-ocr,"Pyroxene (high interference colors), plagioclase (I order gray) and rounded altered olivine crystals (surrounded by a thin gray orthopyroxene rim and a vermicular kelifitic rim). Olivine gabbro from Huntly, Aberdeenshire, Scotland . XPL image, 20x (Field of view = 1mm)"
raw_strekeisen\pluto\olivinegabbro\olivinegabbro_XPL_58446963.jpg,olivinegabbro,XPL,0,vacia-ocr,"Pyroxene (high interference colors), plagioclase (I order gray) and rounded altered olivine crystals (surrounded by a thin gray orthopyroxene rim and a vermicular kelifitic rim). Olivine gabbro from Huntly, Aberdeenshire, Scotland . XPL image, 20x (Field of view = 1mm)"
raw_strekeisen\pluto\orthocumulates\orthocumulates_PPL_27981858.jpg,orthocumulates,PPL,0,vacia-ocr,Altered olivine phenocrysts enclosed in poikilitic hornblende. PPL image. 2x (Field of view = 7mm)
raw_strekeisen\pluto\orthocumulates\orthocumulates_PPL_31830033.jpg,orthocumulates,PPL,0,vacia-ocr,Altered olivine phenocrysts enclosed in poikilitic hornblende. PPL image. 2x (Field of view = 7mm)
raw_strekeisen\pluto\orthocumulates\orthocumulates_PPL_35303437.jpg,orthocumulates,PPL,0,vacia-ocr,Altered olivine phenocrysts enclosed in poikilitic pyroxene. PPL image. 2x (Field of view = 7mm)
raw_strekeisen\pluto\orthocumulates\orthocumulates_PPL_45158991.jpg,orthocumulates,PPL,0,vacia-ocr,Altered olivine phenocrysts enclosed in poikilitic pyroxene. PPL image. 10x (Field of view = 2mm)
raw_strekeisen\pluto\orthocumulates\orthocumulates_PPL_53411892.jpg,orthocumulates,PPL,0,vacia-ocr,Altered olivine phenocrysts enclosed in poikilitic pyroxene. PPL image. 10x (Field of view = 2mm)
raw_strekeisen\pluto\orthocumulates\orthocumulates_PPL_64564154.jpg,orthocumulates,PPL,0,vacia-ocr,Altered olivine phenocrysts enclosed in poikilitic hornblende. PPL image. 2x (Field of view = 7mm)
raw_strekeisen\pluto\orthocumulates\orthocumulates_PPL_66190592.jpg,orthocumulates,PPL,2,filtro-caption,Altered olivine phenocrysts enclosed in poikilitic hornblende. PPL image. 2x (Field of view = 7mm)
raw_strekeisen\pluto\orthocumulates\orthocumulates_PPL_708713.jpg,orthocumulates,PPL,0,vacia-ocr,Altered olivine phenocrysts enclosed in poikilitic hornblende. PPL image. 10x (Field of view = 2mm)
raw_strekeisen\pluto\orthocumulates\orthocumulates_PPL_74059251.jpg,orthocumulates,PPL,0,vacia-ocr,Altered olivine phenocrysts enclosed in poikilitic hornblende. PPL image. 2x (Field of view = 7mm)
raw_strekeisen\pluto\orthocumulates\orthocumulates_PPL_76907882.jpg,orthocumulates,PPL,0,vacia-ocr,Altered olivine phenocrysts enclosed in poikilitic hornblende. PPL image. 2x (Field of view = 7mm)
raw_strekeisen\pluto\orthocumulates\orthocumulates_PPL_79141598.jpg,orthocumulates,PPL,0,vacia-ocr,Altered olivine phenocrysts enclosed in poikilitic hornblende. PPL image. 2x (Field of view = 7mm)
raw_strekeisen\pluto\orthocumulates\orthocumulates_PPL_89435253.jpg,orthocumulates,PPL,0,vacia-ocr,Altered olivine phenocrysts enclosed in poikilitic hornblende and pyroxene. PPL image. 2x (Field of view = 7mm)
raw_strekeisen\pluto\orthocumulates\orthocumulates_XPL_10003447.jpg,orthocumulates,XPL,1,filtro-caption,Altered olivine phenocrysts enclosed in poikilitic hornblende. XPL image. 2x (Field of view = 7mm)
raw_strekeisen\pluto\orthocumulates\orthocumulates_XPL_18363273.jpg,orthocumulates,XPL,0,vacia-ocr,Altered olivine phenocrysts enclosed in poikilitic hornblende. XPL image. 10x (Field of view = 2mm)
raw_strekeisen\pluto\orthocumulates\orthocumulates_XPL_24112634.jpg,orthocumulates,XPL,0,vacia-ocr,Ehuedral olivine crystals with interstitial plagioclase in a orthocumulite. New Zeland. XPL image. 10x (Field of view = 2mm)
raw_strekeisen\pluto\orthocumulates\orthocumulates_XPL_34755074.jpg,orthocumulates,XPL,0,vacia-ocr,Plagioclase crystals with interstitial hornblende in a orthocumulates from Sardinia (Italy). XPL image. 10x (Field of view = 2mm)
raw_strekeisen\pluto\orthocumulates\orthocumulates_XPL_52927331.jpg,orthocumulates,XPL,0,vacia-ocr,Ehuedral olivine crystals with interstitial plagioclase in a orthocumulite. New Zeland. XPL image. 2x (Field of view = 7mm)
raw_strekeisen\pluto\orthocumulates\orthocumulates_XPL_57957845.jpg,orthocumulates,XPL,0,vacia-ocr,Plagioclase crystals with interstitial hornblende in a orthocumulates from Sardinia (Italy). XPL image. 10x (Field of view = 2mm)
raw_strekeisen\pluto\orthocumulates\orthocumulates_XPL_5812671.jpg,orthocumulates,XPL,0,vacia-ocr,Altered olivine phenocrysts enclosed in poikilitic hornblende. XPL image. 2x (Field of view = 7mm)
raw_strekeisen\pluto\orthocumulates\orthocumulates_XPL_63558691.jpg,orthocumulates,XPL,0,vacia-ocr,Altered olivine phenocrysts enclosed in poikilitic hornblende. XPL image. 2x (Field of view = 7mm)
raw_strekeisen\pluto\orthocumulates\orthocumulates_XPL_65478486.jpg,orthocumulates,XPL,0,vacia-ocr,Ehuedral olivine crystals with interstitial plagioclase in a orthocumulite. New Zeland. XPL image. 2x (Field of view = 7mm)
raw_strekeisen\pluto\orthocumulates\orthocumulates_XPL_75696514.jpg,orthocumulates,XPL,0,vacia-ocr,Altered olivine phenocrysts enclosed in poikilitic hornblende. XPL image. 10x (Field of view = 2mm)
raw_strekeisen\pluto\orthocumulates\orthocumulates_XPL_8212777.jpg,orthocumulates,XPL,0,vacia-ocr,Altered olivine phenocrysts enclosed in poikilitic hornblende. XPL image. 2x (Field of view = 7mm)
raw_strekeisen\pluto\orthocumulates\orthocumulates_XPL_85860599.jpg,orthocumulates,XPL,0,vacia-ocr,Altered olivine phenocrysts enclosed in poikilitic hornblende. XPL image. 2x (Field of view = 7mm)
raw_strekeisen\pluto\orthocumulates\orthocumulates_XPL_89440985.jpg,orthocumulates,XPL,0,vacia-ocr,Ehuedral olivine crystals with interstitial plagioclase in a orthocumulite. New Zeland. XPL image. 10x (Field of view = 2mm)
raw_strekeisen\pluto\orthopyroxenite\orthopyroxenite_PPL_15180425.jpg,orthopyroxenite,PPL,1,filtro-caption,Orthopyroxene crystals in a orthopyroxenite. PPL image. 2x (Field of view = 7mm)
raw_strekeisen\pluto\orthopyroxenite\orthopyroxenite_PPL_15621396.jpg,orthopyroxenite,PPL,0,vacia-ocr,Orthopyroxene crystals in a orthopyroxenite. PPL image. 10x (Field of view = 2mm)
raw_strekeisen\pluto\orthopyroxenite\orthopyroxenite_PPL_56202695.jpg,orthopyroxenite,PPL,1,filtro-caption,Orthopyroxene crystals in a orthopyroxenite. PPL image. 10x (Field of view = 2mm)
raw_strekeisen\pluto\orthopyroxenite\orthopyroxenite_XPL_22092319.jpg,orthopyroxenite,XPL,0,vacia-ocr,Orthopyroxene crystals in a orthopyroxenite. XPL image. 10x (Field of view = 2mm)
raw_strekeisen\pluto\orthopyroxenite\orthopyroxenite_XPL_25041239.jpg,orthopyroxenite,XPL,0,vacia-ocr,Orthopyroxene crystals in a orthopyroxenite. XPL image. 2x (Field of view = 7mm)
raw_strekeisen\pluto\orthopyroxenite\orthopyroxenite_XPL_4171645.jpg,orthopyroxenite,XPL,0,vacia-ocr,Orthopyroxene crystals in a orthopyroxenite. XPL image. 10x (Field of view = 2mm)
raw_strekeisen\pluto\orthopyroxenite\orthopyroxenite_XPL_5951739.jpg,orthopyroxenite,XPL,0,vacia-ocr,Orthopyroxene crystals in a orthopyroxenite. XPL image. 2x (Field of view = 7mm)
raw_strekeisen\pluto\orthopyroxenite\orthopyroxenite_XPL_77770321.jpg,orthopyroxenite,XPL,0,vacia-ocr,Orthopyroxene crystals in a orthopyroxenite. XPL image. 10x (Field of view = 2mm)
raw_strekeisen\pluto\orthopyroxenite\orthopyroxenite_XPL_85486855.jpg,orthopyroxenite,XPL,0,vacia-ocr,Orthopyroxene crystals in a orthopyroxenite. XPL image. 2x (Field of view = 7mm)
raw_strekeisen\pluto\peralkalinegranite\peralkalinegranite_XPL_41530388.jpg,peralkalinegranite,XPL,1,filtro-caption,"Aegirine crystals (high interference colors), orthose crystals (I order gray, with perthite unmixing) and quartz (I order gray). Gariboldi (or Kone) Caldera, Ethiopia. XPL image, 2x (Field of view = 7mm)"
raw_strekeisen\pluto\peralkalinegranite\peralkalinegranite_XPL_60146401.jpg,peralkalinegranite,XPL,2,filtro-caption,"Aegirine crystals (high interference colors), orthose crystals (I order gray, with perthite unmixing) and quartz (I order gray). Gariboldi (or Kone) Caldera, Ethiopia. XPL image, 2x (Field of view = 7mm)"
raw_strekeisen\pluto\peralkalinegranite\peralkalinegranite_XPL_75820801.jpg,peralkalinegranite,XPL,1,filtro-caption,"Aegirine crystals (high interference colors), orthose crystals (I order gray, with perthite unmixing) and quartz (I order gray). Gariboldi (or Kone) Caldera, Ethiopia. XPL image, 2x (Field of view = 7mm)"
raw_strekeisen\pluto\peralkalinegranite\peralkalinegranite_XPL_79932858.jpg,peralkalinegranite,XPL,0,vacia-ocr,"Aegirine crystals (high interference colors), orthose crystals (I order gray, with perthite unmixing) and quartz (I order gray). Gariboldi (or Kone) Caldera, Ethiopia. XPL image, 10x (Field of view = 2mm)"
raw_strekeisen\pluto\plagioclase\plagioclase_XPL_52331892.jpg,plagioclase,XPL,0,vacia-ocr,"Antiperthite unmixing in plagioclase ( note that the anthiperthite have within them perthite unmixing ) in a Charnokite, Rogaland Province, Norway. XPL image. 10x (Field of view = 2mm)"
raw_strekeisen\pluto\plagioclase\plagioclase_XPL_92068020.jpg,plagioclase,XPL,1,filtro-caption,"Antiperthite unmixing in plagioclase ( note that the anthiperthite have within them perthite unmixing ) in a Charnokite, Rogaland Province, Norway. XPL image. 10x (Field of view = 2mm)"
raw_strekeisen\pluto\poikilitic\poikilitic_XPL_84025747.jpg,poikilitic,XPL,0,vacia-ocr,Poikilitic orthoclase with biotite and plagioclase inclusions. XPL image. 10x (Field of view = 2mm)
raw_strekeisen\vulc\porphyritic\porphyritic_XPL_1378039.jpg,porphyritic,XPL,0,vacia-ocr,"Plagioclase, biotite and clinopyroxene in a dacite from Bulgaria. XPL image, 2x (Field of view = 7mm)"
raw_strekeisen\vulc\pseudomorph\pseudomorph_XPL_36872819.jpg,pseudomorph,XPL,0,vacia-ocr,"Pyroxene and Olivine (right) pseudomorphed by Calcite (at the core). Milos (Greece). XPL image, 10x (Field of view = 2mm)"
raw_strekeisen\pluto\pulaskite\pulaskite_XPL_55717195.jpg,pulaskite,XPL,1,filtro-caption,"Alkali feldspar (with Perthite unmixing) in a fine-grained groundmass of aegirine, microcline and nepheline (I order white-gray). Pulaskite from Norra Kärr alkaline complex, Sweden. XPL image, 1x (Field of view = 9mm)"
raw_strekeisen\pluto\pulaskite\pulaskite_XPL_60672181.jpg,pulaskite,XPL,1,filtro-caption,"Alkali feldspar (with Perthite unmixing) in a fine-grained groundmass of aegirine, microcline and nepheline (I order white-gray). Pulaskite from Norra Kärr alkaline complex, Sweden. XPL image, 1x (Field of view = 9mm)"
raw_strekeisen\pluto\pulaskite\pulaskite_XPL_87003463.jpg,pulaskite,XPL,2,filtro-caption,"Aegirine crystals (high interference colors) and sodic amphiboles (low interference colors) in a fine-grained groundmass of microcline and nepheline (colorless). Pulaskite from Norra Kärr alkaline complex, Sweden. XPL image, 2x (Field of view = 7mm)"
raw_strekeisen\pluto\pulaskite\pulaskite_XPL_99100214.jpg,pulaskite,XPL,0,vacia-ocr,"Alkali feldspar (with Perthite unmixing) in a fine-grained groundmass of aegirine, microcline and nepheline (I order white-gray). Pulaskite from Norra Kärr alkaline complex, Sweden. XPL image, 1x (Field of view = 9mm)"
raw_strekeisen\vulc\pyroclasticflow\pyroclasticflow_PPL_50700200.jpg,pyroclasticflow,PPL,1,filtro-caption,"Pyroxene, Magnetite and plagioclase in a pyroclastic deposit from. kirishima, Japan. PPL image, 2x (Field of view = 7mm)"
raw_strekeisen\vulc\pyroclasticflow\pyroclasticflow_PPL_62509182.jpg,pyroclasticflow,PPL,0,vacia-ocr,"Pyroxene, Magnetite and plagioclase in a pyroclastic deposit from. kirishima, Japan. PPL image, 2x (Field of view = 7mm)"
raw_strekeisen\vulc\pyroclasticflow\pyroclasticflow_PPL_87047600.jpg,pyroclasticflow,PPL,0,vacia-ocr,"Pyroxene, Magnetite and plagioclase in a pyroclastic deposit from. kirishima, Japan. PPL image, 2x (Field of view = 7mm)"
raw_strekeisen\vulc\pyroclasticflow\pyroclasticflow_PPL_98144211.jpg,pyroclasticflow,PPL,0,vacia-ocr,"Pyroxene, Magnetite and plagioclase in a pyroclastic deposit from. kirishima, Japan. PPL image, 2x (Field of view = 7mm)"
raw_strekeisen\pluto\pyroxenite\pyroxenite_XPL_25780869.jpg,pyroxenite,XPL,1,filtro-caption,"Hornblende, clinopyroxene and olivine crystals in a Hbl-Pyroxenite. Antarctica. XPL image. 2x (Field of view = 7mm)"
raw_strekeisen\pluto\rhum\rhum_PPL_1626820.jpg,rhum,PPL,2,filtro-caption,"Olivine, spinel and plagioclase crystals in the troctolic portion. PPL image, 2x (Field of view = 7mm)"
raw_strekeisen\pluto\rhum\rhum_PPL_33360807.jpg,rhum,PPL,0,vacia-ocr,"Olivine and interstitial amphibole in the peridotitic portion. PPL image, 2x (Field of view = 7mm)"
raw_strekeisen\pluto\rhum\rhum_PPL_64697198.jpg,rhum,PPL,0,vacia-ocr,"Peridotitic portion (bottom) and troctolitic portion (top) separated from each other by Cr-spinel crystals. PPL image, 2x (Field of view = 7mm)"
raw_strekeisen\pluto\rhum\rhum_PPL_72151197.jpg,rhum,PPL,0,vacia-ocr,"Plagioclase and interstitial pyroxene. PPL image, 2x (Field of view = 7mm)"
raw_strekeisen\pluto\rhum\rhum_PPL_94021203.jpg,rhum,PPL,0,vacia-ocr,"Peridotitic portion (bottom) and troctolitic portion (top) separated from each other by Cr-spinel crystals. PPL image, 2x (Field of view = 7mm)"
raw_strekeisen\pluto\rhum\rhum_XPL_18466822.jpg,rhum,XPL,1,filtro-caption,"Peridotitic portion and Cr-spinel crystals layer. Isola di Rhum (Scozia). XPL image, 2x (Field of view = 7mm)"
raw_strekeisen\pluto\rhum\rhum_XPL_27979176.jpg,rhum,XPL,1,filtro-caption,"Olivine, plagioclase and interstitial pyroxene. XPL image, 10x (Field of view = 2mm)"
raw_strekeisen\pluto\rhum\rhum_XPL_28323578.jpg,rhum,XPL,0,vacia-ocr,"Peridotitic portion (bottom) and troctolitic portion (top) separated from each other by Cr-spinel crystals. XPL image, 2x (Field of view = 7mm)"
raw_strekeisen\pluto\rhum\rhum_XPL_41134016.jpg,rhum,XPL,0,vacia-ocr,"Plagioclase with olivine and spinel inclusions. XPL image, 10x (Field of view = 2mm)"
raw_strekeisen\pluto\rhum\rhum_XPL_65199963.jpg,rhum,XPL,1,filtro-caption,"Olivine and interstitial amphibole in the peridotitic portion. XPL image, 2x (Field of view = 7mm)"
raw_strekeisen\pluto\rhum\rhum_XPL_7288992.jpg,rhum,XPL,1,filtro-caption,"Peridotitic portion with olivine crystals and interstitial plagiclase. XPL image, 2x (Field of view = 7mm)"
raw_strekeisen\pluto\rhum\rhum_XPL_75029056.jpg,rhum,XPL,0,vacia-ocr,"Plagioclase with olivine and spinel inclusions. XPL image, 10x (Field of view = 2mm)"
raw_strekeisen\vulc\rhyolite\rhyolite_PPL_47531781.jpg,rhyolite,PPL,0,vacia-ocr,"Quartz (embayed), sanidine, plagioclase (colorless) and biotite in a Rhyolite with felsic groundmass from S.Vincenzo (Italy). PPL image, 2x (Field of view = 7mm)"
raw_strekeisen\vulc\rhyolite\rhyolite_PPL_96658685.jpg,rhyolite,PPL,0,vacia-ocr,"Quartz, sanidine, plagioclase (colorless) and biotite in a Rhyolite with felsic groundmass from S.Vincenzo (Italy). PPL image, 2x (Field of view = 7mm)"
raw_strekeisen\vulc\rhyolite\rhyolite_XPL_67615558.jpg,rhyolite,XPL,0,vacia-ocr,"Quartz, sanidine, plagioclase, biotite and altered Cordierite (in the right corner of the photo) in a Rhyolite with felsic groundmass from S.Vincenzo (Italy). XPL image, 2x (Field of view = 7mm)"
raw_strekeisen\meta\sapphirine\sapphirine_PPL_26843579.jpg,sapphirine,PPL,0,vacia-ocr,"Orthopyroxene (light brown), sapphirine (gree-blue), biotite (dark brown) quartz and cordierite (colorless). Sapphirine granulite from ""Valle Codera"", Gruf massif. PPL image, 2x (Field of view = 7mm)"
raw_strekeisen\meta\sapphirine\sapphirine_PPL_37392018.jpg,sapphirine,PPL,2,filtro-caption,"Orthopyroxene, sapphirine, biotite quartz and cordierite (both I order gray). Sapphirine granulite from ""Valle Codera"", Gruf massif. PPL image, 2x (Field of view = 7mm)"
raw_strekeisen\meta\sapphirine\sapphirine_PPL_6152123.jpg,sapphirine,PPL,0,vacia-ocr,"Sapphirine (gree-blue) crystals, orthopyroxene (light brown), biotite (dark brown) quartz and cordierite (colorless). Sapphirine granulite from ""Valle Codera"", Gruf massif. PPL image, 10x (Field of view = 2mm)"
raw_strekeisen\meta\sapphirine\sapphirine_PPL_6201733.jpg,sapphirine,PPL,1,filtro-caption,"Orthopyroxene (light brown), sapphirine (gree-blue), biotite (dark brown) quartz and cordierite (colorless). Sapphirine granulite from ""Valle Codera"", Gruf massif. PPL image, 2x (Field of view = 7mm)"
raw_strekeisen\meta\sapphirine\sapphirine_PPL_64016721.jpg,sapphirine,PPL,0,vacia-ocr,"Orthopyroxene (light brown), sapphirine (gree-blue), biotite (dark brown) and quartz (colorless). Sapphirine granulite from ""Valle Codera"", Gruf massif. PPL image, 1x (Field of view = 9mm)"
raw_strekeisen\meta\sapphirine\sapphirine_PPL_75775755.jpg,sapphirine,PPL,0,vacia-ocr,"Orthopyroxene (light brown), sapphirine (gree-blue), biotite (dark brown) and quartz (colorless). Sapphirine granulite from ""Valle Codera"", Gruf massif. PPL image, 1x (Field of view = 9mm)"
raw_strekeisen\meta\sapphirine\sapphirine_PPL_7693442.jpg,sapphirine,PPL,1,filtro-caption,"Orthopyroxene (light brown), sapphirine (gree-blue), biotite (dark brown) quartz and cordierite (colorless). Sapphirine granulite from ""Valle Codera"", Gruf massif. PPL image, 2x (Field of view = 7mm)"
raw_strekeisen\meta\sapphirine\sapphirine_PPL_81360705.jpg,sapphirine,PPL,1,filtro-caption,"Orthopyroxene (light brown), sapphirine (gree-blue), biotite (dark brown) and quartz (colorless). Sapphirine granulite from ""Valle Codera"", Gruf massif. PPL image, 1x (Field of view = 9mm)"
raw_strekeisen\meta\sapphirine\sapphirine_PPL_9980941.jpg,sapphirine,PPL,1,filtro-caption,"Orthopyroxene, sapphirine, biotite quartz and cordierite (both I order gray). Sapphirine granulite from ""Valle Codera"", Gruf massif. PPL image, 2x (Field of view = 7mm)"
raw_strekeisen\meta\sapphirinegranulite\sapphirinegranulite_PPL_37769516.jpg,sapphirinegranulite,PPL,0,vacia-ocr,"Orthopyroxene (light brown), sapphirine (gree-blue), biotite (dark brown) and quartz (colorless). Sapphirine granulite from ""Valle Codera"", Gruf massif. PPL image, 1x (Field of view = 9mm)"
raw_strekeisen\meta\sapphirinegranulite\sapphirinegranulite_PPL_94623182.jpg,sapphirinegranulite,PPL,0,vacia-ocr,"Orthopyroxene (light brown), sapphirine (gree-blue), biotite (dark brown) and quartz (colorless). Sapphirine granulite from ""Valle Codera"", Gruf massif. PPL image, 1x (Field of view = 9mm)"
raw_strekeisen\meta\sapphirinegranulite\sapphirinegranulite_XPL_17744757.jpg,sapphirinegranulite,XPL,0,vacia-ocr,"Orthopyroxene, sapphirine biotite and quartz. Sapphirine granulite from ""Valle Codera"", Gruf massif. XPL image, 1x (Field of view = 9mm)"
raw_strekeisen\meta\serpentine\serpentine_PPL_5266661.jpg,serpentine,PPL,1,filtro-caption,"Mesh structure in olivine. The veins are  filled by serpentine and magnetite. PPL image, 2x (Field of view = 7mm)"
raw_strekeisen\meta\serpentine\serpentine_XPL_83187608.jpg,serpentine,XPL,0,vacia-ocr,"Mesh structure in olivine. The veins are  filled by serpentine and magnetite. XPL image, 2x (Field of view = 7mm)"
raw_strekeisen\pluto\sodalite\sodalite_PPL_57690042.jpg,sodalite,PPL,0,vacia-ocr,"Eudialite (high relief and with white-pale pink color) and aegirine crystals surrounded by sodalite (colorless) in a Naujaite. Ilímaussaq, Greenland. PPL image, 2x (Field of view = 7mm)"
raw_strekeisen\pluto\sovitefogo\sovitefogo_PPL_24894466.jpg,sovitefogo,PPL,0,vacia-ocr,"Calcite, Biotite and amphiboles crystals in a sövite from Fogo island, Cape Verde. PPL image, 2x (Field of view = 7mm)"
raw_strekeisen\pluto\sovitefogo\sovitefogo_PPL_28205939.jpg,sovitefogo,PPL,1,filtro-caption,"Calcite and biotite and amphiboles crystals in a sövite from Fogo island, Cape Verde. PPL image, 2x (Field of view = 7mm)"
raw_strekeisen\pluto\sovitefogo\sovitefogo_PPL_49679546.jpg,sovitefogo,PPL,0,vacia-ocr,"Calcite, Biotite and amphiboles crystals in a sövite from Fogo island, Cape Verde. PPL image, 2x (Field of view = 7mm)"
raw_strekeisen\pluto\sovitefogo\sovitefogo_PPL_54803695.jpg,sovitefogo,PPL,0,vacia-ocr,"Calcite, Biotite and amphiboles crystals in a sövite from Fogo island, Cape Verde. PPL image, 2x (Field of view = 7mm)"
raw_strekeisen\pluto\sovitefogo\sovitefogo_XPL_54917109.jpg,sovitefogo,XPL,0,vacia-ocr,"Calcite and biotite and amphiboles crystals in a sövite from Fogo island, Cape Verde. XPL image, 2x (Field of view = 7mm)"
raw_strekeisen\pluto\sovitefogo\sovitefogo_XPL_80943764.jpg,sovitefogo,XPL,0,vacia-ocr,"Calcite, Biotite and amphiboles crystals in a sövite from Fogo island, Cape Verde. XPL image, 2x (Field of view = 7mm)"
raw_strekeisen\pluto\spinelehorzolite\spinelehorzolite_PPL_1228317.jpg,spinelehorzolite,PPL,0,vacia-ocr,"Orthopyroxene (pale green), olivine and clinopyroxene (colorless) and spinel (brown) in a Spinel Lherzolite from Pyrenees. PPL image. 2x (Field of view = 7mm)"
raw_strekeisen\pluto\spinelehorzolite\spinelehorzolite_PPL_35323749.jpg,spinelehorzolite,PPL,0,vacia-ocr,Vermicular green-spinel crystals in a Spinel Lherzolite. PPL image. 10x (Field of view = 2mm)
raw_strekeisen\pluto\spinelehorzolite\spinelehorzolite_PPL_70646285.jpg,spinelehorzolite,PPL,0,vacia-ocr,"Orthopyroxene (pale green), olivine and clinopyroxene (colorless) and spinel (brown) in a Spinel Lherzolite from Pyrenees. PPL image. 2x (Field of view = 7mm)"
raw_strekeisen\pluto\spinelehorzolite\spinelehorzolite_PPL_7106582.jpg,spinelehorzolite,PPL,0,vacia-ocr,"Orthopyroxene (pale green), olivine and clinopyroxene (colorless) and spinel (brown) in a Spinel Lherzolite from Pyrenees. PPL image. 2x (Field of view = 7mm)"
raw_strekeisen\pluto\spinelehorzolite\spinelehorzolite_PPL_7502717.jpg,spinelehorzolite,PPL,1,filtro-caption,Vermicular green-spinel crystals in a Spinel Lherzolite. PPL image. 10x (Field of view = 2mm)
raw_strekeisen\pluto\spinelehorzolite\spinelehorzolite_PPL_86497864.jpg,spinelehorzolite,PPL,0,vacia-ocr,"Orthopyroxene (pale green), olivine and clinopyroxene (colorless) and spinel (brown) in a Spinel Lherzolite from Pyrenees. PPL image. 2x (Field of view = 7mm)"
raw_strekeisen\pluto\spinelehorzolite\spinelehorzolite_XPL_27917600.jpg,spinelehorzolite,XPL,1,filtro-caption,Vermicular green-spinel crystals (isotropic) in a Spinel Lherzolite. XPL image. 10x (Field of view = 2mm)
raw_strekeisen\pluto\spinelehorzolite\spinelehorzolite_XPL_31289515.jpg,spinelehorzolite,XPL,0,vacia-ocr,"Orthopyroxene (weak interference colors), olivine and clinopyroxene (high interference colors) and spinel (isotropic) in a Spinel Lherzolite from Pyrenees. XPL image. 2x (Field of view = 7mm)"
raw_strekeisen\pluto\spinelehorzolite\spinelehorzolite_XPL_32158939.jpg,spinelehorzolite,XPL,0,vacia-ocr,"Orthopyroxene (weak interference colors), olivine and clinopyroxene (high interference colors) and spinel (isotropic) in a Spinel Lherzolite from Pyrenees. XPL image. 2x (Field of view = 7mm)"
raw_strekeisen\pluto\spinelehorzolite\spinelehorzolite_XPL_39586958.jpg,spinelehorzolite,XPL,0,vacia-ocr,Vermicular green-spinel crystals (isotropic) in a Spinel Lherzolite. XPL image. 10x (Field of view = 2mm)
raw_strekeisen\pluto\spinelehorzolite\spinelehorzolite_XPL_42319366.jpg,spinelehorzolite,XPL,0,vacia-ocr,"Orthopyroxene (weak interference colors), olivine and clinopyroxene (high interference colors) and spinel (isotropic) in a Spinel Lherzolite from Pyrenees. XPL image. 2x (Field of view = 7mm)"
raw_strekeisen\pluto\spinelehorzolite\spinelehorzolite_XPL_54495221.jpg,spinelehorzolite,XPL,0,vacia-ocr,"Orthopyroxene (weak interference colors), olivine and clinopyroxene (high interference colors) and spinel (isotropic) in a Spinel Lherzolite from Pyrenees. XPL image. 2x (Field of view = 7mm)"
raw_strekeisen\pluto\spinelehorzolite\spinelehorzolite_XPL_64373382.jpg,spinelehorzolite,XPL,0,vacia-ocr,"Orthopyroxene (weak interference colors), olivine and clinopyroxene (high interference colors) and spinel (isotropic) in a Spinel Lherzolite from Pyrenees. XPL image. 2x (Field of view = 7mm)"
raw_strekeisen\pluto\spinelehorzolite\spinelehorzolite_XPL_6782728.jpg,spinelehorzolite,XPL,0,vacia-ocr,Vermicular green-spinel crystals (isotropic) in a Spinel Lherzolite. XPL image. 10x (Field of view = 2mm)
raw_strekeisen\pluto\spinelehorzolite\spinelehorzolite_XPL_85641105.jpg,spinelehorzolite,XPL,0,vacia-ocr,"Orthopyroxene (weak interference colors), olivine and clinopyroxene (high interference colors) and spinel (isotropic) in a Spinel Lherzolite from Pyrenees. XPL image. 2x (Field of view = 7mm)"
raw_strekeisen\meta\staurolite\staurolite_PPL_81717497.jpg,staurolite,PPL,1,filtro-caption,"Staurolite crystal (yellow), ilmenite (balck), tourmaline (green), musvovite and quartz colorless. Posada Asinara shear zone, Sardinia (Italy). PPL image, 10x (Field of view = 2mm)"
raw_strekeisen\pluto\troctolite\troctolite_PPL_49627415.jpg,troctolite,PPL,1,filtro-caption,"Olivine partially altered in serpentine (note the radial fracture due to increases of volume for serpentinization). PPL image , 2x (Field of view = 7mm)"
raw_strekeisen\pluto\troctolite\troctolite_PPL_76033789.jpg,troctolite,PPL,0,vacia-ocr,"Olivine partially altered in serpentine (note the radial fracture due to increases of volume for serpentinization). PPL image , 2x (Field of view = 7mm)"
raw_strekeisen\vulc\vosegite\vosegite_PPL_6548632.jpg,vosegite,PPL,0,vacia-ocr,"Hornblende, Magnetite and Pyroxene phenocrysts and Sericitized feldspar in the groundmass. PPL image, 2x (Field of view = 7mm)"
raw_strekeisen\vulc\vosegite\vosegite_PPL_66954198.jpg,vosegite,PPL,1,filtro-caption,"Hornblende, Magnetite, Biotite and Pyroxene phenocrysts and Sericitized feldspar in the groundmass. PPL image, 2x (Field of view = 7mm)"
raw_strekeisen\vulc\vosegite\vosegite_PPL_81199678.jpg,vosegite,PPL,1,filtro-caption,"Hornblende, Magnetite and Pyroxene phenocrysts and Sericitized feldspar in the groundmass. PPL image, 2x (Field of view = 7mm)"
raw_strekeisen\vulc\vosegite\vosegite_PPL_82629810.jpg,vosegite,PPL,0,vacia-ocr,"Hornblende, Magnetite, Biotite and Pyroxene phenocrysts and Sericitized feldspar in the groundmass. PPL image, 2x (Field of view = 7mm)"
raw_strekeisen\vulc\vosegite\vosegite_PPL_95695657.jpg,vosegite,PPL,4,filtro-caption,"Hornblende, Magnetite, Biotite and Pyroxene phenocrysts and Sericitized feldspar in the groundmass. PPL image, 2x (Field of view = 7mm)"
raw_strekeisen\vulc\vosegite\vosegite_PPL_97247665.jpg,vosegite,PPL,0,vacia-ocr,"Hornblende, Magnetite, Biotite and Pyroxene phenocrysts and Sericitized feldspar in the groundmass. PPL image, 2x (Field of view = 7mm)"
raw_strekeisen\vulc\vosegite\vosegite_XPL_49298376.jpg,vosegite,XPL,0,vacia-ocr,"Hornblende, Magnetite and Pyroxene phenocrysts and Sericitized feldspar in the groundmass. XPL image, 2x (Field of view = 7mm)"
raw_strekeisen\vulc\vosegite\vosegite_XPL_56862429.jpg,vosegite,XPL,0,vacia-ocr,"Hornblende, Magnetite, Biotite and Pyroxene phenocrysts and Sericitized feldspar in the groundmass. XPL image, 2x (Field of view = 7mm)"
raw_strekeisen\vulc\vosegite\vosegite_XPL_68399730.jpg,vosegite,XPL,1,filtro-caption,"Hornblende, Magnetite, Biotite and Pyroxene phenocrysts and Sericitized feldspar in the groundmass. XPL image, 2x (Field of view = 7mm)"
raw_strekeisen\vulc\vosegite\vosegite_XPL_74606767.jpg,vosegite,XPL,1,filtro-caption,"Magnetite, Biotite and Pyroxene (partially alterted by chlorite) phenocrysts and Sericitized feldspar in the groundmass. XPL image, 10x (Field of view = 2mm)"
raw_strekeisen\pluto\wherlite\wherlite_PPL_15549556.jpg,wherlite,PPL,1,filtro-caption,"Olivine and brown spinel crystals in a wherlite. PPL image, 2x (Field of view = 7mm)"
raw_strekeisen\pluto\wherlite\wherlite_PPL_28819280.jpg,wherlite,PPL,1,filtro-caption,"Olivine and brown spinel crystals in a wherlite. PPL image, 2x (Field of view = 7mm)"
raw_strekeisen\pluto\wherlite\wherlite_PPL_32459920.jpg,wherlite,PPL,0,vacia-ocr,"Olivine, brown spinel and pyroxene crystals in a wherlite. PPL image, 2x (Field of view = 7mm)"
raw_strekeisen\pluto\wherlite\wherlite_PPL_40998720.jpg,wherlite,PPL,1,filtro-caption,"Olivine and brown spinel crystals in a wherlite. PPL image, 2x (Field of view = 7mm)"
raw_strekeisen\pluto\wherlite\wherlite_PPL_63765038.jpg,wherlite,PPL,1,filtro-caption,"Olivine and brown spinel crystals in a wherlite. PPL image, 2x (Field of view = 7mm)"
raw_strekeisen\pluto\wherlite\wherlite_PPL_97580530.jpg,wherlite,PPL,1,filtro-caption,"Olivine, brown spinel and pyroxene crystals in a wherlite. PPL image, 1x (Field of view = 9mm)"
raw_strekeisen\pluto\wherlite\wherlite_XPL_16956680.jpg,wherlite,XPL,0,vacia-ocr,"Olivine and pyroxene with exolution lamellae. XPL image , 2x (Field of view = 7mm)"
raw_strekeisen\pluto\wherlite\wherlite_XPL_20345950.jpg,wherlite,XPL,0,vacia-ocr,"Olivine and pyroxene (gray) in a wherlite. XPL image , 2x (Field of view = 7mm)"
raw_strekeisen\pluto\wherlite\wherlite_XPL_20618648.jpg,wherlite,XPL,0,vacia-ocr,"Olivine and pyroxene with exolution lamellae. XPL image , 2x (Field of view = 7mm)"
raw_strekeisen\pluto\wherlite\wherlite_XPL_24903419.jpg,wherlite,XPL,0,vacia-ocr,"Olivine and pyroxene (gray) in a wherlite. XPL image , 2x (Field of view = 7mm)"
raw_strekeisen\pluto\wherlite\wherlite_XPL_34760787.jpg,wherlite,XPL,0,vacia-ocr,"Olivine and pyroxene (gray) in a wherlite. XPL image , 2x (Field of view = 7mm)"
raw_strekeisen\pluto\wherlite\wherlite_XPL_44292307.jpg,wherlite,XPL,0,vacia-ocr,"Olivine and pyroxene crystals in a wherlite. XPL image, 1x (Field of view = 9mm)"
raw_strekeisen\pluto\wherlite\wherlite_XPL_46586594.jpg,wherlite,XPL,1,filtro-caption,"Olivine and brown spinel (isotropic) crystals in a wherlite. XPL image, 2x (Field of view = 7mm)"
raw_strekeisen\pluto\wherlite\wherlite_XPL_62880707.jpg,wherlite,XPL,0,vacia-ocr,"Olivine and pyroxene (gray) in a wherlite. XPL image , 2x (Field of view = 7mm)"
raw_strekeisen\pluto\wherlite\wherlite_XPL_81488333.jpg,wherlite,XPL,1,filtro-caption,"Olivine and pyroxene with exolution lamellae. XPL image , 2x (Field of view = 7mm)"
raw_strekeisen\pluto\wherlite\wherlite_XPL_83922944.jpg,wherlite,XPL,0,vacia-ocr,"Olivine, brown spinel (isotropic) and pyroxene crystals in a wherlite. XPL image, 1x (Field of view = 9mm)"
raw_strekeisen\vulc\wollastonitephonolite\wollastonitephonolite_PPL_12554333.jpg,wollastonitephonolite,PPL,0,vacia-ocr,"Aegirine (green), calcite and acicular wollastonite crystals, set in a fine-grained matrix of sanidine. Wollastonite phonolite from Fohberg. PPL image, 2x (Field of view = 7mm)"
raw_strekeisen\vulc\wollastonitephonolite\wollastonitephonolite_XPL_616343.jpg,wollastonitephonolite,XPL,0,vacia-ocr,"Aegirine, calcite and acicular wollastonite (low birefringence) crystals, set in a fine-grained matrix of sanidine. Wollastonite phonolite from Fohberg. XPL image, 2x (Field of view = 7mm)"
