file,rock,ppl_xpl,n_pred,clases
raw_strekeisen\pluto\olivine\olivine_PPL_4704030.jpg,olivine,PPL,0,
raw_strekeisen\pluto\olivine\olivine_PPL_98395734.jpg,olivine,PPL,3,Olivino;Plagioclasa
raw_strekeisen\pluto\olivine\olivine_XPL_29590907.jpg,olivine,XPL,2,Plagioclasa
raw_strekeisen\pluto\olivine\olivine_PPL_81621457.jpg,olivine,PPL,0,
raw_strekeisen\pluto\olivine\olivine_XPL_9425148.jpg,olivine,XPL,1,Olivino
raw_strekeisen\pluto\olivine\olivine_XPL_71687810.jpg,olivine,XPL,1,Plagioclasa
raw_strekeisen\pluto\olivine\olivine_XPL_75247638.jpg,olivine,XPL,5,Plagioclasa
raw_strekeisen\pluto\olivine\olivine_PPL_23884006.jpg,olivine,PPL,5,Ortopiroxeno;Plagioclasa
raw_strekeisen\pluto\olivine\olivine_XPL_12933993.jpg,olivine,XPL,7,Ortopiroxeno;Plagioclasa
raw_strekeisen\pluto\olivine\olivine_PPL_45047752.jpg,olivine,PPL,2,Ortopiroxeno;Plagioclasa
raw_strekeisen\pluto\olivine\olivine_XPL_69048886.jpg,olivine,XPL,8,Hornblenda;Plagioclasa
raw_strekeisen\pluto\olivine\olivine_PPL_93886587.jpg,olivine,PPL,1,Ortopiroxeno
raw_strekeisen\pluto\olivine\olivine_XPL_64005179.jpg,olivine,XPL,0,
raw_strekeisen\pluto\olivine\olivine_XPL_17721203.jpg,olivine,XPL,0,
raw_strekeisen\pluto\olivine\olivine_XPL_87781801.jpg,olivine,XPL,1,Cancrinita
raw_strekeisen\pluto\olivine\olivine_XPL_14172046.jpg,olivine,XPL,0,
raw_strekeisen\pluto\olivine\olivine_XPL_70476036.jpg,olivine,XPL,0,
raw_strekeisen\pluto\olivine\olivine_XPL_96309863.jpg,olivine,XPL,1,Olivino alterado con serpentina
raw_strekeisen\pluto\olivine\olivine_XPL_83988976.jpg,olivine,XPL,0,
raw_strekeisen\pluto\olivine\olivine_XPL_33142470.jpg,olivine,XPL,0,
raw_strekeisen\pluto\olivine\olivine_XPL_56063015.jpg,olivine,XPL,2,Ortopiroxeno;Plagioclasa
raw_strekeisen\pluto\olivine\olivine_XPL_85338598.jpg,olivine,XPL,0,
raw_strekeisen\pluto\olivine\olivine_XPL_40367892.jpg,olivine,XPL,0,
raw_strekeisen\pluto\olivine\olivine_XPL_78342023.jpg,olivine,XPL,0,
raw_strekeisen\pluto\olivine\olivine_XPL_87024918.jpg,olivine,XPL,0,
raw_strekeisen\pluto\olivine\olivine_XPL_19359354.jpg,olivine,XPL,3,Olivino;Olivino alterado con serpentina;Ortopiroxeno
raw_strekeisen\pluto\olivine\olivine_XPL_72950472.jpg,olivine,XPL,4,Arfvedsonita;Ilmenita;Olivino;Plagioclasa
raw_strekeisen\pluto\olivine\olivine_XPL_11021901.jpg,olivine,XPL,0,
raw_strekeisen\pluto\olivine\olivine_XPL_30716780.jpg,olivine,XPL,1,Plagioclasa
raw_strekeisen\pluto\olivine\olivine_XPL_67976720.jpg,olivine,XPL,3,Cancrinita;Ilmenita;Piroxeno
raw_strekeisen\pluto\olivine\olivine_XPL_13935071.jpg,olivine,XPL,11,Antipertita;Olivino alterado con serpentina;Venas de serpentina
raw_strekeisen\pluto\olivine\olivine_PPL_51405172.jpg,olivine,PPL,2,Olivino alterado con serpentina
raw_strekeisen\pluto\olivine\olivine_XPL_97358433.jpg,olivine,XPL,2,Olivino alterado con serpentina;Venas de serpentina
raw_strekeisen\pluto\olivine\olivine_PPL_93571831.jpg,olivine,PPL,0,
raw_strekeisen\pluto\olivine\olivine_XPL_86830963.jpg,olivine,XPL,3,Antipertita;Olivino alterado con serpentina;Plagioclasa
raw_strekeisen\pluto\clinopyroxene\clinopyroxene_PPL_16235353.jpg,clinopyroxene,PPL,0,
raw_strekeisen\pluto\clinopyroxene\clinopyroxene_PPL_23368800.jpg,clinopyroxene,PPL,0,
raw_strekeisen\pluto\clinopyroxene\clinopyroxene_PPL_90782838.jpg,clinopyroxene,PPL,1,Olivino
raw_strekeisen\pluto\clinopyroxene\clinopyroxene_PPL_14149091.jpg,clinopyroxene,PPL,1,Aegirina
raw_strekeisen\pluto\clinopyroxene\clinopyroxene_XPL_57292494.jpg,clinopyroxene,XPL,1,Aegirina
raw_strekeisen\pluto\clinopyroxene\clinopyroxene_PPL_66036227.jpg,clinopyroxene,PPL,1,Aegirina
raw_strekeisen\pluto\clinopyroxene\clinopyroxene_PPL_95222302.jpg,clinopyroxene,PPL,3,Aegirina
raw_strekeisen\pluto\clinopyroxene\clinopyroxene_PPL_1454660.jpg,clinopyroxene,PPL,5,Aegirina;Cancrinita
raw_strekeisen\pluto\clinopyroxene\clinopyroxene_PPL_56910057.jpg,clinopyroxene,PPL,3,Aegirina;Arfvedsonita;Cuarzo
raw_strekeisen\pluto\clinopyroxene\clinopyroxene_XPL_65157328.jpg,clinopyroxene,XPL,3,Aegirina;Cuarzo
raw_strekeisen\pluto\clinopyroxene\clinopyroxene_PPL_87406751.jpg,clinopyroxene,PPL,3,Aegirina;Arfvedsonita;Cuarzo
raw_strekeisen\pluto\clinopyroxene\clinopyroxene_XPL_52897809.jpg,clinopyroxene,XPL,2,Aegirina
raw_strekeisen\pluto\clinopyroxene\clinopyroxene_PPL_81203070.jpg,clinopyroxene,PPL,0,
raw_strekeisen\pluto\clinopyroxene\clinopyroxene_XPL_30370927.jpg,clinopyroxene,XPL,0,
raw_strekeisen\pluto\clinopyroxene\clinopyroxene_PPL_33266113.jpg,clinopyroxene,PPL,1,Aegirina
raw_strekeisen\pluto\clinopyroxene\clinopyroxene_XPL_40121531.jpg,clinopyroxene,XPL,1,Aegirina
raw_strekeisen\pluto\clinopyroxene\clinopyroxene_PPL_87122188.jpg,clinopyroxene,PPL,0,
raw_strekeisen\pluto\clinopyroxene\clinopyroxene_XPL_56355253.jpg,clinopyroxene,XPL,0,
raw_strekeisen\pluto\clinopyroxene\clinopyroxene_PPL_25779635.jpg,clinopyroxene,PPL,3,Piroxeno;Plagioclasa
raw_strekeisen\pluto\clinopyroxene\clinopyroxene_XPL_38747407.jpg,clinopyroxene,XPL,4,Antipertita;Piroxeno;Plagioclasa;nefelina
raw_strekeisen\pluto\clinopyroxene\clinopyroxene_PPL_58601437.jpg,clinopyroxene,PPL,5,Piroxeno;Plagioclasa
raw_strekeisen\pluto\clinopyroxene\clinopyroxene_XPL_90974653.jpg,clinopyroxene,XPL,4,Antipertita;Piroxeno;Plagioclasa;nefelina
raw_strekeisen\pluto\clinopyroxene\clinopyroxene_XPL_88423798.jpg,clinopyroxene,XPL,1,Plagioclasa
raw_strekeisen\pluto\clinopyroxene\clinopyroxene_XPL_42706334.jpg,clinopyroxene,XPL,1,Mineral opaco
raw_strekeisen\pluto\clinopyroxene\clinopyroxene_PPL_47909148.jpg,clinopyroxene,PPL,4,Ortopiroxeno;Plagioclasa
raw_strekeisen\pluto\clinopyroxene\clinopyroxene_XPL_18808018.jpg,clinopyroxene,XPL,4,Aegirina;Antipertita;Plagioclasa
raw_strekeisen\pluto\clinopyroxene\clinopyroxene_PPL_7657414.jpg,clinopyroxene,PPL,1,Plagioclasa
raw_strekeisen\pluto\clinopyroxene\clinopyroxene_XPL_91142154.jpg,clinopyroxene,XPL,4,Antipertita;Plagioclasa
raw_strekeisen\pluto\clinopyroxene\clinopyroxene_XPL_5813447.jpg,clinopyroxene,XPL,6,Antipertita;Piroxeno;Plagioclasa
raw_strekeisen\pluto\clinopyroxene\clinopyroxene_XPL_78482976.jpg,clinopyroxene,XPL,0,
raw_strekeisen\pluto\clinopyroxene\clinopyroxene_PPL_73962836.jpg,clinopyroxene,PPL,0,
raw_strekeisen\pluto\clinopyroxene\clinopyroxene_XPL_3831940.jpg,clinopyroxene,XPL,5,Aegirina;Olivino;Rusenbuschita
raw_strekeisen\pluto\clinopyroxene\clinopyroxene_PPL_6361252.jpg,clinopyroxene,PPL,2,Plagioclasa
raw_strekeisen\pluto\clinopyroxene\clinopyroxene_PPL_64477056.jpg,clinopyroxene,PPL,1,Eudialita
raw_strekeisen\pluto\clinopyroxene\clinopyroxene_PPL_89165347.jpg,clinopyroxene,PPL,1,Plagioclasa
raw_strekeisen\pluto\clinopyroxene\clinopyroxene_PPL_478864.jpg,clinopyroxene,PPL,2,Ilmenita;Plagioclasa
raw_strekeisen\pluto\cumberlandite\cumberlandite_PPL_38517758.jpg,cumberlandite,PPL,4,Mineral opaco;Olivino
raw_strekeisen\pluto\cumberlandite\cumberlandite_XPL_30173956.jpg,cumberlandite,XPL,2,Plagioclasa
raw_strekeisen\pluto\cumberlandite\cumberlandite_PPL_96582099.jpg,cumberlandite,PPL,3,Mineral opaco;Olivino
raw_strekeisen\pluto\cumberlandite\cumberlandite_PPL_59493540.jpg,cumberlandite,PPL,2,Olivino
raw_strekeisen\pluto\cumberlandite\cumberlandite_XPL_46030271.jpg,cumberlandite,XPL,1,Olivino
raw_strekeisen\pluto\cumberlandite\cumberlandite_PPL_10378920.jpg,cumberlandite,PPL,4,Mineral opaco;Olivino
raw_strekeisen\pluto\cumberlandite\cumberlandite_PPL_85971986.jpg,cumberlandite,PPL,2,Olivino
raw_strekeisen\pluto\cumberlandite\cumberlandite_PPL_88421126.jpg,cumberlandite,PPL,4,Mineral opaco;Olivino;Rusenbuschita
raw_strekeisen\pluto\cumberlandite\cumberlandite_PPL_66824894.jpg,cumberlandite,PPL,4,Olivino;Rusenbuschita
raw_strekeisen\pluto\cumberlandite\cumberlandite_PPL_89906225.jpg,cumberlandite,PPL,1,Olivino
raw_strekeisen\pluto\cumberlandite\cumberlandite_XPL_24169025.jpg,cumberlandite,XPL,0,
raw_strekeisen\pluto\cumberlandite\cumberlandite_PPL_92752189.jpg,cumberlandite,PPL,1,Mineral opaco
raw_strekeisen\pluto\cumberlandite\cumberlandite_PPL_24262486.jpg,cumberlandite,PPL,1,Mineral opaco
raw_strekeisen\pluto\cumberlandite\cumberlandite_XPL_94407022.jpg,cumberlandite,XPL,4,Mineral opaco;Olivino
raw_strekeisen\pluto\cumberlandite\cumberlandite_PPL_65570978.jpg,cumberlandite,PPL,5,Mineral opaco;Olivino
raw_strekeisen\pluto\cumberlandite\cumberlandite_PPL_70987188.jpg,cumberlandite,PPL,3,Mineral opaco;Olivino
raw_strekeisen\pluto\cumberlandite\cumberlandite_XPL_24189105.jpg,cumberlandite,XPL,0,
raw_strekeisen\pluto\cumberlandite\cumberlandite_PPL_80218836.jpg,cumberlandite,PPL,5,Mineral opaco;Olivino
raw_strekeisen\pluto\cumberlandite\cumberlandite_PPL_45951773.jpg,cumberlandite,PPL,9,Ilmenita;Mineral opaco;Olivino
raw_strekeisen\pluto\jacupirangite\jacupirangite_PPL_59718321.jpg,jacupirangite,PPL,1,Piroxeno
raw_strekeisen\pluto\jacupirangite\jacupirangite_PPL_90297954.jpg,jacupirangite,PPL,0,
raw_strekeisen\pluto\jacupirangite\jacupirangite_XPL_46911042.jpg,jacupirangite,XPL,2,Aegirina;Rusenbuschita
raw_strekeisen\pluto\jacupirangite\jacupirangite_XPL_25012995.jpg,jacupirangite,XPL,2,Aegirina;Olivino
raw_strekeisen\pluto\jacupirangite\jacupirangite_XPL_52851017.jpg,jacupirangite,XPL,2,Arfvedsonita;Olivino
raw_strekeisen\pluto\jacupirangite\jacupirangite_PPL_24571054.jpg,jacupirangite,PPL,1,Piroxeno
raw_strekeisen\pluto\jacupirangite\jacupirangite_XPL_70283871.jpg,jacupirangite,XPL,1,Olivino
raw_strekeisen\pluto\jacupirangite\jacupirangite_XPL_45355327.jpg,jacupirangite,XPL,0,
raw_strekeisen\pluto\jacupirangite\jacupirangite_PPL_41335399.jpg,jacupirangite,PPL,1,Olivino
raw_strekeisen\pluto\jacupirangite\jacupirangite_PPL_52746894.jpg,jacupirangite,PPL,2,Piroxeno
raw_strekeisen\pluto\jacupirangite\jacupirangite_PPL_42900203.jpg,jacupirangite,PPL,0,
raw_strekeisen\pluto\jacupirangite\jacupirangite_XPL_27632899.jpg,jacupirangite,XPL,1,Aegirina
raw_strekeisen\pluto\jacupirangite\jacupirangite_XPL_71419192.jpg,jacupirangite,XPL,3,Aegirina;Olivino
raw_strekeisen\pluto\jacupirangite\jacupirangite_PPL_52334528.jpg,jacupirangite,PPL,1,Aegirina
raw_strekeisen\pluto\jacupirangite\jacupirangite_XPL_10849464.jpg,jacupirangite,XPL,2,Aegirina
raw_strekeisen\pluto\jacupirangite\jacupirangite_PPL_39726359.jpg,jacupirangite,PPL,1,Piroxeno
raw_strekeisen\pluto\jacupirangite\jacupirangite_XPL_37673513.jpg,jacupirangite,XPL,2,Aegirina;Ortopiroxeno
raw_strekeisen\pluto\jacupirangite\jacupirangite_XPL_97671229.jpg,jacupirangite,XPL,2,Aegirina;Arfvedsonita
raw_strekeisen\pluto\kentallenite\kentallenite_PPL_7517013.jpg,kentallenite,PPL,2,Ortopiroxeno
raw_strekeisen\pluto\kentallenite\kentallenite_XPL_66695675.jpg,kentallenite,XPL,3,Aegirina;Olivino
raw_strekeisen\pluto\kentallenite\kentallenite_PPL_98426996.jpg,kentallenite,PPL,1,Olivino
raw_strekeisen\pluto\kentallenite\kentallenite_PPL_86686773.jpg,kentallenite,PPL,0,
raw_strekeisen\pluto\kentallenite\kentallenite_XPL_2321891.jpg,kentallenite,XPL,0,
raw_strekeisen\pluto\kentallenite\kentallenite_PPL_79671928.jpg,kentallenite,PPL,0,
raw_strekeisen\pluto\kentallenite\kentallenite_PPL_69704971.jpg,kentallenite,PPL,2,Hornblenda;Plagioclasa
raw_strekeisen\pluto\kentallenite\kentallenite_PPL_68448988.jpg,kentallenite,PPL,0,
raw_strekeisen\pluto\kentallenite\kentallenite_XPL_85925422.jpg,kentallenite,XPL,0,
raw_strekeisen\pluto\kentallenite\kentallenite_PPL_99159572.jpg,kentallenite,PPL,0,
raw_strekeisen\pluto\kentallenite\kentallenite_PPL_27489138.jpg,kentallenite,PPL,0,
raw_strekeisen\pluto\kentallenite\kentallenite_XPL_26603830.jpg,kentallenite,XPL,0,
raw_strekeisen\pluto\kentallenite\kentallenite_PPL_36729391.jpg,kentallenite,PPL,3,Olivino;Ortopiroxeno
raw_strekeisen\pluto\kentallenite\kentallenite_XPL_62516294.jpg,kentallenite,XPL,2,Plagioclasa
raw_strekeisen\pluto\kentallenite\kentallenite_XPL_62711974.jpg,kentallenite,XPL,1,Arfvedsonita
raw_strekeisen\pluto\kentallenite\kentallenite_PPL_81603425.jpg,kentallenite,PPL,1,Aegirina
raw_strekeisen\pluto\kentallenite\kentallenite_PPL_45740323.jpg,kentallenite,PPL,0,
raw_strekeisen\pluto\kentallenite\kentallenite_PPL_16852080.jpg,kentallenite,PPL,1,Olivino
raw_strekeisen\pluto\kentallenite\kentallenite_PPL_65763244.jpg,kentallenite,PPL,0,
raw_strekeisen\pluto\kentallenite\kentallenite_PPL_5324317.jpg,kentallenite,PPL,1,Plagioclasa
raw_strekeisen\pluto\kentallenite\kentallenite_XPL_19207314.jpg,kentallenite,XPL,2,Hornblenda;Plagioclasa
raw_strekeisen\pluto\kentallenite\kentallenite_PPL_56787653.jpg,kentallenite,PPL,2,Aegirina;Ortopiroxeno
raw_strekeisen\pluto\kentallenite\kentallenite_PPL_30318657.jpg,kentallenite,PPL,1,Ortopiroxeno
raw_strekeisen\pluto\kentallenite\kentallenite_XPL_61468360.jpg,kentallenite,XPL,3,Aegirina;Olivino;Plagioclasa
raw_strekeisen\pluto\kentallenite\kentallenite_PPL_1963757.jpg,kentallenite,PPL,1,Olivino
raw_strekeisen\pluto\kentallenite\kentallenite_PPL_85955684.jpg,kentallenite,PPL,1,Hornblenda
raw_strekeisen\pluto\kentallenite\kentallenite_XPL_57771999.jpg,kentallenite,XPL,0,
raw_strekeisen\pluto\kentallenite\kentallenite_PPL_46643229.jpg,kentallenite,PPL,0,
raw_strekeisen\pluto\kentallenite\kentallenite_PPL_41085818.jpg,kentallenite,PPL,2,Hornblenda;Olivino
raw_strekeisen\pluto\kentallenite\kentallenite_XPL_92604130.jpg,kentallenite,XPL,1,Plagioclasa
raw_strekeisen\pluto\kentallenite\kentallenite_PPL_56562480.jpg,kentallenite,PPL,0,
raw_strekeisen\pluto\kentallenite\kentallenite_PPL_87171627.jpg,kentallenite,PPL,6,Aegirina;Olivino;Ortopiroxeno
raw_strekeisen\pluto\kentallenite\kentallenite_XPL_7311.jpg,kentallenite,XPL,3,Aegirina;Olivino
raw_strekeisen\pluto\kentallenite\kentallenite_PPL_43082297.jpg,kentallenite,PPL,1,Hornblenda
raw_strekeisen\pluto\kentallenite\kentallenite_PPL_36479205.jpg,kentallenite,PPL,1,Olivino
raw_strekeisen\pluto\kentallenite\kentallenite_XPL_98248446.jpg,kentallenite,XPL,1,Olivino
raw_strekeisen\pluto\kentallenite\kentallenite_PPL_80428605.jpg,kentallenite,PPL,0,
raw_strekeisen\pluto\kentallenite\kentallenite_PPL_23274985.jpg,kentallenite,PPL,0,
raw_strekeisen\pluto\kentallenite\kentallenite_XPL_63420354.jpg,kentallenite,XPL,0,
raw_strekeisen\pluto\kentallenite\kentallenite_PPL_41803206.jpg,kentallenite,PPL,0,
raw_strekeisen\pluto\kentallenite\kentallenite_PPL_41620152.jpg,kentallenite,PPL,2,Olivino
raw_strekeisen\pluto\kentallenite\kentallenite_PPL_71788310.jpg,kentallenite,PPL,1,Olivino
raw_strekeisen\pluto\melteigite\melteigite_PPL_4746760.jpg,melteigite,PPL,1,Anfibol
raw_strekeisen\pluto\melteigite\melteigite_XPL_4345093.jpg,melteigite,XPL,0,
raw_strekeisen\pluto\melteigite\melteigite_PPL_10474172.jpg,melteigite,PPL,2,Anfibol;Arfvedsonita
raw_strekeisen\pluto\melteigite\melteigite_XPL_60641861.jpg,melteigite,XPL,0,
raw_strekeisen\pluto\melteigite\melteigite_PPL_25222286.jpg,melteigite,PPL,0,
raw_strekeisen\pluto\melteigite\melteigite_PPL_49602753.jpg,melteigite,PPL,1,Aegirina
raw_strekeisen\pluto\melteigite\melteigite_XPL_76249168.jpg,melteigite,XPL,3,Arfvedsonita;Plagioclasa
raw_strekeisen\pluto\melteigite\melteigite_PPL_35058883.jpg,melteigite,PPL,4,Anfibol;Arfvedsonita;Olivino;Ortopiroxeno
raw_strekeisen\pluto\melteigite\melteigite_PPL_35154704.jpg,melteigite,PPL,1,Arfvedsonita
raw_strekeisen\pluto\melteigite\melteigite_PPL_87036503.jpg,melteigite,PPL,4,Aegirina;Anfibol;Olivino
raw_strekeisen\pluto\melteigite\melteigite_XPL_19430103.jpg,melteigite,XPL,2,Arfvedsonita;Plagioclasa
raw_strekeisen\pluto\melteigite\melteigite_PPL_28609832.jpg,melteigite,PPL,1,Aegirina
raw_strekeisen\pluto\melteigite\melteigite_PPL_34115344.jpg,melteigite,PPL,2,Anfibol
raw_strekeisen\pluto\melteigite\melteigite_PPL_14046023.jpg,melteigite,PPL,1,Arfvedsonita
raw_strekeisen\pluto\melteigite\melteigite_XPL_99953554.jpg,melteigite,XPL,1,Plagioclasa
raw_strekeisen\pluto\melteigite\melteigite_PPL_59189891.jpg,melteigite,PPL,0,
raw_strekeisen\pluto\melteigite\melteigite_PPL_81444865.jpg,melteigite,PPL,1,Sodalita
raw_strekeisen\pluto\melteigite\melteigite_PPL_49700395.jpg,melteigite,PPL,1,Anfibol
raw_strekeisen\pluto\melteigite\melteigite_PPL_97048757.jpg,melteigite,PPL,4,Aegirina;Anfibol;Arfvedsonita
raw_strekeisen\pluto\melteigite\melteigite_XPL_75312726.jpg,melteigite,XPL,3,Cuarzo;Ortopiroxeno;Sodalita
raw_strekeisen\pluto\melteigite\melteigite_PPL_85019790.jpg,melteigite,PPL,2,Arfvedsonita;Cancrinita
raw_strekeisen\pluto\melteigite\melteigite_PPL_21874381.jpg,melteigite,PPL,0,
raw_strekeisen\pluto\melteigite\melteigite_XPL_39206760.jpg,melteigite,XPL,0,
raw_strekeisen\pluto\melteigite\melteigite_PPL_15800566.jpg,melteigite,PPL,5,Aegirina;Anfibol
raw_strekeisen\pluto\melteigite\melteigite_PPL_68578317.jpg,melteigite,PPL,0,
raw_strekeisen\pluto\melteigite\melteigite_XPL_24956017.jpg,melteigite,XPL,2,Plagioclasa
raw_strekeisen\pluto\melteigite\melteigite_PPL_6733078.jpg,melteigite,PPL,2,Aegirina;Arfvedsonita
raw_strekeisen\pluto\melteigite\melteigite_PPL_34917596.jpg,melteigite,PPL,2,Mineral opaco
raw_strekeisen\pluto\melteigite\melteigite_PPL_90407348.jpg,melteigite,PPL,0,
raw_strekeisen\pluto\melteigite\melteigite_PPL_43294596.jpg,melteigite,PPL,4,Aegirina;Olivino;Sodalita
raw_strekeisen\pluto\melteigite\melteigite_PPL_96744558.jpg,melteigite,PPL,2,Aegirina;Olivino
raw_strekeisen\pluto\melteigite\melteigite_PPL_13435204.jpg,melteigite,PPL,0,
raw_strekeisen\pluto\melteigite\melteigite_PPL_44216588.jpg,melteigite,PPL,1,Aegirina
raw_strekeisen\pluto\monzodiorite\monzodiorite_PPL_17946801.jpg,monzodiorite,PPL,7,Ortopiroxeno;Piroxeno
raw_strekeisen\pluto\monzodiorite\monzodiorite_XPL_18471253.jpg,monzodiorite,XPL,4,Plagioclasa
raw_strekeisen\pluto\monzodiorite\monzodiorite_XPL_78927709.jpg,monzodiorite,XPL,8,Olivino;Plagioclasa
raw_strekeisen\pluto\monzodiorite\monzodiorite_XPL_90720240.jpg,monzodiorite,XPL,6,Cuarzo;Ilmenita;Plagioclasa
raw_strekeisen\pluto\monzodiorite\monzodiorite_XPL_68594018.jpg,monzodiorite,XPL,4,Cuarzo;Ortoclasa;Piroxeno
raw_strekeisen\pluto\monzodiorite\monzodiorite_XPL_55427397.jpg,monzodiorite,XPL,5,Antipertita;Cuarzo;Plagioclasa
raw_strekeisen\pluto\monzodiorite\monzodiorite_XPL_65771242.jpg,monzodiorite,XPL,6,Aegirina;Hornblenda;Olivino;Plagioclasa
raw_strekeisen\pluto\norite\norite_PPL_26491074.jpg,norite,PPL,15,Ortopiroxeno;Plagioclasa
raw_strekeisen\pluto\norite\norite_XPL_70169464.jpg,norite,XPL,9,Cuarzo;Plagioclasa
raw_strekeisen\pluto\norite\norite_PPL_17378806.jpg,norite,PPL,11,Ortopiroxeno;Plagioclasa
raw_strekeisen\pluto\norite\norite_XPL_24008555.jpg,norite,XPL,5,Plagioclasa
raw_strekeisen\pluto\norite\norite_PPL_57330366.jpg,norite,PPL,16,Ortopiroxeno;Plagioclasa
raw_strekeisen\pluto\norite\norite_XPL_56078015.jpg,norite,XPL,6,Ortopiroxeno;Plagioclasa
raw_strekeisen\pluto\norite\norite_PPL_18855787.jpg,norite,PPL,7,Ortopiroxeno;Plagioclasa
raw_strekeisen\pluto\norite\norite_XPL_90335653.jpg,norite,XPL,9,Ortopiroxeno;Plagioclasa
raw_strekeisen\pluto\norite\norite_PPL_66089518.jpg,norite,PPL,8,Ortopiroxeno;Plagioclasa
raw_strekeisen\pluto\norite\norite_XPL_6139437.jpg,norite,XPL,11,Ortopiroxeno;Plagioclasa
raw_strekeisen\pluto\norite\norite_PPL_7257460.jpg,norite,PPL,9,Ortopiroxeno;Plagioclasa
raw_strekeisen\pluto\norite\norite_XPL_32075611.jpg,norite,XPL,5,Antipertita;Plagioclasa
raw_strekeisen\pluto\norite\norite_PPL_77954683.jpg,norite,PPL,11,Ortopiroxeno;Plagioclasa
raw_strekeisen\pluto\norite\norite_XPL_87404220.jpg,norite,XPL,6,Ortopiroxeno;Plagioclasa
raw_strekeisen\pluto\norite\norite_PPL_39361823.jpg,norite,PPL,12,Ortopiroxeno;Plagioclasa
raw_strekeisen\pluto\norite\norite_XPL_62009631.jpg,norite,XPL,6,Antipertita;Ortopiroxeno;Plagioclasa
raw_strekeisen\pluto\norite\norite_PPL_74444054.jpg,norite,PPL,7,Ortopiroxeno;Plagioclasa
raw_strekeisen\pluto\norite\norite_XPL_84033240.jpg,norite,XPL,14,Ortopiroxeno;Plagioclasa
raw_strekeisen\pluto\norite\norite_PPL_50388341.jpg,norite,PPL,7,Ortopiroxeno;Plagioclasa
raw_strekeisen\pluto\norite\norite_XPL_84937911.jpg,norite,XPL,11,Ortopiroxeno;Plagioclasa
raw_strekeisen\pluto\norite\norite_XPL_44892028.jpg,norite,XPL,5,Ortopiroxeno;Plagioclasa
raw_strekeisen\pluto\mattoni\mattoni_PPL_87150072.jpg,mattoni,PPL,0,
raw_strekeisen\pluto\mattoni\mattoni_XPL_30524807.jpg,mattoni,XPL,1,Olivino
raw_strekeisen\pluto\mattoni\mattoni_PPL_87032895.jpg,mattoni,PPL,0,
raw_strekeisen\pluto\mattoni\mattoni_XPL_62859890.jpg,mattoni,XPL,1,Olivino
raw_strekeisen\pluto\mattoni\mattoni_PPL_51524723.jpg,mattoni,PPL,0,
raw_strekeisen\pluto\mattoni\mattoni_XPL_76388641.jpg,mattoni,XPL,0,
raw_strekeisen\pluto\mattoni\mattoni_PPL_93825771.jpg,mattoni,PPL,0,
raw_strekeisen\pluto\mattoni\mattoni_XPL_5814300.jpg,mattoni,XPL,2,Cuarzo;Olivino
raw_strekeisen\pluto\mattoni\mattoni_PPL_69932119.jpg,mattoni,PPL,0,
raw_strekeisen\pluto\mattoni\mattoni_XPL_25015150.jpg,mattoni,XPL,1,Olivino
raw_strekeisen\pluto\mattoni\mattoni_XPL_62570659.jpg,mattoni,XPL,2,Mineral opaco;Plagioclasa
raw_strekeisen\pluto\mattoni\mattoni_PPL_49028795.jpg,mattoni,PPL,0,
raw_strekeisen\pluto\mattoni\mattoni_XPL_63686190.jpg,mattoni,XPL,2,Olivino
raw_strekeisen\pluto\mattoni\mattoni_PPL_96897448.jpg,mattoni,PPL,0,
raw_strekeisen\pluto\mattoni\mattoni_XPL_55643458.jpg,mattoni,XPL,3,Mineral opaco;Olivino
raw_strekeisen\pluto\mattoni\mattoni_PPL_68185583.jpg,mattoni,PPL,1,Eudialita
raw_strekeisen\pluto\mattoni\mattoni_XPL_59303798.jpg,mattoni,XPL,2,Olivino;nefelina
raw_strekeisen\pluto\mattoni\mattoni_PPL_26519591.jpg,mattoni,PPL,1,Eudialita
raw_strekeisen\pluto\mattoni\mattoni_XPL_5217138.jpg,mattoni,XPL,0,
raw_strekeisen\pluto\mattoni\mattoni_PPL_23823951.jpg,mattoni,PPL,1,Turmalina
raw_strekeisen\pluto\mattoni\mattoni_XPL_49154123.jpg,mattoni,XPL,1,Olivino
raw_strekeisen\pluto\mattoni\mattoni_PPL_76887714.jpg,mattoni,PPL,0,
raw_strekeisen\pluto\mattoni\mattoni_XPL_81833004.jpg,mattoni,XPL,1,Plagioclasa
raw_strekeisen\pluto\mattoni\mattoni_PPL_81528900.jpg,mattoni,PPL,1,Hornblenda
raw_strekeisen\pluto\mattoni\mattoni_XPL_54078789.jpg,mattoni,XPL,1,Hornblenda
raw_strekeisen\pluto\mattoni\mattoni_PPL_94070003.jpg,mattoni,PPL,1,Aegirina
raw_strekeisen\pluto\mattoni\mattoni_XPL_72786734.jpg,mattoni,XPL,1,Cancrinita
raw_strekeisen\pluto\mattoni\mattoni_PPL_54548309.jpg,mattoni,PPL,0,
raw_strekeisen\pluto\mattoni\mattoni_XPL_98847484.jpg,mattoni,XPL,2,Plagioclasa;nefelina
raw_strekeisen\pluto\mattoni\mattoni_PPL_31393861.jpg,mattoni,PPL,0,
raw_strekeisen\pluto\mattoni\mattoni_XPL_88222076.jpg,mattoni,XPL,1,Olivino
raw_strekeisen\pluto\mattoni\mattoni_PPL_836707.jpg,mattoni,PPL,1,Plagioclasa
raw_strekeisen\pluto\mattoni\mattoni_XPL_5854140.jpg,mattoni,XPL,1,Olivino
raw_strekeisen\pluto\mattoni\mattoni_PPL_30712232.jpg,mattoni,PPL,0,
raw_strekeisen\pluto\mattoni\mattoni_XPL_21128666.jpg,mattoni,XPL,0,
raw_strekeisen\pluto\mattoni\mattoni_XPL_87282088.jpg,mattoni,XPL,1,Plagioclasa
raw_strekeisen\pluto\mattoni\mattoni_PPL_62981279.jpg,mattoni,PPL,1,Plagioclasa
raw_strekeisen\pluto\mattoni\mattoni_XPL_19072165.jpg,mattoni,XPL,2,Cancrinita;nefelina
raw_strekeisen\pluto\mattoni\mattoni_PPL_61133893.jpg,mattoni,PPL,0,
raw_strekeisen\pluto\mattoni\mattoni_XPL_65235402.jpg,mattoni,XPL,0,
raw_strekeisen\pluto\mattoni\mattoni_XPL_88830112.jpg,mattoni,XPL,2,Olivino;Plagioclasa
raw_strekeisen\pluto\mattoni\mattoni_PPL_79848289.jpg,mattoni,PPL,1,Olivino
raw_strekeisen\pluto\mattoni\mattoni_PPL_3951523.jpg,mattoni,PPL,0,
raw_strekeisen\pluto\mattoni\mattoni_XPL_6218663.jpg,mattoni,XPL,1,Plagioclasa
raw_strekeisen\pluto\mattoni\mattoni_PPL_80207600.jpg,mattoni,PPL,0,
raw_strekeisen\pluto\mattoni\mattoni_XPL_61247334.jpg,mattoni,XPL,1,Plagioclasa
raw_strekeisen\pluto\mattoni\mattoni_PPL_24561551.jpg,mattoni,PPL,1,Ortopiroxeno
raw_strekeisen\pluto\mattoni\mattoni_XPL_70313329.jpg,mattoni,XPL,0,
raw_strekeisen\pluto\mattoni\mattoni_PPL_33792335.jpg,mattoni,PPL,0,
raw_strekeisen\pluto\mattoni\mattoni_XPL_85387848.jpg,mattoni,XPL,1,Cancrinita
raw_strekeisen\pluto\mattoni\mattoni_PPL_14041832.jpg,mattoni,PPL,0,
raw_strekeisen\pluto\olivinegabbro\olivinegabbro_PPL_49843161.jpg,olivinegabbro,PPL,4,Ortopiroxeno;Plagioclasa
raw_strekeisen\pluto\olivinegabbro\olivinegabbro_XPL_28676156.jpg,olivinegabbro,XPL,13,Ortopiroxeno;Plagioclasa
raw_strekeisen\pluto\olivinegabbro\olivinegabbro_XPL_3890743.jpg,olivinegabbro,XPL,16,Ortopiroxeno;Plagioclasa
raw_strekeisen\pluto\olivinegabbro\olivinegabbro_XPL_2272492.jpg,olivinegabbro,XPL,11,Ortopiroxeno;Plagioclasa
raw_strekeisen\pluto\olivinegabbro\olivinegabbro_XPL_36755392.jpg,olivinegabbro,XPL,7,Plagioclasa
raw_strekeisen\pluto\olivinegabbro\olivinegabbro_PPL_38061940.jpg,olivinegabbro,PPL,4,Ortopiroxeno;Plagioclasa
raw_strekeisen\pluto\olivinegabbro\olivinegabbro_PPL_94925861.jpg,olivinegabbro,PPL,2,Ortopiroxeno
raw_strekeisen\pluto\olivinegabbro\olivinegabbro_XPL_56839573.jpg,olivinegabbro,XPL,2,Olivino;Plagioclasa
raw_strekeisen\pluto\olivinegabbro\olivinegabbro_PPL_72998168.jpg,olivinegabbro,PPL,4,Ortopiroxeno;Plagioclasa
raw_strekeisen\pluto\olivinegabbro\olivinegabbro_XPL_61366765.jpg,olivinegabbro,XPL,3,Ortopiroxeno;Plagioclasa
raw_strekeisen\pluto\olivinegabbro\olivinegabbro_PPL_67243404.jpg,olivinegabbro,PPL,0,
raw_strekeisen\pluto\olivinegabbro\olivinegabbro_XPL_18567904.jpg,olivinegabbro,XPL,0,
raw_strekeisen\pluto\olivinegabbro\olivinegabbro_PPL_80466109.jpg,olivinegabbro,PPL,0,
raw_strekeisen\pluto\olivinegabbro\olivinegabbro_XPL_33781219.jpg,olivinegabbro,XPL,0,
raw_strekeisen\pluto\olivinegabbro\olivinegabbro_PPL_34407446.jpg,olivinegabbro,PPL,2,Ortopiroxeno;Plagioclasa
raw_strekeisen\pluto\olivinegabbro\olivinegabbro_PPL_32886397.jpg,olivinegabbro,PPL,0,
raw_strekeisen\pluto\olivinegabbro\olivinegabbro_XPL_58446963.jpg,olivinegabbro,XPL,0,
raw_strekeisen\pluto\orthopyroxenite\orthopyroxenite_PPL_83586840.jpg,orthopyroxenite,PPL,3,Olivino;Plagioclasa
raw_strekeisen\pluto\orthopyroxenite\orthopyroxenite_XPL_75844152.jpg,orthopyroxenite,XPL,1,Ortopiroxeno
raw_strekeisen\pluto\orthopyroxenite\orthopyroxenite_PPL_71447730.jpg,orthopyroxenite,PPL,3,Olivino
raw_strekeisen\pluto\orthopyroxenite\orthopyroxenite_XPL_93631414.jpg,orthopyroxenite,XPL,1,Ortopiroxeno
raw_strekeisen\pluto\orthopyroxenite\orthopyroxenite_XPL_25041239.jpg,orthopyroxenite,XPL,0,
raw_strekeisen\pluto\orthopyroxenite\orthopyroxenite_XPL_85486855.jpg,orthopyroxenite,XPL,0,
raw_strekeisen\pluto\orthopyroxenite\orthopyroxenite_XPL_5951739.jpg,orthopyroxenite,XPL,0,
raw_strekeisen\pluto\orthopyroxenite\orthopyroxenite_PPL_15180425.jpg,orthopyroxenite,PPL,1,Olivino
raw_strekeisen\pluto\orthopyroxenite\orthopyroxenite_PPL_71769407.jpg,orthopyroxenite,PPL,2,Olivino
raw_strekeisen\pluto\orthopyroxenite\orthopyroxenite_XPL_1735096.jpg,orthopyroxenite,XPL,1,Ortopiroxeno
raw_strekeisen\pluto\orthopyroxenite\orthopyroxenite_XPL_97930898.jpg,orthopyroxenite,XPL,1,Ortopiroxeno
raw_strekeisen\pluto\orthopyroxenite\orthopyroxenite_XPL_81166889.jpg,orthopyroxenite,XPL,1,Ortopiroxeno
raw_strekeisen\pluto\orthopyroxenite\orthopyroxenite_PPL_15621396.jpg,orthopyroxenite,PPL,0,
raw_strekeisen\pluto\orthopyroxenite\orthopyroxenite_XPL_22092319.jpg,orthopyroxenite,XPL,0,
raw_strekeisen\pluto\orthopyroxenite\orthopyroxenite_PPL_17831275.jpg,orthopyroxenite,PPL,1,Olivino
raw_strekeisen\pluto\orthopyroxenite\orthopyroxenite_XPL_4171645.jpg,orthopyroxenite,XPL,0,
raw_strekeisen\pluto\orthopyroxenite\orthopyroxenite_PPL_56202695.jpg,orthopyroxenite,PPL,1,Olivino
raw_strekeisen\pluto\orthopyroxenite\orthopyroxenite_XPL_77770321.jpg,orthopyroxenite,XPL,0,
raw_strekeisen\pluto\dunite\dunite_PPL_9499721.jpg,dunite,PPL,1,Plagioclasa
raw_strekeisen\pluto\dunite\dunite_XPL_81487039.jpg,dunite,XPL,1,Cancrinita
raw_strekeisen\pluto\dunite\dunite_PPL_98213025.jpg,dunite,PPL,1,Ilmenita
raw_strekeisen\pluto\dunite\dunite_XPL_31102267.jpg,dunite,XPL,0,
raw_strekeisen\pluto\dunite\dunite_XPL_38356912.jpg,dunite,XPL,0,
raw_strekeisen\pluto\dunite\dunite_XPL_25996138.jpg,dunite,XPL,2,Arfvedsonita;Plagioclasa
raw_strekeisen\pluto\dunite\dunite_XPL_76777620.jpg,dunite,XPL,0,
raw_strekeisen\pluto\dunite\dunite_XPL_17872190.jpg,dunite,XPL,0,
raw_strekeisen\pluto\dunite\dunite_XPL_16815880.jpg,dunite,XPL,1,Plagioclasa
raw_strekeisen\pluto\dunite\dunite_XPL_27299672.jpg,dunite,XPL,1,Plagioclasa
raw_strekeisen\pluto\dunite\dunite_XPL_55843929.jpg,dunite,XPL,1,Plagioclasa
raw_strekeisen\pluto\dunite\dunite_XPL_87541786.jpg,dunite,XPL,2,Cancrinita;Plagioclasa
raw_strekeisen\pluto\wherlite\wherlite_XPL_42633821.jpg,wherlite,XPL,2,Plagioclasa
raw_strekeisen\pluto\wherlite\wherlite_PPL_79285241.jpg,wherlite,PPL,2,Ortopiroxeno;Plagioclasa
raw_strekeisen\pluto\wherlite\wherlite_XPL_12540566.jpg,wherlite,XPL,3,Olivino;Plagioclasa
raw_strekeisen\pluto\wherlite\wherlite_PPL_97580530.jpg,wherlite,PPL,1,Plagioclasa
raw_strekeisen\pluto\wherlite\wherlite_XPL_83922944.jpg,wherlite,XPL,0,
raw_strekeisen\pluto\wherlite\wherlite_PPL_32459920.jpg,wherlite,PPL,0,
raw_strekeisen\pluto\wherlite\wherlite_XPL_17459846.jpg,wherlite,XPL,3,Plagioclasa
raw_strekeisen\pluto\wherlite\wherlite_PPL_29287405.jpg,wherlite,PPL,2,Olivino;Plagioclasa
raw_strekeisen\pluto\wherlite\wherlite_PPL_70682247.jpg,wherlite,PPL,1,Olivino
raw_strekeisen\pluto\wherlite\wherlite_XPL_75177074.jpg,wherlite,XPL,1,Plagioclasa
raw_strekeisen\pluto\wherlite\wherlite_XPL_44292307.jpg,wherlite,XPL,0,
raw_strekeisen\pluto\wherlite\wherlite_XPL_12011380.jpg,wherlite,XPL,1,Plagioclasa
raw_strekeisen\pluto\wherlite\wherlite_XPL_87287382.jpg,wherlite,XPL,3,Plagioclasa
raw_strekeisen\pluto\wherlite\wherlite_PPL_28819280.jpg,wherlite,PPL,1,Plagioclasa
raw_strekeisen\pluto\wherlite\wherlite_PPL_63765038.jpg,wherlite,PPL,1,Plagioclasa
raw_strekeisen\pluto\wherlite\wherlite_PPL_40998720.jpg,wherlite,PPL,1,Plagioclasa
raw_strekeisen\pluto\wherlite\wherlite_PPL_15549556.jpg,wherlite,PPL,1,Ortopiroxeno
raw_strekeisen\pluto\wherlite\wherlite_XPL_46586594.jpg,wherlite,XPL,1,Plagioclasa
raw_strekeisen\pluto\wherlite\wherlite_XPL_81488333.jpg,wherlite,XPL,1,nefelina
raw_strekeisen\pluto\wherlite\wherlite_XPL_20618648.jpg,wherlite,XPL,0,
raw_strekeisen\pluto\wherlite\wherlite_XPL_71858699.jpg,wherlite,XPL,2,Plagioclasa
raw_strekeisen\pluto\wherlite\wherlite_XPL_34760787.jpg,wherlite,XPL,0,
raw_strekeisen\pluto\wherlite\wherlite_XPL_24903419.jpg,wherlite,XPL,0,
raw_strekeisen\pluto\wherlite\wherlite_XPL_16956680.jpg,wherlite,XPL,0,
raw_strekeisen\pluto\wherlite\wherlite_XPL_62880707.jpg,wherlite,XPL,0,
raw_strekeisen\pluto\wherlite\wherlite_XPL_20345950.jpg,wherlite,XPL,0,
raw_strekeisen\pluto\wherlite\wherlite_XPL_69479149.jpg,wherlite,XPL,1,Olivino
raw_strekeisen\pluto\harzburgite\harzburgite_XPL_72310585.jpg,harzburgite,XPL,0,
raw_strekeisen\pluto\harzburgite\harzburgite_PPL_92888683.jpg,harzburgite,PPL,5,Antipertita;Olivino alterado con serpentina
raw_strekeisen\pluto\harzburgite\harzburgite_XPL_83842295.jpg,harzburgite,XPL,0,
raw_strekeisen\pluto\harzburgite\harzburgite_XPL_18861369.jpg,harzburgite,XPL,3,Plagioclasa
raw_strekeisen\pluto\harzburgite\harzburgite_XPL_36915344.jpg,harzburgite,XPL,1,Plagioclasa
raw_strekeisen\pluto\harzburgite\harzburgite_XPL_90084830.jpg,harzburgite,XPL,5,Antipertita;Piroxeno;Plagioclasa
raw_strekeisen\pluto\harzburgite\harzburgite_XPL_5174209.jpg,harzburgite,XPL,8,Olivino;Olivino alterado con serpentina;Plagioclasa
raw_strekeisen\pluto\garnetlherzolite\garnetlherzolite_PPL_34817324.jpg,garnetlherzolite,PPL,0,
raw_strekeisen\pluto\garnetlherzolite\garnetlherzolite_XPL_46269042.jpg,garnetlherzolite,XPL,0,
raw_strekeisen\pluto\garnetlherzolite\garnetlherzolite_PPL_69049648.jpg,garnetlherzolite,PPL,0,
raw_strekeisen\pluto\garnetlherzolite\garnetlherzolite_XPL_11950163.jpg,garnetlherzolite,XPL,1,Cancrinita
raw_strekeisen\pluto\garnetlherzolite\garnetlherzolite_PPL_55257684.jpg,garnetlherzolite,PPL,0,
raw_strekeisen\pluto\garnetlherzolite\garnetlherzolite_XPL_70444027.jpg,garnetlherzolite,XPL,0,
raw_strekeisen\pluto\garnetlherzolite\garnetlherzolite_PPL_88356663.jpg,garnetlherzolite,PPL,0,
raw_strekeisen\pluto\garnetlherzolite\garnetlherzolite_XPL_80519797.jpg,garnetlherzolite,XPL,0,
raw_strekeisen\pluto\garnetlherzolite\garnetlherzolite_PPL_6038864.jpg,garnetlherzolite,PPL,0,
raw_strekeisen\pluto\garnetlherzolite\garnetlherzolite_XPL_33401192.jpg,garnetlherzolite,XPL,0,
raw_strekeisen\pluto\garnetlherzolite\garnetlherzolite_PPL_80626899.jpg,garnetlherzolite,PPL,0,
raw_strekeisen\pluto\garnetlherzolite\garnetlherzolite_XPL_90756915.jpg,garnetlherzolite,XPL,1,Mineral opaco
raw_strekeisen\pluto\garnetlherzolite\garnetlherzolite_PPL_12809593.jpg,garnetlherzolite,PPL,0,
raw_strekeisen\pluto\garnetlherzolite\garnetlherzolite_XPL_70237950.jpg,garnetlherzolite,XPL,3,Aegirina;Olivino
raw_strekeisen\pluto\garnetlherzolite\garnetlherzolite_PPL_81855551.jpg,garnetlherzolite,PPL,0,
raw_strekeisen\pluto\garnetlherzolite\garnetlherzolite_XPL_47465221.jpg,garnetlherzolite,XPL,0,
raw_strekeisen\pluto\garnetlherzolite\garnetlherzolite_PPL_59132820.jpg,garnetlherzolite,PPL,1,Turmalina
raw_strekeisen\pluto\garnetlherzolite\garnetlherzolite_PPL_18498694.jpg,garnetlherzolite,PPL,0,
raw_strekeisen\pluto\garnetlherzolite\garnetlherzolite_PPL_6531347.jpg,garnetlherzolite,PPL,2,Ortopiroxeno;Plagioclasa
raw_strekeisen\pluto\garnetlherzolite\garnetlherzolite_XPL_23123017.jpg,garnetlherzolite,XPL,3,Mineral opaco;Plagioclasa
raw_strekeisen\pluto\garnetlherzolite\garnetlherzolite_PPL_80668564.jpg,garnetlherzolite,PPL,2,Ortopiroxeno;Plagioclasa
raw_strekeisen\pluto\garnetlherzolite\garnetlherzolite_XPL_89928195.jpg,garnetlherzolite,XPL,4,Mineral opaco;Plagioclasa
raw_strekeisen\pluto\garnetlherzolite\garnetlherzolite_PPL_21695757.jpg,garnetlherzolite,PPL,1,Ortopiroxeno
raw_strekeisen\pluto\garnetlherzolite\garnetlherzolite_XPL_88819535.jpg,garnetlherzolite,XPL,2,Mineral opaco;Plagioclasa
raw_strekeisen\pluto\garnetlherzolite\garnetlherzolite_PPL_40736200.jpg,garnetlherzolite,PPL,0,
raw_strekeisen\pluto\garnetlherzolite\garnetlherzolite_XPL_54120979.jpg,garnetlherzolite,XPL,2,Plagioclasa
raw_strekeisen\pluto\garnetlherzolite\garnetlherzolite_PPL_13938009.jpg,garnetlherzolite,PPL,1,Plagioclasa
raw_strekeisen\pluto\garnetlherzolite\garnetlherzolite_PPL_66965151.jpg,garnetlherzolite,PPL,1,Ortopiroxeno
raw_strekeisen\pluto\garnetlherzolite\garnetlherzolite_PPL_44604627.jpg,garnetlherzolite,PPL,1,Olivino
raw_strekeisen\pluto\garnetlherzolite\garnetlherzolite_PPL_5559249.jpg,garnetlherzolite,PPL,0,
raw_strekeisen\pluto\garnetlherzolite\garnetlherzolite_XPL_52926334.jpg,garnetlherzolite,XPL,1,Arfvedsonita
raw_strekeisen\pluto\garnetlherzolite\garnetlherzolite_PPL_43034607.jpg,garnetlherzolite,PPL,0,
raw_strekeisen\pluto\garnetlherzolite\garnetlherzolite_XPL_25305212.jpg,garnetlherzolite,XPL,0,
raw_strekeisen\pluto\garnetlherzolite\garnetlherzolite_PPL_82685277.jpg,garnetlherzolite,PPL,0,
raw_strekeisen\pluto\garnetlherzolite\garnetlherzolite_PPL_50460032.jpg,garnetlherzolite,PPL,0,
raw_strekeisen\pluto\garnetlherzolite\garnetlherzolite_PPL_24640035.jpg,garnetlherzolite,PPL,0,
raw_strekeisen\pluto\garnetlherzolite\garnetlherzolite_PPL_65996616.jpg,garnetlherzolite,PPL,0,
raw_strekeisen\pluto\garnetlherzolite\garnetlherzolite_XPL_3263929.jpg,garnetlherzolite,XPL,0,
raw_strekeisen\pluto\garnetlherzolite\garnetlherzolite_XPL_20357639.jpg,garnetlherzolite,XPL,0,
raw_strekeisen\pluto\garnetlherzolite\garnetlherzolite_XPL_92233664.jpg,garnetlherzolite,XPL,1,Olivino
raw_strekeisen\pluto\garnetlherzolite\garnetlherzolite_XPL_62489381.jpg,garnetlherzolite,XPL,3,Aegirina;Eudialita
raw_strekeisen\pluto\garnetlherzolite\garnetlherzolite_PPL_62778046.jpg,garnetlherzolite,PPL,0,
raw_strekeisen\pluto\garnetlherzolite\garnetlherzolite_PPL_8435623.jpg,garnetlherzolite,PPL,0,
raw_strekeisen\pluto\garnetlherzolite\garnetlherzolite_XPL_10204298.jpg,garnetlherzolite,XPL,0,
raw_strekeisen\pluto\garnetlherzolite\garnetlherzolite_XPL_29458582.jpg,garnetlherzolite,XPL,0,
raw_strekeisen\pluto\spinelehorzolite\spinelehorzolite_PPL_1228317.jpg,spinelehorzolite,PPL,0,
raw_strekeisen\pluto\spinelehorzolite\spinelehorzolite_PPL_26036394.jpg,spinelehorzolite,PPL,1,Olivino
raw_strekeisen\pluto\spinelehorzolite\spinelehorzolite_XPL_85865726.jpg,spinelehorzolite,XPL,2,Olivino;Plagioclasa
raw_strekeisen\pluto\spinelehorzolite\spinelehorzolite_XPL_32158939.jpg,spinelehorzolite,XPL,0,
raw_strekeisen\pluto\spinelehorzolite\spinelehorzolite_XPL_85641105.jpg,spinelehorzolite,XPL,0,
raw_strekeisen\pluto\spinelehorzolite\spinelehorzolite_PPL_86497864.jpg,spinelehorzolite,PPL,0,
raw_strekeisen\pluto\spinelehorzolite\spinelehorzolite_XPL_42319366.jpg,spinelehorzolite,XPL,0,
raw_strekeisen\pluto\spinelehorzolite\spinelehorzolite_XPL_64373382.jpg,spinelehorzolite,XPL,0,
raw_strekeisen\pluto\spinelehorzolite\spinelehorzolite_PPL_69465962.jpg,spinelehorzolite,PPL,1,Olivino
raw_strekeisen\pluto\spinelehorzolite\spinelehorzolite_PPL_70646285.jpg,spinelehorzolite,PPL,0,
raw_strekeisen\pluto\spinelehorzolite\spinelehorzolite_XPL_8675979.jpg,spinelehorzolite,XPL,3,Aegirina;Plagioclasa
raw_strekeisen\pluto\spinelehorzolite\spinelehorzolite_XPL_54495221.jpg,spinelehorzolite,XPL,0,
raw_strekeisen\pluto\spinelehorzolite\spinelehorzolite_XPL_31289515.jpg,spinelehorzolite,XPL,0,
raw_strekeisen\pluto\spinelehorzolite\spinelehorzolite_XPL_48975852.jpg,spinelehorzolite,XPL,2,Arfvedsonita;Olivino
raw_strekeisen\pluto\spinelehorzolite\spinelehorzolite_PPL_7106582.jpg,spinelehorzolite,PPL,0,
raw_strekeisen\pluto\spinelehorzolite\spinelehorzolite_PPL_35323749.jpg,spinelehorzolite,PPL,0,
raw_strekeisen\pluto\spinelehorzolite\spinelehorzolite_PPL_6376344.jpg,spinelehorzolite,PPL,2,Arfvedsonita
raw_strekeisen\pluto\spinelehorzolite\spinelehorzolite_XPL_94097070.jpg,spinelehorzolite,XPL,1,Mineral opaco
raw_strekeisen\pluto\spinelehorzolite\spinelehorzolite_PPL_4136824.jpg,spinelehorzolite,PPL,1,Plagioclasa
raw_strekeisen\pluto\spinelehorzolite\spinelehorzolite_XPL_27917600.jpg,spinelehorzolite,XPL,1,Aegirina
raw_strekeisen\pluto\spinelehorzolite\spinelehorzolite_PPL_78915624.jpg,spinelehorzolite,PPL,3,Ilmenita;Olivino;Plagioclasa
raw_strekeisen\pluto\spinelehorzolite\spinelehorzolite_XPL_39586958.jpg,spinelehorzolite,XPL,0,
raw_strekeisen\pluto\spinelehorzolite\spinelehorzolite_PPL_7502717.jpg,spinelehorzolite,PPL,1,Aegirina
raw_strekeisen\pluto\spinelehorzolite\spinelehorzolite_PPL_16128670.jpg,spinelehorzolite,PPL,1,Olivino
raw_strekeisen\pluto\spinelehorzolite\spinelehorzolite_XPL_6782728.jpg,spinelehorzolite,XPL,0,
raw_strekeisen\pluto\pyroxenite\pyroxenite_PPL_38094604.jpg,pyroxenite,PPL,6,Mineral opaco;Olivino;Piroxeno
raw_strekeisen\pluto\pyroxenite\pyroxenite_PPL_95674402.jpg,pyroxenite,PPL,1,Hornblenda
raw_strekeisen\pluto\pyroxenite\pyroxenite_PPL_48494407.jpg,pyroxenite,PPL,5,Ilmenita;Mineral opaco;Olivino
raw_strekeisen\pluto\pyroxenite\pyroxenite_PPL_92131354.jpg,pyroxenite,PPL,9,Hornblenda;Ilmenita;Mineral opaco;Olivino;Piroxeno
raw_strekeisen\pluto\pyroxenite\pyroxenite_XPL_46997153.jpg,pyroxenite,XPL,2,Mineral opaco;Olivino
raw_strekeisen\pluto\pyroxenite\pyroxenite_XPL_25780869.jpg,pyroxenite,XPL,1,Arfvedsonita
raw_strekeisen\pluto\pyroxenite\pyroxenite_PPL_97643977.jpg,pyroxenite,PPL,8,Hornblenda;Ilmenita;Mineral opaco;Piroxeno
raw_strekeisen\pluto\pyroxenite\pyroxenite_XPL_11996547.jpg,pyroxenite,XPL,1,Hornblenda
raw_strekeisen\pluto\pyroxenite\pyroxenite_PPL_2727068.jpg,pyroxenite,PPL,6,Ilmenita;Mineral opaco;Piroxeno;Rusenbuschita
raw_strekeisen\pluto\pyroxenite\pyroxenite_PPL_97619938.jpg,pyroxenite,PPL,2,Mineral opaco
raw_strekeisen\pluto\pyroxenite\pyroxenite_PPL_47128682.jpg,pyroxenite,PPL,11,Hornblenda;Ilmenita;Mineral opaco;Olivino
raw_strekeisen\pluto\quartzgabbro\quartzgabbro_XPL_27134055.jpg,quartzgabbro,XPL,8,Cuarzo;Hornblenda;Plagioclasa
raw_strekeisen\pluto\quartzgabbro\quartzgabbro_XPL_75350217.jpg,quartzgabbro,XPL,15,Aegirina;Antipertita;Cuarzo;Hornblenda;Plagioclasa
raw_strekeisen\pluto\quartzgabbro\quartzgabbro_XPL_76473205.jpg,quartzgabbro,XPL,8,Aegirina;Cuarzo;Plagioclasa
raw_strekeisen\pluto\quartzgabbro\quartzgabbro_XPL_34494159.jpg,quartzgabbro,XPL,10,Anfibol;Cuarzo;Plagioclasa
raw_strekeisen\pluto\quartzgabbro\quartzgabbro_XPL_83379059.jpg,quartzgabbro,XPL,14,Aegirina;Cuarzo;Hornblenda;Olivino;Plagioclasa
raw_strekeisen\pluto\quartzgabbro\quartzgabbro_XPL_95648526.jpg,quartzgabbro,XPL,5,Cuarzo;Hornblenda;Plagioclasa
raw_strekeisen\pluto\quartzgabbro\quartzgabbro_XPL_18418437.jpg,quartzgabbro,XPL,7,Antipertita;Cuarzo;Plagioclasa
raw_strekeisen\pluto\rhum\rhum_PPL_72151197.jpg,rhum,PPL,0,
raw_strekeisen\pluto\rhum\rhum_XPL_24473042.jpg,rhum,XPL,10,Antipertita;Plagioclasa
raw_strekeisen\pluto\rhum\rhum_PPL_62728600.jpg,rhum,PPL,7,Ortopiroxeno;Piroxeno;Plagioclasa
raw_strekeisen\pluto\rhum\rhum_XPL_27524454.jpg,rhum,XPL,11,Antipertita;Plagioclasa
raw_strekeisen\pluto\rhum\rhum_PPL_67550996.jpg,rhum,PPL,2,Piroxeno;Plagioclasa
raw_strekeisen\pluto\rhum\rhum_PPL_34781752.jpg,rhum,PPL,4,Piroxeno;Plagioclasa
raw_strekeisen\pluto\rhum\rhum_XPL_88884830.jpg,rhum,XPL,12,Piroxeno;Plagioclasa
raw_strekeisen\pluto\rhum\rhum_XPL_2315635.jpg,rhum,XPL,10,Antipertita;Plagioclasa
raw_strekeisen\pluto\rhum\rhum_XPL_23551510.jpg,rhum,XPL,1,Plagioclasa
raw_strekeisen\pluto\rhum\rhum_PPL_94021203.jpg,rhum,PPL,0,
raw_strekeisen\pluto\rhum\rhum_XPL_42526917.jpg,rhum,XPL,3,Plagioclasa
raw_strekeisen\pluto\rhum\rhum_XPL_18466822.jpg,rhum,XPL,1,Plagioclasa
raw_strekeisen\pluto\rhum\rhum_PPL_64697198.jpg,rhum,PPL,0,
raw_strekeisen\pluto\rhum\rhum_XPL_28323578.jpg,rhum,XPL,0,
raw_strekeisen\pluto\rhum\rhum_PPL_33360807.jpg,rhum,PPL,0,
raw_strekeisen\pluto\rhum\rhum_XPL_65199963.jpg,rhum,XPL,1,Antipertita
raw_strekeisen\pluto\rhum\rhum_XPL_41134016.jpg,rhum,XPL,0,
raw_strekeisen\pluto\rhum\rhum_XPL_75029056.jpg,rhum,XPL,0,
raw_strekeisen\pluto\rhum\rhum_XPL_32432496.jpg,rhum,XPL,1,Olivino
raw_strekeisen\pluto\rhum\rhum_XPL_6405350.jpg,rhum,XPL,1,Plagioclasa
raw_strekeisen\pluto\rhum\rhum_XPL_92916843.jpg,rhum,XPL,12,Antipertita;Ilmenita;Piroxeno;Plagioclasa
raw_strekeisen\pluto\rhum\rhum_PPL_36494662.jpg,rhum,PPL,2,Piroxeno;Plagioclasa
raw_strekeisen\pluto\rhum\rhum_XPL_21461928.jpg,rhum,XPL,17,Antipertita;Hornblenda;Plagioclasa
raw_strekeisen\pluto\rhum\rhum_PPL_1626820.jpg,rhum,PPL,2,Aegirina;Ortopiroxeno
raw_strekeisen\pluto\rhum\rhum_PPL_90231578.jpg,rhum,PPL,9,Ilmenita;Mineral opaco;Ortopiroxeno;Plagioclasa
raw_strekeisen\pluto\rhum\rhum_XPL_84789101.jpg,rhum,XPL,4,Antipertita;Plagioclasa
raw_strekeisen\pluto\rhum\rhum_XPL_76754606.jpg,rhum,XPL,3,Cuarzo;Plagioclasa
raw_strekeisen\pluto\rhum\rhum_XPL_85267125.jpg,rhum,XPL,4,Ilmenita;Plagioclasa
raw_strekeisen\pluto\rhum\rhum_XPL_69604409.jpg,rhum,XPL,2,Plagioclasa
raw_strekeisen\pluto\rhum\rhum_PPL_69071206.jpg,rhum,PPL,3,Ilmenita;Piroxeno;Plagioclasa
raw_strekeisen\pluto\rhum\rhum_XPL_51259539.jpg,rhum,XPL,4,Cuarzo;Plagioclasa
raw_strekeisen\pluto\rhum\rhum_XPL_7288992.jpg,rhum,XPL,1,Plagioclasa
raw_strekeisen\pluto\rhum\rhum_XPL_30958893.jpg,rhum,XPL,7,Antipertita;Plagioclasa
raw_strekeisen\pluto\rhum\rhum_XPL_45991353.jpg,rhum,XPL,2,Plagioclasa
raw_strekeisen\pluto\rhum\rhum_PPL_92670662.jpg,rhum,PPL,2,Piroxeno;Plagioclasa
raw_strekeisen\pluto\rhum\rhum_XPL_64188045.jpg,rhum,XPL,11,Antipertita;Plagioclasa
raw_strekeisen\pluto\rhum\rhum_XPL_72969811.jpg,rhum,XPL,1,Piroxeno
raw_strekeisen\pluto\rhum\rhum_XPL_27979176.jpg,rhum,XPL,1,Cuarzo
raw_strekeisen\pluto\lherzoliteserpentinized\lherzoliteserpentinized_PPL_55995536.jpg,lherzoliteserpentinized,PPL,0,
raw_strekeisen\pluto\lherzoliteserpentinized\lherzoliteserpentinized_XPL_34232493.jpg,lherzoliteserpentinized,XPL,0,
raw_strekeisen\pluto\lherzoliteserpentinized\lherzoliteserpentinized_XPL_90405230.jpg,lherzoliteserpentinized,XPL,0,
raw_strekeisen\pluto\lherzoliteserpentinized\lherzoliteserpentinized_PPL_2621523.jpg,lherzoliteserpentinized,PPL,1,Olivino
raw_strekeisen\pluto\lherzoliteserpentinized\lherzoliteserpentinized_PPL_25016736.jpg,lherzoliteserpentinized,PPL,1,Ilmenita
raw_strekeisen\pluto\lherzoliteserpentinized\lherzoliteserpentinized_XPL_51708877.jpg,lherzoliteserpentinized,XPL,1,Olivino
raw_strekeisen\pluto\lherzoliteserpentinized\lherzoliteserpentinized_PPL_2469381.jpg,lherzoliteserpentinized,PPL,0,
raw_strekeisen\pluto\lherzoliteserpentinized\lherzoliteserpentinized_XPL_66957361.jpg,lherzoliteserpentinized,XPL,1,Plagioclasa
raw_strekeisen\pluto\lherzoliteserpentinized\lherzoliteserpentinized_PPL_68983915.jpg,lherzoliteserpentinized,PPL,0,
raw_strekeisen\pluto\lherzoliteserpentinized\lherzoliteserpentinized_PPL_38808956.jpg,lherzoliteserpentinized,PPL,1,Ilmenita
raw_strekeisen\pluto\lherzoliteserpentinized\lherzoliteserpentinized_XPL_58609550.jpg,lherzoliteserpentinized,XPL,0,
raw_strekeisen\pluto\lherzoliteserpentinized\lherzoliteserpentinized_PPL_79914789.jpg,lherzoliteserpentinized,PPL,0,
raw_strekeisen\pluto\lherzoliteserpentinized\lherzoliteserpentinized_PPL_68273298.jpg,lherzoliteserpentinized,PPL,0,
raw_strekeisen\pluto\lherzoliteserpentinized\lherzoliteserpentinized_PPL_74240269.jpg,lherzoliteserpentinized,PPL,0,
raw_strekeisen\pluto\lherzoliteserpentinized\lherzoliteserpentinized_PPL_85488131.jpg,lherzoliteserpentinized,PPL,0,
raw_strekeisen\pluto\lherzoliteserpentinized\lherzoliteserpentinized_XPL_61892933.jpg,lherzoliteserpentinized,XPL,0,
raw_strekeisen\pluto\lherzoliteserpentinized\lherzoliteserpentinized_XPL_4583011.jpg,lherzoliteserpentinized,XPL,8,Antipertita;Olivino alterado con serpentina;Plagioclasa;Venas de serpentina
raw_strekeisen\pluto\lherzoliteserpentinized\lherzoliteserpentinized_XPL_32237465.jpg,lherzoliteserpentinized,XPL,1,Venas de serpentina
raw_strekeisen\pluto\lherzoliteserpentinized\lherzoliteserpentinized_XPL_50012191.jpg,lherzoliteserpentinized,XPL,4,Olivino alterado con serpentina;Ortopiroxeno;Plagioclasa;Venas de serpentina
raw_strekeisen\pluto\lherzoliteserpentinized\lherzoliteserpentinized_XPL_28493467.jpg,lherzoliteserpentinized,XPL,1,Plagioclasa
raw_strekeisen\pluto\lherzoliteserpentinized\lherzoliteserpentinized_XPL_50403308.jpg,lherzoliteserpentinized,XPL,0,
raw_strekeisen\pluto\lherzoliteserpentinized\lherzoliteserpentinized_XPL_1678531.jpg,lherzoliteserpentinized,XPL,0,
raw_strekeisen\pluto\troctolite\troctolite_PPL_53040845.jpg,troctolite,PPL,3,Olivino;Plagioclasa
raw_strekeisen\pluto\troctolite\troctolite_XPL_16511898.jpg,troctolite,XPL,10,Olivino;Plagioclasa
raw_strekeisen\pluto\troctolite\troctolite_PPL_82730202.jpg,troctolite,PPL,2,Olivino alterado con serpentina;Plagioclasa
raw_strekeisen\pluto\troctolite\troctolite_XPL_97127615.jpg,troctolite,XPL,10,Olivino;Plagioclasa
raw_strekeisen\pluto\troctolite\troctolite_PPL_83146862.jpg,troctolite,PPL,2,Olivino;Plagioclasa
raw_strekeisen\pluto\troctolite\troctolite_XPL_46038232.jpg,troctolite,XPL,3,Olivino;Plagioclasa
raw_strekeisen\pluto\troctolite\troctolite_XPL_85093401.jpg,troctolite,XPL,2,Olivino;Plagioclasa
raw_strekeisen\pluto\troctolite\troctolite_PPL_23072411.jpg,troctolite,PPL,16,Olivino;Plagioclasa
raw_strekeisen\pluto\troctolite\troctolite_PPL_57177437.jpg,troctolite,PPL,2,Olivino;Plagioclasa
raw_strekeisen\pluto\troctolite\troctolite_PPL_49276419.jpg,troctolite,PPL,2,Olivino;Plagioclasa
raw_strekeisen\pluto\troctolite\troctolite_XPL_38090413.jpg,troctolite,XPL,2,Olivino;Plagioclasa
raw_strekeisen\pluto\troctolite\troctolite_PPL_49627415.jpg,troctolite,PPL,1,Plagioclasa
raw_strekeisen\pluto\troctolite\troctolite_XPL_25006662.jpg,troctolite,XPL,2,Olivino;Plagioclasa
raw_strekeisen\pluto\troctolite\troctolite_PPL_76033789.jpg,troctolite,PPL,0,
raw_strekeisen\pluto\troctolite\troctolite_XPL_10905228.jpg,troctolite,XPL,10,Olivino;Plagioclasa
raw_strekeisen\vulc\olivine\olivine_XPL_78887738.jpg,olivine,XPL,1,Olivino alterado con serpentina
raw_strekeisen\vulc\olivine\olivine_XPL_86932529.jpg,olivine,XPL,1,Olivino
raw_strekeisen\vulc\olivine\olivine_XPL_51908510.jpg,olivine,XPL,2,Aegirina;Plagioclasa
raw_strekeisen\vulc\olivine\olivine_PPL_75133493.jpg,olivine,PPL,0,
raw_strekeisen\vulc\olivine\olivine_XPL_33913414.jpg,olivine,XPL,1,Olivino
raw_strekeisen\vulc\olivine\olivine_XPL_78200645.jpg,olivine,XPL,0,
raw_strekeisen\vulc\olivine\olivine_XPL_71576618.jpg,olivine,XPL,1,Olivino
raw_strekeisen\vulc\olivine\olivine_XPL_60926080.jpg,olivine,XPL,0,
raw_strekeisen\vulc\olivine\olivine_XPL_79538667.jpg,olivine,XPL,0,
raw_strekeisen\vulc\olivine\olivine_XPL_29374347.jpg,olivine,XPL,1,Olivino alterado con serpentina
raw_strekeisen\vulc\olivine\olivine_PPL_55430192.jpg,olivine,PPL,1,Olivino alterado con serpentina
raw_strekeisen\vulc\olivine\olivine_XPL_2631422.jpg,olivine,XPL,2,Olivino alterado con serpentina;Plagioclasa
raw_strekeisen\vulc\olivine\olivine_PPL_51802377.jpg,olivine,PPL,2,Aegirina;Plagioclasa
raw_strekeisen\vulc\olivine\olivine_PPL_21369694.jpg,olivine,PPL,1,Olivino
raw_strekeisen\vulc\olivine\olivine_PPL_57552160.jpg,olivine,PPL,0,
raw_strekeisen\vulc\olivine\olivine_XPL_93203155.jpg,olivine,XPL,0,
raw_strekeisen\vulc\olivine\olivine_PPL_10227197.jpg,olivine,PPL,0,
raw_strekeisen\vulc\olivine\olivine_PPL_25969434.jpg,olivine,PPL,4,Olivino;Plagioclasa
raw_strekeisen\vulc\olivine\olivine_PPL_96042587.jpg,olivine,PPL,0,
raw_strekeisen\vulc\olivine\olivine_XPL_83432217.jpg,olivine,XPL,0,
raw_strekeisen\vulc\olivine\olivine_PPL_91565760.jpg,olivine,PPL,0,
raw_strekeisen\vulc\olivine\olivine_PPL_74790789.jpg,olivine,PPL,2,Olivino
raw_strekeisen\vulc\olivine\olivine_XPL_67644804.jpg,olivine,XPL,0,
raw_strekeisen\vulc\olivine\olivine_PPL_16884024.jpg,olivine,PPL,0,
raw_strekeisen\vulc\olivine\olivine_PPL_11042519.jpg,olivine,PPL,0,
raw_strekeisen\vulc\olivine\olivine_XPL_83445423.jpg,olivine,XPL,0,
raw_strekeisen\vulc\olivine\olivine_XPL_35877264.jpg,olivine,XPL,1,Aegirina
raw_strekeisen\vulc\olivine\olivine_XPL_90685448.jpg,olivine,XPL,1,Aegirina
raw_strekeisen\vulc\olivine\olivine_XPL_51349763.jpg,olivine,XPL,1,Olivino
raw_strekeisen\vulc\olivine\olivine_XPL_58741581.jpg,olivine,XPL,1,Plagioclasa
raw_strekeisen\vulc\olivine\olivine_XPL_91024866.jpg,olivine,XPL,1,Olivino alterado con serpentina
raw_strekeisen\vulc\olivine\olivine_XPL_49815182.jpg,olivine,XPL,0,
raw_strekeisen\vulc\olivine\olivine_XPL_11981139.jpg,olivine,XPL,0,
raw_strekeisen\vulc\olivine\olivine_XPL_5395169.jpg,olivine,XPL,1,Olivino
raw_strekeisen\vulc\olivine\olivine_XPL_9294251.jpg,olivine,XPL,1,Olivino
raw_strekeisen\vulc\olivine\olivine_XPL_34792830.jpg,olivine,XPL,0,
raw_strekeisen\vulc\clinopyroxene\clinopyroxene_PPL_53554254.jpg,clinopyroxene,PPL,1,Aegirina
raw_strekeisen\vulc\clinopyroxene\clinopyroxene_PPL_82733010.jpg,clinopyroxene,PPL,0,
raw_strekeisen\vulc\clinopyroxene\clinopyroxene_PPL_63881689.jpg,clinopyroxene,PPL,0,
raw_strekeisen\vulc\clinopyroxene\clinopyroxene_PPL_57913341.jpg,clinopyroxene,PPL,1,Piroxeno
raw_strekeisen\vulc\clinopyroxene\clinopyroxene_PPL_88761975.jpg,clinopyroxene,PPL,1,Piroxeno
raw_strekeisen\vulc\clinopyroxene\clinopyroxene_PPL_29874640.jpg,clinopyroxene,PPL,2,Aegirina;Olivino
raw_strekeisen\vulc\clinopyroxene\clinopyroxene_PPL_91919052.jpg,clinopyroxene,PPL,5,Mineral opaco;Olivino;Plagioclasa
raw_strekeisen\vulc\clinopyroxene\clinopyroxene_PPL_18126337.jpg,clinopyroxene,PPL,3,Mineral opaco;Olivino
raw_strekeisen\vulc\clinopyroxene\clinopyroxene_XPL_96956055.jpg,clinopyroxene,XPL,4,Aegirina;Antipertita;nefelina
raw_strekeisen\vulc\clinopyroxene\clinopyroxene_XPL_95124502.jpg,clinopyroxene,XPL,4,Aegirina;Cancrinita;Ilmenita;Piroxeno
raw_strekeisen\vulc\clinopyroxene\clinopyroxene_XPL_58011873.jpg,clinopyroxene,XPL,1,Plagioclasa
raw_strekeisen\vulc\clinopyroxene\clinopyroxene_XPL_76972832.jpg,clinopyroxene,XPL,0,
raw_strekeisen\vulc\clinopyroxene\clinopyroxene_XPL_74099922.jpg,clinopyroxene,XPL,0,
raw_strekeisen\vulc\clinopyroxene\clinopyroxene_XPL_9348356.jpg,clinopyroxene,XPL,2,Aegirina
raw_strekeisen\vulc\clinopyroxene\clinopyroxene_PPL_44807290.jpg,clinopyroxene,PPL,2,Aegirina;Olivino
raw_strekeisen\vulc\clinopyroxene\clinopyroxene_PPL_79973288.jpg,clinopyroxene,PPL,0,
raw_strekeisen\vulc\clinopyroxene\clinopyroxene_XPL_90497743.jpg,clinopyroxene,XPL,2,Mineral opaco;Olivino
raw_strekeisen\vulc\clinopyroxene\clinopyroxene_PPL_46910994.jpg,clinopyroxene,PPL,2,Mineral opaco;Olivino
raw_strekeisen\vulc\clinopyroxene\clinopyroxene_XPL_50635022.jpg,clinopyroxene,XPL,0,
raw_strekeisen\vulc\clinopyroxene\clinopyroxene_PPL_71703699.jpg,clinopyroxene,PPL,1,Olivino
raw_strekeisen\vulc\clinopyroxene\clinopyroxene_XPL_21468650.jpg,clinopyroxene,XPL,0,
raw_strekeisen\vulc\clinopyroxene\clinopyroxene_XPL_79946829.jpg,clinopyroxene,XPL,0,
raw_strekeisen\vulc\clinopyroxene\clinopyroxene_PPL_14697990.jpg,clinopyroxene,PPL,2,Olivino
raw_strekeisen\vulc\clinopyroxene\clinopyroxene_XPL_76940782.jpg,clinopyroxene,XPL,0,
raw_strekeisen\vulc\clinopyroxene\clinopyroxene_PPL_23991881.jpg,clinopyroxene,PPL,0,
raw_strekeisen\vulc\clinopyroxene\clinopyroxene_PPL_11012279.jpg,clinopyroxene,PPL,0,
raw_strekeisen\vulc\clinopyroxene\clinopyroxene_PPL_83362637.jpg,clinopyroxene,PPL,0,
raw_strekeisen\vulc\clinopyroxene\clinopyroxene_PPL_69032810.jpg,clinopyroxene,PPL,0,
raw_strekeisen\vulc\clinopyroxene\clinopyroxene_XPL_78150333.jpg,clinopyroxene,XPL,0,
raw_strekeisen\vulc\clinopyroxene\clinopyroxene_XPL_78696110.jpg,clinopyroxene,XPL,2,Aegirina;Cancrinita
raw_strekeisen\vulc\ankaramite\ankaramite_PPL_85343959.jpg,ankaramite,PPL,0,
raw_strekeisen\vulc\ankaramite\ankaramite_XPL_73659858.jpg,ankaramite,XPL,0,
raw_strekeisen\vulc\ankaramite\ankaramite_PPL_94243309.jpg,ankaramite,PPL,2,Olivino
raw_strekeisen\vulc\ankaramite\ankaramite_XPL_98800901.jpg,ankaramite,XPL,0,
raw_strekeisen\vulc\ankaramite\ankaramite_PPL_89904735.jpg,ankaramite,PPL,1,Olivino
raw_strekeisen\vulc\ankaramite\ankaramite_PPL_23856021.jpg,ankaramite,PPL,2,Olivino;Plagioclasa
raw_strekeisen\vulc\ankaramite\ankaramite_PPL_73955353.jpg,ankaramite,PPL,0,
raw_strekeisen\vulc\ankaramite\ankaramite_PPL_26945133.jpg,ankaramite,PPL,1,Piroxeno
raw_strekeisen\vulc\ankaramite\ankaramite_XPL_83288165.jpg,ankaramite,XPL,1,Plagioclasa
raw_strekeisen\vulc\ankaramite\ankaramite_PPL_30904117.jpg,ankaramite,PPL,0,
raw_strekeisen\vulc\ankaramite\ankaramite_XPL_63959070.jpg,ankaramite,XPL,0,
raw_strekeisen\vulc\ankaramite\ankaramite_XPL_40432519.jpg,ankaramite,XPL,1,Olivino
raw_strekeisen\vulc\ankaramite\ankaramite_XPL_79254720.jpg,ankaramite,XPL,0,
raw_strekeisen\vulc\ankaramite\ankaramite_PPL_83898018.jpg,ankaramite,PPL,1,Olivino
raw_strekeisen\vulc\ankaramite\ankaramite_PPL_87147944.jpg,ankaramite,PPL,0,
raw_strekeisen\vulc\ankaramite\ankaramite_PPL_12532094.jpg,ankaramite,PPL,0,
raw_strekeisen\vulc\ankaramite\ankaramite_PPL_68518921.jpg,ankaramite,PPL,1,Olivino
raw_strekeisen\vulc\ankaramite\ankaramite_PPL_80844163.jpg,ankaramite,PPL,0,
raw_strekeisen\vulc\basalt\basalt_PPL_50158827.jpg,basalt,PPL,0,
raw_strekeisen\vulc\basalt\basalt_XPL_42673961.jpg,basalt,XPL,0,
raw_strekeisen\vulc\basalt\basalt_PPL_87360670.jpg,basalt,PPL,1,Olivino
raw_strekeisen\vulc\basalt\basalt_XPL_51200295.jpg,basalt,XPL,3,Olivino;Plagioclasa
raw_strekeisen\vulc\basalt\basalt_XPL_38786866.jpg,basalt,XPL,0,
raw_strekeisen\vulc\basalt\basalt_PPL_70325839.jpg,basalt,PPL,1,Olivino
raw_strekeisen\vulc\basalt\basalt_XPL_39879517.jpg,basalt,XPL,1,Turmalina
raw_strekeisen\vulc\basalt\basalt_XPL_61877381.jpg,basalt,XPL,0,
raw_strekeisen\vulc\basalt\basalt_PPL_33094013.jpg,basalt,PPL,0,
raw_strekeisen\vulc\basalt\basalt_XPL_57252806.jpg,basalt,XPL,1,Turmalina
raw_strekeisen\vulc\basalt\basalt_PPL_83588307.jpg,basalt,PPL,0,
raw_strekeisen\vulc\basalt\basalt_XPL_25332571.jpg,basalt,XPL,2,Arfvedsonita;Plagioclasa
raw_strekeisen\vulc\basalt\basalt_XPL_99992535.jpg,basalt,XPL,0,
raw_strekeisen\vulc\basalt\basalt_XPL_33456651.jpg,basalt,XPL,2,Olivino;Plagioclasa
raw_strekeisen\vulc\basalt\basalt_XPL_83351711.jpg,basalt,XPL,3,Aegirina;Mineral opaco;Turmalina
raw_strekeisen\vulc\basalt\basalt_PPL_85079229.jpg,basalt,PPL,4,Flogopita;Olivino;Piroxeno
raw_strekeisen\vulc\basalt\basalt_PPL_25004309.jpg,basalt,PPL,4,Cancrinita;Ortopiroxeno;Plagioclasa
raw_strekeisen\vulc\basalt\basalt_PPL_60522352.jpg,basalt,PPL,3,Flogopita;Olivino
raw_strekeisen\vulc\basalt\basalt_PPL_9531017.jpg,basalt,PPL,2,Flogopita;Piroxeno
raw_strekeisen\vulc\basalt\basalt_PPL_50537689.jpg,basalt,PPL,1,Olivino
raw_strekeisen\vulc\basalt\basalt_PPL_7598153.jpg,basalt,PPL,0,
raw_strekeisen\vulc\basalt\basalt_PPL_21164680.jpg,basalt,PPL,0,
raw_strekeisen\vulc\basalt\basalt_XPL_33787994.jpg,basalt,XPL,3,Antipertita;Plagioclasa
raw_strekeisen\vulc\basalt\basalt_XPL_28217169.jpg,basalt,XPL,1,Plagioclasa
raw_strekeisen\vulc\basalt\basalt_PPL_8541326.jpg,basalt,PPL,0,
raw_strekeisen\vulc\basalt\basalt_XPL_34671908.jpg,basalt,XPL,1,Olivino
raw_strekeisen\vulc\basalt\basalt_XPL_29026118.jpg,basalt,XPL,1,Olivino
raw_strekeisen\vulc\basalt\basalt_XPL_6092318.jpg,basalt,XPL,0,
raw_strekeisen\vulc\basalt\basalt_XPL_85420019.jpg,basalt,XPL,0,
raw_strekeisen\vulc\basalt\basalt_XPL_30312449.jpg,basalt,XPL,1,Mineral opaco
raw_strekeisen\vulc\basalt\basalt_PPL_51252204.jpg,basalt,PPL,2,Olivino alterado con serpentina;Piroxeno
raw_strekeisen\vulc\basalt\basalt_PPL_29599143.jpg,basalt,PPL,1,Plagioclasa
raw_strekeisen\vulc\basalt\basalt_XPL_80257821.jpg,basalt,XPL,3,Plagioclasa
raw_strekeisen\vulc\basalt\basalt_PPL_50691340.jpg,basalt,PPL,1,Plagioclasa
raw_strekeisen\vulc\basalt\basalt_PPL_30584615.jpg,basalt,PPL,1,Olivino
raw_strekeisen\vulc\basalt\basalt_XPL_22793001.jpg,basalt,XPL,4,Plagioclasa
raw_strekeisen\vulc\basalt\basalt_PPL_70445619.jpg,basalt,PPL,1,Eudialita
raw_strekeisen\vulc\basalt\basalt_PPL_8637666.jpg,basalt,PPL,0,
raw_strekeisen\vulc\basalt\basalt_PPL_70875034.jpg,basalt,PPL,0,
raw_strekeisen\vulc\basalt\basalt_PPL_71849964.jpg,basalt,PPL,0,
raw_strekeisen\vulc\basalt\basalt_PPL_78098814.jpg,basalt,PPL,1,Olivino
raw_strekeisen\vulc\basalt\basalt_PPL_84187580.jpg,basalt,PPL,1,Plagioclasa
raw_strekeisen\vulc\basalt\basalt_PPL_15956611.jpg,basalt,PPL,1,Ortopiroxeno
raw_strekeisen\vulc\basalt\basalt_PPL_1888715.jpg,basalt,PPL,2,Olivino
raw_strekeisen\vulc\basalt\basalt_PPL_34672012.jpg,basalt,PPL,1,Plagioclasa
raw_strekeisen\vulc\basalt\basalt_XPL_63379528.jpg,basalt,XPL,2,Plagioclasa
raw_strekeisen\vulc\basalt\basalt_XPL_33608453.jpg,basalt,XPL,1,Hornblenda
raw_strekeisen\pluto\cumberlandite\cumberlandite_PPL_59999672.jpg,cumberlandite,PPL,8,Mineral opaco;Olivino
raw_strekeisen\pluto\cumberlandite\cumberlandite_PPL_54957001.jpg,cumberlandite,PPL,11,Mineral opaco;Olivino
raw_strekeisen\pluto\cumberlandite\cumberlandite_PPL_78601860.jpg,cumberlandite,PPL,7,Mineral opaco;Plagioclasa
raw_strekeisen\pluto\cumberlandite\cumberlandite_XPL_37134240.jpg,cumberlandite,XPL,11,Mineral opaco;Olivino;Plagioclasa
raw_strekeisen\pluto\cumberlandite\cumberlandite_PPL_19066148.jpg,cumberlandite,PPL,5,Mineral opaco;Plagioclasa
raw_strekeisen\pluto\cumberlandite\cumberlandite_XPL_31655890.jpg,cumberlandite,XPL,8,Mineral opaco;Olivino;Plagioclasa
raw_strekeisen\pluto\cumberlandite\cumberlandite_PPL_99023431.jpg,cumberlandite,PPL,11,Mineral opaco;Olivino
raw_strekeisen\pluto\cumberlandite\cumberlandite_PPL_62876636.jpg,cumberlandite,PPL,9,Mineral opaco;Olivino
raw_strekeisen\pluto\cumberlandite\cumberlandite_XPL_58745941.jpg,cumberlandite,XPL,7,Mineral opaco;Olivino
raw_strekeisen\pluto\cumberlandite\cumberlandite_PPL_1017673.jpg,cumberlandite,PPL,6,Mineral opaco;Olivino
raw_strekeisen\pluto\cumberlandite\cumberlandite_PPL_30565849.jpg,cumberlandite,PPL,11,Mineral opaco;Olivino
raw_strekeisen\pluto\cumberlandite\cumberlandite_XPL_59449359.jpg,cumberlandite,XPL,6,Mineral opaco;Olivino
raw_strekeisen\pluto\cumberlandite\cumberlandite_PPL_14967277.jpg,cumberlandite,PPL,7,Mineral opaco;Olivino
raw_strekeisen\pluto\cumberlandite\cumberlandite_PPL_4462484.jpg,cumberlandite,PPL,7,Mineral opaco;Olivino
raw_strekeisen\pluto\orthocumulates\orthocumulates_XPL_78129874.jpg,orthocumulates,XPL,11,Antipertita;Hornblenda;Plagioclasa
raw_strekeisen\pluto\orthocumulates\orthocumulates_XPL_65154060.jpg,orthocumulates,XPL,1,Plagioclasa
raw_strekeisen\pluto\orthocumulates\orthocumulates_XPL_20127537.jpg,orthocumulates,XPL,4,Piroxeno;Plagioclasa
raw_strekeisen\pluto\orthocumulates\orthocumulates_XPL_10924831.jpg,orthocumulates,XPL,6,Antipertita;Plagioclasa
raw_strekeisen\pluto\orthocumulates\orthocumulates_XPL_21580210.jpg,orthocumulates,XPL,6,Antipertita;Plagioclasa
raw_strekeisen\pluto\orthocumulates\orthocumulates_XPL_6204684.jpg,orthocumulates,XPL,3,Olivino alterado con serpentina;Plagioclasa
raw_strekeisen\pluto\orthocumulates\orthocumulates_XPL_34755074.jpg,orthocumulates,XPL,0,
raw_strekeisen\pluto\orthocumulates\orthocumulates_XPL_27104899.jpg,orthocumulates,XPL,2,Olivino alterado con serpentina;Plagioclasa
raw_strekeisen\pluto\orthocumulates\orthocumulates_XPL_35235239.jpg,orthocumulates,XPL,2,Antipertita;Plagioclasa
raw_strekeisen\pluto\orthocumulates\orthocumulates_XPL_48192528.jpg,orthocumulates,XPL,5,Olivino alterado con serpentina;Plagioclasa
raw_strekeisen\pluto\orthocumulates\orthocumulates_XPL_68554609.jpg,orthocumulates,XPL,4,Piroxeno;Plagioclasa
raw_strekeisen\pluto\orthocumulates\orthocumulates_XPL_34881049.jpg,orthocumulates,XPL,2,Plagioclasa
raw_strekeisen\pluto\orthocumulates\orthocumulates_XPL_50720469.jpg,orthocumulates,XPL,4,Olivino alterado con serpentina;Plagioclasa
raw_strekeisen\pluto\orthocumulates\orthocumulates_XPL_25354961.jpg,orthocumulates,XPL,3,Antipertita;Plagioclasa
raw_strekeisen\pluto\orthocumulates\orthocumulates_XPL_57957845.jpg,orthocumulates,XPL,0,
raw_strekeisen\pluto\orthocumulates\orthocumulates_PPL_79141598.jpg,orthocumulates,PPL,0,
raw_strekeisen\pluto\orthocumulates\orthocumulates_XPL_51498555.jpg,orthocumulates,XPL,1,Cancrinita
raw_strekeisen\pluto\orthocumulates\orthocumulates_PPL_89435253.jpg,orthocumulates,PPL,0,
raw_strekeisen\pluto\orthocumulates\orthocumulates_PPL_31830033.jpg,orthocumulates,PPL,0,
raw_strekeisen\pluto\orthocumulates\orthocumulates_PPL_66190592.jpg,orthocumulates,PPL,2,Piroxeno;Plagioclasa
raw_strekeisen\pluto\orthocumulates\orthocumulates_PPL_51723809.jpg,orthocumulates,PPL,2,Plagioclasa
raw_strekeisen\pluto\orthocumulates\orthocumulates_XPL_8212777.jpg,orthocumulates,XPL,0,
raw_strekeisen\pluto\orthocumulates\orthocumulates_XPL_10003447.jpg,orthocumulates,XPL,1,Cancrinita
raw_strekeisen\pluto\orthocumulates\orthocumulates_XPL_63558691.jpg,orthocumulates,XPL,0,
raw_strekeisen\pluto\orthocumulates\orthocumulates_PPL_76907882.jpg,orthocumulates,PPL,0,
raw_strekeisen\pluto\orthocumulates\orthocumulates_XPL_63293960.jpg,orthocumulates,XPL,1,nefelina
raw_strekeisen\pluto\orthocumulates\orthocumulates_XPL_85837708.jpg,orthocumulates,XPL,1,Olivino
raw_strekeisen\pluto\orthocumulates\orthocumulates_PPL_35303437.jpg,orthocumulates,PPL,0,
raw_strekeisen\pluto\orthocumulates\orthocumulates_PPL_45158991.jpg,orthocumulates,PPL,0,
raw_strekeisen\pluto\orthocumulates\orthocumulates_PPL_53411892.jpg,orthocumulates,PPL,0,
raw_strekeisen\pluto\orthocumulates\orthocumulates_XPL_26842987.jpg,orthocumulates,XPL,2,Olivino;Olivino alterado con serpentina
raw_strekeisen\pluto\orthocumulates\orthocumulates_XPL_96008414.jpg,orthocumulates,XPL,2,Olivino
raw_strekeisen\pluto\orthocumulates\orthocumulates_XPL_75696514.jpg,orthocumulates,XPL,0,
raw_strekeisen\pluto\orthocumulates\orthocumulates_XPL_6486352.jpg,orthocumulates,XPL,3,Cancrinita;Hornblenda;Olivino
raw_strekeisen\pluto\orthocumulates\orthocumulates_PPL_64564154.jpg,orthocumulates,PPL,0,
raw_strekeisen\pluto\orthocumulates\orthocumulates_PPL_708713.jpg,orthocumulates,PPL,0,
raw_strekeisen\pluto\orthocumulates\orthocumulates_XPL_23260252.jpg,orthocumulates,XPL,2,Olivino;Plagioclasa
raw_strekeisen\pluto\orthocumulates\orthocumulates_XPL_18363273.jpg,orthocumulates,XPL,0,
raw_strekeisen\pluto\orthocumulates\orthocumulates_XPL_5812671.jpg,orthocumulates,XPL,0,
raw_strekeisen\pluto\orthocumulates\orthocumulates_PPL_74059251.jpg,orthocumulates,PPL,0,
raw_strekeisen\pluto\orthocumulates\orthocumulates_XPL_85860599.jpg,orthocumulates,XPL,0,
raw_strekeisen\pluto\orthocumulates\orthocumulates_PPL_27981858.jpg,orthocumulates,PPL,0,
raw_strekeisen\pluto\orthocumulates\orthocumulates_XPL_52927331.jpg,orthocumulates,XPL,0,
raw_strekeisen\pluto\orthocumulates\orthocumulates_XPL_65478486.jpg,orthocumulates,XPL,0,
raw_strekeisen\pluto\orthocumulates\orthocumulates_XPL_15036853.jpg,orthocumulates,XPL,2,Olivino;nefelina
raw_strekeisen\pluto\orthocumulates\orthocumulates_XPL_33089495.jpg,orthocumulates,XPL,1,Olivino
raw_strekeisen\pluto\orthocumulates\orthocumulates_XPL_74817004.jpg,orthocumulates,XPL,1,Olivino
raw_strekeisen\pluto\orthocumulates\orthocumulates_XPL_93060853.jpg,orthocumulates,XPL,1,Olivino
raw_strekeisen\pluto\orthocumulates\orthocumulates_XPL_57474556.jpg,orthocumulates,XPL,3,Olivino
raw_strekeisen\pluto\orthocumulates\orthocumulates_XPL_53528216.jpg,orthocumulates,XPL,3,Cancrinita;Olivino;Olivino alterado con serpentina
raw_strekeisen\pluto\orthocumulates\orthocumulates_XPL_89440985.jpg,orthocumulates,XPL,0,
raw_strekeisen\pluto\orthocumulates\orthocumulates_XPL_65833336.jpg,orthocumulates,XPL,1,Plagioclasa
raw_strekeisen\pluto\orthocumulates\orthocumulates_XPL_66209956.jpg,orthocumulates,XPL,3,Olivino
raw_strekeisen\pluto\orthocumulates\orthocumulates_XPL_14306017.jpg,orthocumulates,XPL,2,Olivino;Olivino alterado con serpentina
raw_strekeisen\pluto\orthocumulates\orthocumulates_XPL_29358973.jpg,orthocumulates,XPL,4,Olivino
raw_strekeisen\pluto\orthocumulates\orthocumulates_XPL_24112634.jpg,orthocumulates,XPL,0,
raw_strekeisen\pluto\diorite\diorite_PPL_70132323.jpg,diorite,PPL,2,Aegirina
raw_strekeisen\pluto\diorite\diorite_PPL_78112632.jpg,diorite,PPL,3,Aegirina;Eudialita
raw_strekeisen\pluto\diorite\diorite_PPL_22904271.jpg,diorite,PPL,2,Aegirina
raw_strekeisen\pluto\diorite\diorite_XPL_66192827.jpg,diorite,XPL,2,Eudialita;Plagioclasa
raw_strekeisen\pluto\diorite\diorite_PPL_92255043.jpg,diorite,PPL,3,Aegirina
raw_strekeisen\pluto\diorite\diorite_XPL_33586005.jpg,diorite,XPL,1,Anfibol
raw_strekeisen\pluto\diorite\diorite_XPL_98399893.jpg,diorite,XPL,2,Arfvedsonita;Cuarzo
raw_strekeisen\pluto\diorite\diorite_PPL_52710990.jpg,diorite,PPL,0,
raw_strekeisen\pluto\diorite\diorite_PPL_18519550.jpg,diorite,PPL,4,Aegirina;Hornblenda;Piroxeno
raw_strekeisen\pluto\diorite\diorite_XPL_32050371.jpg,diorite,XPL,1,Plagioclasa
raw_strekeisen\pluto\diorite\diorite_PPL_3703153.jpg,diorite,PPL,6,Cancrinita;Hornblenda;Piroxeno
raw_strekeisen\pluto\diorite\diorite_XPL_44983831.jpg,diorite,XPL,5,Antipertita;Piroxeno;Plagioclasa
raw_strekeisen\pluto\diorite\diorite_PPL_90911820.jpg,diorite,PPL,5,Cuarzo;Hornblenda;Piroxeno
raw_strekeisen\pluto\diorite\diorite_PPL_2804731.jpg,diorite,PPL,2,Piroxeno;Plagioclasa
raw_strekeisen\pluto\diorite\diorite_XPL_6216596.jpg,diorite,XPL,4,Antipertita;Plagioclasa
raw_strekeisen\pluto\dun\dun_PPL_17504274.jpg,dun,PPL,0,
raw_strekeisen\pluto\dun\dun_XPL_55250851.jpg,dun,XPL,1,Turmalina
raw_strekeisen\pluto\dun\dun_PPL_5108553.jpg,dun,PPL,1,Aegirina
raw_strekeisen\pluto\dun\dun_XPL_51126295.jpg,dun,XPL,3,Aegirina;Cancrinita;nefelina
raw_strekeisen\pluto\dun\dun_PPL_65898650.jpg,dun,PPL,1,Ortopiroxeno
raw_strekeisen\pluto\dun\dun_XPL_68783448.jpg,dun,XPL,2,Aegirina;Cancrinita
raw_strekeisen\pluto\dun\dun_PPL_18002609.jpg,dun,PPL,0,
raw_strekeisen\pluto\dun\dun_XPL_93957242.jpg,dun,XPL,0,
raw_strekeisen\pluto\dun\dun_PPL_16955299.jpg,dun,PPL,0,
raw_strekeisen\pluto\dun\dun_PPL_751494.jpg,dun,PPL,0,
raw_strekeisen\pluto\dun\dun_XPL_37500996.jpg,dun,XPL,1,Plagioclasa
raw_strekeisen\pluto\dun\dun_PPL_61567649.jpg,dun,PPL,0,
raw_strekeisen\pluto\dun\dun_PPL_91052896.jpg,dun,PPL,0,
raw_strekeisen\pluto\dun\dun_XPL_58588796.jpg,dun,XPL,0,
raw_strekeisen\pluto\dun\dun_PPL_76156622.jpg,dun,PPL,1,Olivino
raw_strekeisen\pluto\dun\dun_XPL_5332927.jpg,dun,XPL,1,Plagioclasa
raw_strekeisen\pluto\dun\dun_XPL_50327352.jpg,dun,XPL,1,Olivino
raw_strekeisen\pluto\dun\dun_XPL_58336667.jpg,dun,XPL,3,Aegirina;Olivino
raw_strekeisen\pluto\dun\dun_PPL_61265186.jpg,dun,PPL,0,
raw_strekeisen\pluto\dun\dun_XPL_61033133.jpg,dun,XPL,1,Plagioclasa
raw_strekeisen\pluto\dun\dun_PPL_38413110.jpg,dun,PPL,0,
raw_strekeisen\pluto\dun\dun_XPL_87174479.jpg,dun,XPL,0,
raw_strekeisen\pluto\dun\dun_XPL_20289410.jpg,dun,XPL,0,
raw_strekeisen\pluto\dun\dun_PPL_5205950.jpg,dun,PPL,0,
raw_strekeisen\pluto\dun\dun_XPL_96455767.jpg,dun,XPL,0,
raw_strekeisen\pluto\dun\dun_PPL_53496973.jpg,dun,PPL,0,
raw_strekeisen\pluto\dun\dun_XPL_43551555.jpg,dun,XPL,2,Olivino;Turmalina
raw_strekeisen\pluto\finero\finero_PPL_72665644.jpg,finero,PPL,0,
raw_strekeisen\pluto\finero\finero_XPL_51011362.jpg,finero,XPL,2,Plagioclasa
raw_strekeisen\pluto\finero\finero_PPL_18722417.jpg,finero,PPL,0,
raw_strekeisen\pluto\finero\finero_XPL_39942801.jpg,finero,XPL,1,Arfvedsonita
raw_strekeisen\pluto\finero\finero_PPL_19160883.jpg,finero,PPL,0,
raw_strekeisen\pluto\finero\finero_XPL_40024938.jpg,finero,XPL,0,
raw_strekeisen\pluto\finero\finero_PPL_90386159.jpg,finero,PPL,0,
raw_strekeisen\pluto\finero\finero_PPL_32889201.jpg,finero,PPL,0,
raw_strekeisen\pluto\finero\finero_PPL_84538589.jpg,finero,PPL,0,
raw_strekeisen\pluto\finero\finero_PPL_72808296.jpg,finero,PPL,0,
raw_strekeisen\pluto\finero\finero_XPL_79089007.jpg,finero,XPL,0,
raw_strekeisen\pluto\finero\finero_PPL_61455756.jpg,finero,PPL,0,
raw_strekeisen\pluto\finero\finero_PPL_84717396.jpg,finero,PPL,0,
raw_strekeisen\pluto\finero\finero_XPL_4644185.jpg,finero,XPL,0,
raw_strekeisen\pluto\finero\finero_PPL_37445590.jpg,finero,PPL,1,Olivino
raw_strekeisen\pluto\finero\finero_XPL_15978888.jpg,finero,XPL,0,
raw_strekeisen\pluto\finero\finero_PPL_56034528.jpg,finero,PPL,0,
raw_strekeisen\pluto\finero\finero_XPL_88728819.jpg,finero,XPL,0,
raw_strekeisen\pluto\finero\finero_PPL_61738776.jpg,finero,PPL,0,
raw_strekeisen\pluto\finero\finero_XPL_34224387.jpg,finero,XPL,1,Plagioclasa
raw_strekeisen\pluto\finero\finero_XPL_21586096.jpg,finero,XPL,0,
raw_strekeisen\pluto\finero\finero_XPL_42904919.jpg,finero,XPL,2,Plagioclasa
raw_strekeisen\pluto\finero\finero_PPL_90862398.jpg,finero,PPL,1,Olivino alterado con serpentina
raw_strekeisen\pluto\finero\finero_XPL_35939922.jpg,finero,XPL,1,nefelina
raw_strekeisen\pluto\finero\finero_PPL_7245741.jpg,finero,PPL,1,Olivino
raw_strekeisen\pluto\finero\finero_PPL_79745025.jpg,finero,PPL,0,
raw_strekeisen\pluto\finero\finero_XPL_77940684.jpg,finero,XPL,0,
raw_strekeisen\pluto\finero\finero_PPL_73467069.jpg,finero,PPL,0,
raw_strekeisen\pluto\finero\finero_XPL_18515816.jpg,finero,XPL,0,
raw_strekeisen\pluto\finero\finero_PPL_17866982.jpg,finero,PPL,2,Piroxeno;Plagioclasa
raw_strekeisen\pluto\finero\finero_PPL_35663794.jpg,finero,PPL,1,Plagioclasa
raw_strekeisen\pluto\finero\finero_XPL_96939869.jpg,finero,XPL,1,Plagioclasa
raw_strekeisen\pluto\finero\finero_PPL_24803937.jpg,finero,PPL,0,
raw_strekeisen\pluto\finero\finero_XPL_69046053.jpg,finero,XPL,0,
raw_strekeisen\pluto\finero\finero_PPL_57944272.jpg,finero,PPL,0,
raw_strekeisen\pluto\finero\finero_XPL_33975756.jpg,finero,XPL,0,
raw_strekeisen\pluto\finero\finero_PPL_69969319.jpg,finero,PPL,0,
raw_strekeisen\pluto\finero\finero_XPL_81976872.jpg,finero,XPL,1,Plagioclasa
raw_strekeisen\pluto\finero\finero_PPL_17842265.jpg,finero,PPL,0,
raw_strekeisen\pluto\finero\finero_XPL_91299148.jpg,finero,XPL,0,
raw_strekeisen\pluto\finero\finero_PPL_70340840.jpg,finero,PPL,1,Olivino
raw_strekeisen\pluto\finero\finero_XPL_74283787.jpg,finero,XPL,1,Cancrinita
raw_strekeisen\pluto\finero\finero_PPL_23788433.jpg,finero,PPL,1,Olivino
raw_strekeisen\pluto\finero\finero_XPL_15812526.jpg,finero,XPL,0,
raw_strekeisen\pluto\finero\finero_PPL_54563603.jpg,finero,PPL,2,Piroxeno;Plagioclasa
raw_strekeisen\pluto\finero\finero_PPL_38270371.jpg,finero,PPL,0,
raw_strekeisen\pluto\finero\finero_XPL_50058424.jpg,finero,XPL,4,Cancrinita;Olivino;Plagioclasa
raw_strekeisen\pluto\finero\finero_PPL_99727403.jpg,finero,PPL,0,
raw_strekeisen\pluto\finero\finero_PPL_22439300.jpg,finero,PPL,0,
raw_strekeisen\pluto\finero\finero_XPL_35312028.jpg,finero,XPL,1,Plagioclasa
raw_strekeisen\pluto\finero\finero_PPL_78950091.jpg,finero,PPL,1,Olivino
raw_strekeisen\pluto\finero\finero_PPL_7772274.jpg,finero,PPL,1,Olivino
raw_strekeisen\pluto\finero\finero_XPL_52339013.jpg,finero,XPL,1,Cancrinita
raw_strekeisen\pluto\finero\finero_PPL_82246860.jpg,finero,PPL,0,
raw_strekeisen\pluto\finero\finero_PPL_40124423.jpg,finero,PPL,1,Olivino
raw_strekeisen\pluto\finero\finero_XPL_84349500.jpg,finero,XPL,2,Olivino;Plagioclasa
raw_strekeisen\pluto\finero\finero_PPL_69245608.jpg,finero,PPL,0,
raw_strekeisen\pluto\finero\finero_PPL_26063199.jpg,finero,PPL,1,Aegirina
raw_strekeisen\pluto\finero\finero_XPL_49507438.jpg,finero,XPL,0,
raw_strekeisen\pluto\finero\finero_PPL_63363064.jpg,finero,PPL,0,
raw_strekeisen\pluto\finero\finero_PPL_92605894.jpg,finero,PPL,0,
raw_strekeisen\pluto\finero\finero_PPL_34301686.jpg,finero,PPL,1,Plagioclasa
raw_strekeisen\pluto\finero\finero_PPL_7822099.jpg,finero,PPL,0,
raw_strekeisen\pluto\finero\finero_XPL_84533620.jpg,finero,XPL,0,
raw_strekeisen\pluto\finero\finero_PPL_29718793.jpg,finero,PPL,0,
raw_strekeisen\pluto\finero\finero_XPL_40002242.jpg,finero,XPL,0,
raw_strekeisen\pluto\finero\finero_PPL_85290841.jpg,finero,PPL,3,Cuarzo;Piroxeno;Plagioclasa
raw_strekeisen\pluto\finero\finero_XPL_60410893.jpg,finero,XPL,0,
raw_strekeisen\pluto\finero\finero_PPL_13691149.jpg,finero,PPL,0,
raw_strekeisen\pluto\gabbro\gabbro_XPL_4645507.jpg,gabbro,XPL,2,Antipertita;Hornblenda
raw_strekeisen\pluto\gabbro\gabbro_XPL_73482468.jpg,gabbro,XPL,5,Antipertita;Hornblenda;Plagioclasa
raw_strekeisen\pluto\gabbro\gabbro_XPL_7496138.jpg,gabbro,XPL,2,Antipertita;Hornblenda
raw_strekeisen\pluto\gabbro\gabbro_XPL_22465392.jpg,gabbro,XPL,1,Olivino
raw_strekeisen\pluto\gabbro\gabbro_XPL_83244346.jpg,gabbro,XPL,3,Ortopiroxeno;Piroxeno;Plagioclasa
raw_strekeisen\pluto\eufodite\eufodite_PPL_55132939.jpg,eufodite,PPL,1,Ortopiroxeno
raw_strekeisen\pluto\eufodite\eufodite_XPL_30014448.jpg,eufodite,XPL,5,Antipertita;Plagioclasa
raw_strekeisen\pluto\eufodite\eufodite_PPL_72484209.jpg,eufodite,PPL,0,
raw_strekeisen\pluto\eufodite\eufodite_XPL_36898820.jpg,eufodite,XPL,5,Aegirina;Cuarzo;Olivino;Plagioclasa
raw_strekeisen\pluto\eufodite\eufodite_XPL_65565212.jpg,eufodite,XPL,2,Plagioclasa;nefelina
raw_strekeisen\pluto\eufodite\eufodite_PPL_67344011.jpg,eufodite,PPL,6,Antipertita;Cuarzo;Olivino;Plagioclasa
raw_strekeisen\pluto\eufodite\eufodite_XPL_20296233.jpg,eufodite,XPL,4,Antipertita;Plagioclasa;nefelina
raw_strekeisen\pluto\eufodite\eufodite_XPL_50157831.jpg,eufodite,XPL,5,Aegirina;Eudialita;Plagioclasa
raw_strekeisen\pluto\eufodite\eufodite_XPL_23386291.jpg,eufodite,XPL,4,Aegirina;Eudialita;Plagioclasa;Turmalina
raw_strekeisen\pluto\eufodite\eufodite_PPL_69955477.jpg,eufodite,PPL,0,
raw_strekeisen\pluto\eufodite\eufodite_XPL_19272661.jpg,eufodite,XPL,3,Plagioclasa
raw_strekeisen\pluto\eufodite\eufodite_PPL_19993261.jpg,eufodite,PPL,1,Plagioclasa
raw_strekeisen\pluto\eufodite\eufodite_PPL_28258078.jpg,eufodite,PPL,1,Plagioclasa
raw_strekeisen\pluto\eufodite\eufodite_XPL_21963177.jpg,eufodite,XPL,2,Ortopiroxeno;Plagioclasa
raw_strekeisen\pluto\eufodite\eufodite_PPL_33458837.jpg,eufodite,PPL,2,Ortopiroxeno;Plagioclasa
raw_strekeisen\pluto\eufodite\eufodite_XPL_40533899.jpg,eufodite,XPL,0,
raw_strekeisen\pluto\eufodite\eufodite_PPL_414922.jpg,eufodite,PPL,1,Plagioclasa
raw_strekeisen\pluto\eufodite\eufodite_PPL_99509303.jpg,eufodite,PPL,0,
raw_strekeisen\pluto\eufodite\eufodite_PPL_48272765.jpg,eufodite,PPL,1,Ortopiroxeno
raw_strekeisen\pluto\eufodite\eufodite_XPL_74751276.jpg,eufodite,XPL,2,Plagioclasa
raw_strekeisen\pluto\eufodite\eufodite_PPL_44887509.jpg,eufodite,PPL,4,Antipertita;Plagioclasa
raw_strekeisen\pluto\gabbroaugite\gabbroaugite_XPL_91992507.jpg,gabbroaugite,XPL,0,
raw_strekeisen\pluto\gabbroaugite\gabbroaugite_XPL_37313949.jpg,gabbroaugite,XPL,2,Plagioclasa
raw_strekeisen\pluto\gabbroaugite\gabbroaugite_PPL_74102705.jpg,gabbroaugite,PPL,1,Plagioclasa
raw_strekeisen\pluto\gabbroaugite\gabbroaugite_XPL_10366709.jpg,gabbroaugite,XPL,4,Antipertita;Cancrinita;Olivino;Plagioclasa
raw_strekeisen\pluto\gabbroaugite\gabbroaugite_XPL_70413373.jpg,gabbroaugite,XPL,1,Aegirina
raw_strekeisen\pluto\gabbroaugite\gabbroaugite_XPL_55913772.jpg,gabbroaugite,XPL,0,
raw_strekeisen\pluto\gabbronorite\gabbronorite_PPL_80039319.jpg,gabbronorite,PPL,1,Plagioclasa
raw_strekeisen\pluto\gabbronorite\gabbronorite_XPL_98265417.jpg,gabbronorite,XPL,4,Antipertita;Plagioclasa
raw_strekeisen\pluto\gabbronorite\gabbronorite_XPL_27626407.jpg,gabbronorite,XPL,8,Plagioclasa
raw_strekeisen\pluto\gabbronorite\gabbronorite_PPL_35858987.jpg,gabbronorite,PPL,4,Ilmenita;Piroxeno;Plagioclasa
raw_strekeisen\pluto\gabbronorite\gabbronorite_XPL_11547954.jpg,gabbronorite,XPL,2,Plagioclasa
raw_strekeisen\pluto\gabbronorite\gabbronorite_PPL_27783862.jpg,gabbronorite,PPL,0,
raw_strekeisen\pluto\gabbronorite\gabbronorite_XPL_77878935.jpg,gabbronorite,XPL,0,
raw_strekeisen\pluto\gabbronorite\gabbronorite_PPL_45141676.jpg,gabbronorite,PPL,0,
raw_strekeisen\pluto\gabbronorite\gabbronorite_XPL_49627496.jpg,gabbronorite,XPL,5,Plagioclasa
raw_strekeisen\pluto\gabbronorite\gabbronorite_XPL_31822918.jpg,gabbronorite,XPL,1,Plagioclasa
raw_strekeisen\pluto\gabbronorite\gabbronorite_PPL_25910119.jpg,gabbronorite,PPL,0,
raw_strekeisen\pluto\gabbronorite\gabbronorite_XPL_59470480.jpg,gabbronorite,XPL,3,Plagioclasa
raw_strekeisen\pluto\gabbronorite\gabbronorite_XPL_89633522.jpg,gabbronorite,XPL,1,Plagioclasa
raw_strekeisen\pluto\gabbronorite\gabbronorite_XPL_94850741.jpg,gabbronorite,XPL,0,
raw_strekeisen\pluto\gabbronorite\gabbronorite_XPL_25610466.jpg,gabbronorite,XPL,0,
raw_strekeisen\pluto\gabbronorite\gabbronorite_XPL_78195303.jpg,gabbronorite,XPL,4,Eudialita;Plagioclasa
raw_strekeisen\pluto\gabbronorite\gabbronorite_XPL_89056495.jpg,gabbronorite,XPL,1,Turmalina
raw_strekeisen\pluto\gabbronorite\gabbronorite_XPL_76315495.jpg,gabbronorite,XPL,5,Cancrinita;Eudialita;nefelina
raw_strekeisen\pluto\gabbronorite\gabbronorite_XPL_3006550.jpg,gabbronorite,XPL,5,Cuarzo;Eudialita;Plagioclasa;Turmalina
raw_strekeisen\pluto\gabbronorite\gabbronorite_XPL_2035004.jpg,gabbronorite,XPL,0,
raw_strekeisen\pluto\gabbronorite\gabbronorite_XPL_89965157.jpg,gabbronorite,XPL,0,
raw_strekeisen\pluto\gabbronorite\gabbronorite_XPL_94897427.jpg,gabbronorite,XPL,0,
raw_strekeisen\pluto\gabbronorite\gabbronorite_XPL_1563560.jpg,gabbronorite,XPL,3,Plagioclasa
raw_strekeisen\pluto\gabbronorite\gabbronorite_XPL_53820269.jpg,gabbronorite,XPL,5,Plagioclasa
raw_strekeisen\pluto\gabbronorite\gabbronorite_XPL_84415823.jpg,gabbronorite,XPL,3,Plagioclasa;nefelina
raw_strekeisen\pluto\gabbronorite\gabbronorite_XPL_87390557.jpg,gabbronorite,XPL,1,Plagioclasa
raw_strekeisen\pluto\hornblendite\hornblendite_XPL_92759708.jpg,hornblendite,XPL,0,
raw_strekeisen\pluto\hornblendite\hornblendite_PPL_27146988.jpg,hornblendite,PPL,0,
raw_strekeisen\pluto\hornblendite\hornblendite_XPL_32621033.jpg,hornblendite,XPL,2,Ilmenita;Olivino
raw_strekeisen\pluto\hornblendite\hornblendite_XPL_9038585.jpg,hornblendite,XPL,1,Cancrinita
raw_strekeisen\pluto\hornblendite\hornblendite_XPL_92942664.jpg,hornblendite,XPL,1,Cancrinita
raw_strekeisen\pluto\hornblendite\hornblendite_PPL_79187630.jpg,hornblendite,PPL,0,
raw_strekeisen\pluto\hornblendite\hornblendite_PPL_69747376.jpg,hornblendite,PPL,0,
raw_strekeisen\pluto\hornblendite\hornblendite_XPL_70112903.jpg,hornblendite,XPL,0,
raw_strekeisen\pluto\hornblendite\hornblendite_PPL_71828454.jpg,hornblendite,PPL,1,Cuarzo
raw_strekeisen\pluto\hornblendite\hornblendite_XPL_88479824.jpg,hornblendite,XPL,0,
raw_strekeisen\pluto\hornblendite\hornblendite_PPL_78972506.jpg,hornblendite,PPL,0,
raw_strekeisen\pluto\hornblendite\hornblendite_XPL_44319293.jpg,hornblendite,XPL,1,Plagioclasa
raw_strekeisen\pluto\hornblendite\hornblendite_PPL_21358572.jpg,hornblendite,PPL,0,
raw_strekeisen\pluto\hornblendite\hornblendite_PPL_96228134.jpg,hornblendite,PPL,0,
raw_strekeisen\pluto\hornblendite\hornblendite_PPL_48153348.jpg,hornblendite,PPL,0,
raw_strekeisen\pluto\hornblendite\hornblendite_PPL_86540077.jpg,hornblendite,PPL,0,
raw_strekeisen\pluto\hornblendite\hornblendite_XPL_45829968.jpg,hornblendite,XPL,3,Ilmenita;Plagioclasa
raw_strekeisen\pluto\hornblendite\hornblendite_XPL_74671352.jpg,hornblendite,XPL,1,Cancrinita
raw_strekeisen\pluto\hornblendite\hornblendite_XPL_52928588.jpg,hornblendite,XPL,0,
raw_strekeisen\pluto\hornblendite\hornblendite_XPL_82996610.jpg,hornblendite,XPL,2,Plagioclasa
raw_strekeisen\pluto\hornblendite\hornblendite_XPL_92472027.jpg,hornblendite,XPL,1,Plagioclasa
raw_strekeisen\pluto\hornblendite\hornblendite_XPL_26374980.jpg,hornblendite,XPL,5,Piroxeno;Plagioclasa
raw_strekeisen\pluto\hornblendite\hornblendite_XPL_59730188.jpg,hornblendite,XPL,2,Piroxeno;Plagioclasa
raw_strekeisen\pluto\hornblendite\hornblendite_XPL_83249585.jpg,hornblendite,XPL,0,
raw_strekeisen\pluto\hornblendite\hornblendite_PPL_22706814.jpg,hornblendite,PPL,1,Plagioclasa
raw_strekeisen\pluto\hornblendite\hornblendite_XPL_83168129.jpg,hornblendite,XPL,0,
raw_strekeisen\pluto\hornblendite\hornblendite_XPL_66013963.jpg,hornblendite,XPL,1,Cancrinita
raw_strekeisen\pluto\hornblendite\hornblendite_XPL_3436602.jpg,hornblendite,XPL,1,Cancrinita
raw_strekeisen\pluto\hornblendite\hornblendite_PPL_97809621.jpg,hornblendite,PPL,0,
raw_strekeisen\pluto\hornblendite\hornblendite_PPL_73947823.jpg,hornblendite,PPL,0,
raw_strekeisen\pluto\hornblendite1\hornblendite1_PPL_13702839.jpg,hornblendite1,PPL,1,Piroxeno
raw_strekeisen\pluto\hornblendite1\hornblendite1_PPL_257064.jpg,hornblendite1,PPL,0,
raw_strekeisen\pluto\hornblendite1\hornblendite1_XPL_20149261.jpg,hornblendite1,XPL,0,
raw_strekeisen\pluto\hornblendite1\hornblendite1_PPL_71323565.jpg,hornblendite1,PPL,1,Piroxeno
raw_strekeisen\pluto\hornblendite1\hornblendite1_PPL_26150859.jpg,hornblendite1,PPL,0,
raw_strekeisen\pluto\hornblendite1\hornblendite1_XPL_48825381.jpg,hornblendite1,XPL,0,
raw_strekeisen\pluto\hornblendite1\hornblendite1_PPL_91540354.jpg,hornblendite1,PPL,1,Plagioclasa
raw_strekeisen\pluto\hornblendite1\hornblendite1_PPL_92157263.jpg,hornblendite1,PPL,4,Hornblenda;Piroxeno
raw_strekeisen\pluto\hornblendite1\hornblendite1_PPL_53351801.jpg,hornblendite1,PPL,1,Piroxeno
raw_strekeisen\pluto\hornblendite1\hornblendite1_PPL_42159150.jpg,hornblendite1,PPL,5,Hornblenda;Piroxeno
raw_strekeisen\pluto\hornblendite1\hornblendite1_XPL_41204273.jpg,hornblendite1,XPL,0,
raw_strekeisen\pluto\hornblendite1\hornblendite1_PPL_49445255.jpg,hornblendite1,PPL,2,Antipertita;nefelina
raw_strekeisen\pluto\hornblendite1\hornblendite1_XPL_96691978.jpg,hornblendite1,XPL,5,Antipertita;Plagioclasa
raw_strekeisen\pluto\hornblendite1\hornblendite1_PPL_73722367.jpg,hornblendite1,PPL,1,Olivino
raw_strekeisen\pluto\hornblendite1\hornblendite1_PPL_15928978.jpg,hornblendite1,PPL,0,
raw_strekeisen\pluto\hornblendite1\hornblendite1_XPL_19402806.jpg,hornblendite1,XPL,1,Cuarzo
raw_strekeisen\pluto\hornblendite1\hornblendite1_PPL_57394405.jpg,hornblendite1,PPL,1,Hornblenda
raw_strekeisen\pluto\hornblendite1\hornblendite1_PPL_91935146.jpg,hornblendite1,PPL,1,Plagioclasa
raw_strekeisen\pluto\gabbrohornblende\gabbrohornblende_PPL_29261376.jpg,gabbrohornblende,PPL,3,Piroxeno
raw_strekeisen\pluto\gabbrohornblende\gabbrohornblende_XPL_82487970.jpg,gabbrohornblende,XPL,0,
raw_strekeisen\pluto\gabbrohornblende\gabbrohornblende_PPL_27703464.jpg,gabbrohornblende,PPL,4,Piroxeno
raw_strekeisen\pluto\gabbrohornblende\gabbrohornblende_XPL_40636927.jpg,gabbrohornblende,XPL,1,Antipertita
raw_strekeisen\pluto\gabbrohornblende\gabbrohornblende_PPL_70184047.jpg,gabbrohornblende,PPL,2,Piroxeno
raw_strekeisen\pluto\gabbrohornblende\gabbrohornblende_XPL_57006155.jpg,gabbrohornblende,XPL,2,Ilmenita;Piroxeno
raw_strekeisen\pluto\gabbrohornblende\gabbrohornblende_XPL_52759683.jpg,gabbrohornblende,XPL,0,
raw_strekeisen\pluto\gabbrohornblende\gabbrohornblende_XPL_20792851.jpg,gabbrohornblende,XPL,0,
raw_strekeisen\pluto\gabbrohornblende\gabbrohornblende_XPL_31954425.jpg,gabbrohornblende,XPL,3,Plagioclasa
raw_strekeisen\pluto\gabbrohornblende\gabbrohornblende_PPL_79085930.jpg,gabbrohornblende,PPL,2,Aegirina;Anfibol
raw_strekeisen\pluto\gabbrohornblende\gabbrohornblende_XPL_93878231.jpg,gabbrohornblende,XPL,5,Plagioclasa
raw_strekeisen\pluto\gabbrohornblende\gabbrohornblende_XPL_21357632.jpg,gabbrohornblende,XPL,8,Arfvedsonita;Plagioclasa
raw_strekeisen\pluto\gabbrohornblende\gabbrohornblende_XPL_29175545.jpg,gabbrohornblende,XPL,3,Antipertita;Hornblenda;Plagioclasa
raw_strekeisen\pluto\gabbrohornblende\gabbrohornblende_PPL_27705578.jpg,gabbrohornblende,PPL,3,Cuarzo;Hornblenda;Plagioclasa
raw_strekeisen\pluto\gabbrohornblende\gabbrohornblende_PPL_14654692.jpg,gabbrohornblende,PPL,2,Piroxeno;Plagioclasa
raw_strekeisen\pluto\mattonigabbro\mattonigabbro_PPL_31122074.jpg,mattonigabbro,PPL,2,Aegirina;Eudialita
raw_strekeisen\pluto\mattonigabbro\mattonigabbro_XPL_70916445.jpg,mattonigabbro,XPL,2,Hornblenda;Olivino
raw_strekeisen\pluto\mattonigabbro\mattonigabbro_PPL_57393830.jpg,mattonigabbro,PPL,2,Aegirina;Eudialita
raw_strekeisen\pluto\mattonigabbro\mattonigabbro_XPL_20126436.jpg,mattonigabbro,XPL,2,Olivino
raw_strekeisen\pluto\mattonigabbro\mattonigabbro_PPL_56419432.jpg,mattonigabbro,PPL,2,Aegirina
raw_strekeisen\pluto\mattonigabbro\mattonigabbro_PPL_71916784.jpg,mattonigabbro,PPL,0,
raw_strekeisen\pluto\mattonigabbro\mattonigabbro_XPL_25100541.jpg,mattonigabbro,XPL,2,Hornblenda;Olivino
raw_strekeisen\pluto\mattonigabbro\mattonigabbro_PPL_12114394.jpg,mattonigabbro,PPL,0,
raw_strekeisen\pluto\mattonigabbro\mattonigabbro_XPL_5581048.jpg,mattonigabbro,XPL,0,
raw_strekeisen\pluto\mattonigabbro\mattonigabbro_PPL_38800057.jpg,mattonigabbro,PPL,0,
raw_strekeisen\pluto\mattonigabbro\mattonigabbro_XPL_53536569.jpg,mattonigabbro,XPL,1,Plagioclasa
raw_strekeisen\pluto\mattonigabbro\mattonigabbro_PPL_19860405.jpg,mattonigabbro,PPL,0,
raw_strekeisen\pluto\mattonigabbro\mattonigabbro_XPL_26901723.jpg,mattonigabbro,XPL,1,Olivino
raw_strekeisen\pluto\mattonigabbro\mattonigabbro_PPL_63347124.jpg,mattonigabbro,PPL,1,Hornblenda
raw_strekeisen\pluto\mattonigabbro\mattonigabbro_XPL_60967532.jpg,mattonigabbro,XPL,2,Cuarzo
raw_strekeisen\pluto\mattonigabbro\mattonigabbro_PPL_18074384.jpg,mattonigabbro,PPL,2,Aegirina;Ortopiroxeno
raw_strekeisen\pluto\mattonigabbro\mattonigabbro_PPL_64382820.jpg,mattonigabbro,PPL,1,Cancrinita
raw_strekeisen\pluto\mattonigabbro\mattonigabbro_XPL_43240757.jpg,mattonigabbro,XPL,3,Hornblenda;Mineral opaco;Olivino
raw_strekeisen\pluto\mattonigabbro\mattonigabbro_PPL_37620371.jpg,mattonigabbro,PPL,3,Anfibol;Ortopiroxeno;Plagioclasa
raw_strekeisen\pluto\mattonigabbro\mattonigabbro_XPL_70006792.jpg,mattonigabbro,XPL,7,Anfibol;Cuarzo;Ortoclasa;Plagioclasa
raw_strekeisen\pluto\mattonigabbro\mattonigabbro_PPL_55726191.jpg,mattonigabbro,PPL,4,Aegirina
raw_strekeisen\pluto\mattonigabbro\mattonigabbro_XPL_79693391.jpg,mattonigabbro,XPL,6,Aegirina;Anfibol;Cuarzo;Ortopiroxeno
raw_strekeisen\pluto\ijolite1\ijolite1_PPL_23779761.jpg,ijolite1,PPL,1,Aegirina
raw_strekeisen\pluto\ijolite1\ijolite1_XPL_9678286.jpg,ijolite1,XPL,0,
raw_strekeisen\pluto\ijolite1\ijolite1_PPL_58180407.jpg,ijolite1,PPL,2,Aegirina;Mineral opaco
raw_strekeisen\pluto\ijolite1\ijolite1_XPL_2835893.jpg,ijolite1,XPL,3,Mineral opaco;Olivino;Plagioclasa
raw_strekeisen\pluto\ijolite1\ijolite1_PPL_40826956.jpg,ijolite1,PPL,1,Aegirina
raw_strekeisen\pluto\ijolite1\ijolite1_PPL_93781329.jpg,ijolite1,PPL,4,Aegirina;Anfibol;Plagioclasa
raw_strekeisen\pluto\ijolite1\ijolite1_PPL_6434504.jpg,ijolite1,PPL,2,Aegirina;Anfibol
raw_strekeisen\pluto\ijolite1\ijolite1_XPL_68619918.jpg,ijolite1,XPL,4,Aegirina;Anfibol;Mineral opaco;Olivino
raw_strekeisen\pluto\ijolite1\ijolite1_PPL_77694855.jpg,ijolite1,PPL,3,Aegirina;Anfibol;Mineral opaco
raw_strekeisen\pluto\ijolite1\ijolite1_XPL_78007225.jpg,ijolite1,XPL,0,
raw_strekeisen\pluto\ijolite1\ijolite1_PPL_5531134.jpg,ijolite1,PPL,2,Aegirina
raw_strekeisen\pluto\ijolite1\ijolite1_PPL_74330563.jpg,ijolite1,PPL,0,
raw_strekeisen\pluto\ijolite1\ijolite1_PPL_12355387.jpg,ijolite1,PPL,2,Aegirina;Mineral opaco
raw_strekeisen\pluto\ijolite1\ijolite1_PPL_52479283.jpg,ijolite1,PPL,3,Aegirina;Anfibol;Cancrinita
raw_strekeisen\pluto\ijolite1\ijolite1_PPL_32150004.jpg,ijolite1,PPL,1,Aegirina
raw_strekeisen\pluto\ijolite\ijolite_PPL_82740570.jpg,ijolite,PPL,1,Plagioclasa
raw_strekeisen\pluto\ijolite\ijolite_XPL_8772657.jpg,ijolite,XPL,0,
raw_strekeisen\pluto\ijolite\ijolite_PPL_85646378.jpg,ijolite,PPL,0,
raw_strekeisen\pluto\ijolite\ijolite_PPL_22385444.jpg,ijolite,PPL,2,Aegirina;Olivino
raw_strekeisen\pluto\ijolite\ijolite_PPL_68517085.jpg,ijolite,PPL,0,
raw_strekeisen\pluto\ijolite\ijolite_PPL_19201907.jpg,ijolite,PPL,1,Eudialita
raw_strekeisen\pluto\ijolite\ijolite_XPL_29600203.jpg,ijolite,XPL,3,Aegirina;Mineral opaco;Olivino
raw_strekeisen\pluto\ijolite\ijolite_XPL_43568000.jpg,ijolite,XPL,0,
raw_strekeisen\pluto\ijolite\ijolite_PPL_28580767.jpg,ijolite,PPL,0,
raw_strekeisen\pluto\ijolite\ijolite_PPL_87208565.jpg,ijolite,PPL,0,
raw_strekeisen\pluto\ijolite\ijolite_PPL_97036045.jpg,ijolite,PPL,0,
raw_strekeisen\pluto\ijolite\ijolite_PPL_31115905.jpg,ijolite,PPL,1,Olivino
raw_strekeisen\pluto\ijolite\ijolite_PPL_2135480.jpg,ijolite,PPL,1,Plagioclasa
raw_strekeisen\pluto\ijolite\ijolite_XPL_25326340.jpg,ijolite,XPL,1,Plagioclasa
raw_strekeisen\pluto\ijolite\ijolite_PPL_60339343.jpg,ijolite,PPL,0,
raw_strekeisen\pluto\ijolite\ijolite_PPL_6700855.jpg,ijolite,PPL,0,
raw_strekeisen\pluto\ijolite\ijolite_XPL_14427672.jpg,ijolite,XPL,1,Olivino
raw_strekeisen\pluto\ijolite\ijolite_PPL_91121633.jpg,ijolite,PPL,1,Plagioclasa
raw_strekeisen\pluto\ijolite\ijolite_PPL_50081075.jpg,ijolite,PPL,0,
raw_strekeisen\pluto\ijolite\ijolite_PPL_39132772.jpg,ijolite,PPL,0,
raw_strekeisen\pluto\jotunite\jotunite_PPL_80331675.jpg,jotunite,PPL,3,Cuarzo;Plagioclasa
raw_strekeisen\pluto\jotunite\jotunite_XPL_84930314.jpg,jotunite,XPL,7,Antipertita;Mineral opaco;Plagioclasa
raw_strekeisen\pluto\jotunite\jotunite_XPL_96732152.jpg,jotunite,XPL,3,Antipertita
raw_strekeisen\pluto\jotunite\jotunite_XPL_5907024.jpg,jotunite,XPL,3,Antipertita;Calcita
raw_strekeisen\pluto\jotunite\jotunite_XPL_46446491.jpg,jotunite,XPL,5,Antipertita;Ilmenita;Ortoclasa;Plagioclasa
raw_strekeisen\pluto\jotunite\jotunite_XPL_65873848.jpg,jotunite,XPL,6,Antipertita;Ilmenita;Plagioclasa
raw_strekeisen\pluto\jotunite\jotunite_XPL_34081254.jpg,jotunite,XPL,8,Antipertita;Ilmenita;Ortoclasa;Plagioclasa
raw_strekeisen\pluto\jotunite\jotunite_XPL_21230375.jpg,jotunite,XPL,9,Antipertita;Piroxeno;Plagioclasa
raw_strekeisen\pluto\jotunite\jotunite_XPL_99897463.jpg,jotunite,XPL,8,Antipertita;Piroxeno;Plagioclasa
raw_strekeisen\pluto\jotunite\jotunite_XPL_70814730.jpg,jotunite,XPL,15,Antipertita;Cuarzo;Piroxeno;Plagioclasa;nefelina
raw_strekeisen\pluto\jotunite\jotunite_XPL_49993795.jpg,jotunite,XPL,8,Antipertita;Piroxeno;Plagioclasa
raw_strekeisen\pluto\jotunite\jotunite_XPL_63471859.jpg,jotunite,XPL,5,Cuarzo;Plagioclasa
raw_strekeisen\pluto\jotunite\jotunite_XPL_57016591.jpg,jotunite,XPL,7,Antipertita;Ilmenita;Piroxeno;Plagioclasa
raw_strekeisen\pluto\jotunite\jotunite_XPL_80128321.jpg,jotunite,XPL,6,Antipertita;Piroxeno;Plagioclasa
raw_strekeisen\pluto\monzonite\monzonite_PPL_65516212.jpg,monzonite,PPL,0,
raw_strekeisen\pluto\monzonite\monzonite_XPL_23335714.jpg,monzonite,XPL,2,Olivino
raw_strekeisen\pluto\monzonite\monzonite_PPL_31632009.jpg,monzonite,PPL,4,Aegirina;Ortopiroxeno
raw_strekeisen\pluto\cancrinitepegmatite\cancrinitepegmatite_XPL_66858794.jpg,cancrinitepegmatite,XPL,3,Aegirina
raw_strekeisen\pluto\cancrinitepegmatite\cancrinitepegmatite_XPL_56114694.jpg,cancrinitepegmatite,XPL,4,Cuarzo;Plagioclasa;nefelina
raw_strekeisen\pluto\cancrinitepegmatite\cancrinitepegmatite_XPL_84946402.jpg,cancrinitepegmatite,XPL,1,Antipertita
raw_strekeisen\vulc\vosegite\vosegite_PPL_53943233.jpg,vosegite,PPL,4,Anfibol;Plagioclasa
raw_strekeisen\vulc\vosegite\vosegite_PPL_80843099.jpg,vosegite,PPL,2,Ortopiroxeno
raw_strekeisen\vulc\vosegite\vosegite_PPL_82629810.jpg,vosegite,PPL,0,
raw_strekeisen\vulc\vosegite\vosegite_XPL_56862429.jpg,vosegite,XPL,0,
raw_strekeisen\vulc\vosegite\vosegite_PPL_25006714.jpg,vosegite,PPL,3,Aegirina;Plagioclasa
raw_strekeisen\vulc\vosegite\vosegite_XPL_47295739.jpg,vosegite,XPL,4,Cuarzo;Plagioclasa
raw_strekeisen\vulc\vosegite\vosegite_PPL_66954198.jpg,vosegite,PPL,1,Aegirina
raw_strekeisen\vulc\vosegite\vosegite_XPL_68399730.jpg,vosegite,XPL,1,Anfibol
raw_strekeisen\vulc\vosegite\vosegite_PPL_95695657.jpg,vosegite,PPL,4,Aegirina
raw_strekeisen\vulc\vosegite\vosegite_XPL_94223078.jpg,vosegite,XPL,2,Aegirina;Cuarzo
raw_strekeisen\vulc\vosegite\vosegite_PPL_97247665.jpg,vosegite,PPL,0,
raw_strekeisen\vulc\latite\latite_PPL_25515208.jpg,latite,PPL,0,
raw_strekeisen\vulc\latite\latite_PPL_59563209.jpg,latite,PPL,3,Plagioclasa
raw_strekeisen\vulc\latite\latite_PPL_409904.jpg,latite,PPL,1,Plagioclasa
raw_strekeisen\vulc\latite\latite_PPL_23699275.jpg,latite,PPL,3,Aegirina;Hornblenda
raw_strekeisen\vulc\rhyolite\rhyolite_PPL_96658685.jpg,rhyolite,PPL,0,
raw_strekeisen\vulc\rhyolite\rhyolite_XPL_67615558.jpg,rhyolite,XPL,0,
raw_strekeisen\vulc\rhyolite\rhyolite_PPL_47531781.jpg,rhyolite,PPL,0,
raw_strekeisen\vulc\rhyolite\rhyolite_XPL_40512146.jpg,rhyolite,XPL,1,Cuarzo
raw_strekeisen\pluto\plagioclase\plagioclase_XPL_5209261.jpg,plagioclase,XPL,4,Ortopiroxeno;Plagioclasa
raw_strekeisen\pluto\plagioclase\plagioclase_XPL_42145000.jpg,plagioclase,XPL,2,Plagioclasa
raw_strekeisen\pluto\plagioclase\plagioclase_XPL_74919.jpg,plagioclase,XPL,1,Plagioclasa
raw_strekeisen\pluto\plagioclase\plagioclase_XPL_92068020.jpg,plagioclase,XPL,1,Olivino
raw_strekeisen\pluto\plagioclase\plagioclase_XPL_52331892.jpg,plagioclase,XPL,0,
raw_strekeisen\pluto\nepheline\nepheline_PPL_83029959.jpg,nepheline,PPL,1,Aegirina
raw_strekeisen\pluto\nepheline\nepheline_PPL_98581522.jpg,nepheline,PPL,1,Aegirina
raw_strekeisen\pluto\nepheline\nepheline_XPL_48792075.jpg,nepheline,XPL,2,Aegirina;Plagioclasa
raw_strekeisen\pluto\nepheline\nepheline_PPL_68823820.jpg,nepheline,PPL,0,
raw_strekeisen\pluto\nepheline\nepheline_PPL_97588153.jpg,nepheline,PPL,0,
raw_strekeisen\pluto\nepheline\nepheline_XPL_75549888.jpg,nepheline,XPL,0,
raw_strekeisen\pluto\nepheline\nepheline_PPL_83281886.jpg,nepheline,PPL,0,
raw_strekeisen\pluto\nepheline\nepheline_PPL_50198646.jpg,nepheline,PPL,0,
raw_strekeisen\pluto\sodalite\sodalite_PPL_57690042.jpg,sodalite,PPL,0,
raw_strekeisen\pluto\magnetite\magnetite_PPL_15272654.jpg,magnetite,PPL,4,Ilmenita;Mineral opaco;Piroxeno
raw_strekeisen\pluto\magnetite\magnetite_XPL_77159761.jpg,magnetite,XPL,4,Aegirina;Cuarzo;Hornblenda;Plagioclasa
raw_strekeisen\pluto\fluorite\fluorite_PPL_93716025.jpg,fluorite,PPL,1,Arfvedsonita
raw_strekeisen\pluto\fluorite\fluorite_PPL_63524590.jpg,fluorite,PPL,1,Arfvedsonita
raw_strekeisen\pluto\fluorite\fluorite_PPL_71240106.jpg,fluorite,PPL,2,Plagioclasa
raw_strekeisen\pluto\antiperthite\antiperthite_XPL_66729388.jpg,antiperthite,XPL,1,Plagioclasa
raw_strekeisen\pluto\antiperthite\antiperthite_XPL_79780813.jpg,antiperthite,XPL,1,Plagioclasa
raw_strekeisen\pluto\antiperthite\antiperthite_XPL_30017090.jpg,antiperthite,XPL,0,
raw_strekeisen\pluto\antiperthite\antiperthite_XPL_64996968.jpg,antiperthite,XPL,0,
raw_strekeisen\pluto\antiperthite\antiperthite_XPL_31474236.jpg,antiperthite,XPL,0,
raw_strekeisen\pluto\antiperthite\antiperthite_XPL_20264382.jpg,antiperthite,XPL,0,
raw_strekeisen\pluto\antiperthite\antiperthite_XPL_52468508.jpg,antiperthite,XPL,1,Antipertita
raw_strekeisen\pluto\antiperthite\antiperthite_XPL_18842091.jpg,antiperthite,XPL,1,Plagioclasa
raw_strekeisen\pluto\magmaticflow\magmaticflow_PPL_74109625.jpg,magmaticflow,PPL,4,Ortopiroxeno;Plagioclasa
raw_strekeisen\pluto\magmaticflow\magmaticflow_XPL_76884610.jpg,magmaticflow,XPL,7,Plagioclasa
raw_strekeisen\pluto\magmaticflow\magmaticflow_PPL_73825677.jpg,magmaticflow,PPL,2,Ortopiroxeno;Plagioclasa
raw_strekeisen\pluto\magmaticflow\magmaticflow_XPL_35575192.jpg,magmaticflow,XPL,8,Plagioclasa
raw_strekeisen\pluto\magmaticflow\magmaticflow_PPL_5829151.jpg,magmaticflow,PPL,11,Ortopiroxeno;Plagioclasa
raw_strekeisen\pluto\magmaticflow\magmaticflow_XPL_61030624.jpg,magmaticflow,XPL,7,Mineral opaco;Plagioclasa
raw_strekeisen\pluto\magmaticflow\magmaticflow_PPL_98083358.jpg,magmaticflow,PPL,5,Ortopiroxeno;Plagioclasa
raw_strekeisen\pluto\magmaticflow\magmaticflow_XPL_96150007.jpg,magmaticflow,XPL,4,Hornblenda;Olivino;Plagioclasa
raw_strekeisen\pluto\magmaticflow\magmaticflow_PPL_5410420.jpg,magmaticflow,PPL,9,Ortopiroxeno;Plagioclasa
raw_strekeisen\pluto\poikilitic\poikilitic_XPL_99598917.jpg,poikilitic,XPL,3,Antipertita;Plagioclasa
raw_strekeisen\pluto\poikilitic\poikilitic_XPL_84025747.jpg,poikilitic,XPL,0,
raw_strekeisen\pluto\sovite\sovite_PPL_88406056.jpg,sovite,PPL,3,Mineral opaco;Plagioclasa
raw_strekeisen\pluto\sovitefogo\sovitefogo_PPL_28205939.jpg,sovitefogo,PPL,1,Plagioclasa
raw_strekeisen\pluto\sovitefogo\sovitefogo_XPL_54917109.jpg,sovitefogo,XPL,0,
raw_strekeisen\pluto\sovitefogo\sovitefogo_PPL_54803695.jpg,sovitefogo,PPL,0,
raw_strekeisen\pluto\sovitefogo\sovitefogo_XPL_91815395.jpg,sovitefogo,XPL,2,Cuarzo
raw_strekeisen\pluto\sovitefogo\sovitefogo_PPL_24894466.jpg,sovitefogo,PPL,0,
raw_strekeisen\pluto\sovitefogo\sovitefogo_PPL_49679546.jpg,sovitefogo,PPL,0,
raw_strekeisen\pluto\sovitefogo\sovitefogo_XPL_80943764.jpg,sovitefogo,XPL,0,
raw_strekeisen\pluto\lujavrite\lujavrite_PPL_38799391.jpg,lujavrite,PPL,1,Sodalita
raw_strekeisen\pluto\lujavrite\lujavrite_XPL_6305534.jpg,lujavrite,XPL,0,
raw_strekeisen\pluto\lujavrite\lujavrite_XPL_47448516.jpg,lujavrite,XPL,1,Aegirina
raw_strekeisen\pluto\naujaite\naujaite_XPL_70252470.jpg,naujaite,XPL,3,Aegirina;Plagioclasa;nefelina
raw_strekeisen\pluto\naujaite\naujaite_XPL_92567736.jpg,naujaite,XPL,2,Arfvedsonita;Olivino
raw_strekeisen\pluto\naujaite\naujaite_XPL_76141435.jpg,naujaite,XPL,2,Mineral opaco;Plagioclasa
raw_strekeisen\pluto\naujaite\naujaite_PPL_98389513.jpg,naujaite,PPL,1,Cuarzo
raw_strekeisen\pluto\naujaite\naujaite_XPL_79736966.jpg,naujaite,XPL,3,Aegirina;Anfibol;Hornblenda
raw_strekeisen\pluto\jotunite\jotunite_PPL_47311431.jpg,jotunite,PPL,14,Ilmenita;Ortopiroxeno;Piroxeno;Plagioclasa
raw_strekeisen\pluto\jotunite\jotunite_PPL_36484085.jpg,jotunite,PPL,11,Ilmenita;Piroxeno;Plagioclasa
raw_strekeisen\pluto\jotunite\jotunite_XPL_99817025.jpg,jotunite,XPL,4,Antipertita;Ilmenita;Piroxeno
raw_strekeisen\pluto\jotunite\jotunite_PPL_25351567.jpg,jotunite,PPL,8,Ilmenita;Ortopiroxeno;Piroxeno;Plagioclasa
raw_strekeisen\pluto\jotunite\jotunite_XPL_89629616.jpg,jotunite,XPL,8,Antipertita;Cuarzo;Plagioclasa;nefelina
raw_strekeisen\pluto\jotunite\jotunite_PPL_86088147.jpg,jotunite,PPL,11,Ilmenita;Piroxeno;Plagioclasa
raw_strekeisen\pluto\jotunite\jotunite_PPL_60807899.jpg,jotunite,PPL,4,Ilmenita;Mineral opaco;Plagioclasa
raw_strekeisen\pluto\jotunite\jotunite_PPL_38387259.jpg,jotunite,PPL,12,Ilmenita;Piroxeno;Plagioclasa
raw_strekeisen\pluto\jotunite\jotunite_PPL_10460456.jpg,jotunite,PPL,10,Ilmenita;Piroxeno;Plagioclasa
raw_strekeisen\pluto\jotunite\jotunite_XPL_78523660.jpg,jotunite,XPL,9,Antipertita;Plagioclasa
raw_strekeisen\pluto\jotunite\jotunite_XPL_34952598.jpg,jotunite,XPL,5,Antipertita;Plagioclasa
raw_strekeisen\pluto\jotunite\jotunite_PPL_91903656.jpg,jotunite,PPL,15,Ilmenita;Mineral opaco;Piroxeno;Plagioclasa
raw_strekeisen\pluto\jotunite\jotunite_XPL_19515456.jpg,jotunite,XPL,3,Antipertita;Piroxeno;Plagioclasa
raw_strekeisen\pluto\lakarpite\lakarpite_PPL_56202931.jpg,lakarpite,PPL,1,Arfvedsonita
raw_strekeisen\pluto\lakarpite\lakarpite_XPL_26559409.jpg,lakarpite,XPL,0,
raw_strekeisen\pluto\larvikite\larvikite_PPL_3774000.jpg,larvikite,PPL,2,Ortopiroxeno;Piroxeno
raw_strekeisen\pluto\larvikite\larvikite_PPL_83331590.jpg,larvikite,PPL,1,Plagioclasa
raw_strekeisen\pluto\larvikite\larvikite_XPL_94719721.jpg,larvikite,XPL,5,Antipertita;Plagioclasa;nefelina
raw_strekeisen\pluto\larvikite\larvikite_PPL_74077169.jpg,larvikite,PPL,2,Cancrinita;Piroxeno
raw_strekeisen\pluto\larvikite\larvikite_XPL_22472330.jpg,larvikite,XPL,2,Antipertita;Plagioclasa
raw_strekeisen\pluto\larvikite\larvikite_PPL_60327288.jpg,larvikite,PPL,1,Piroxeno
raw_strekeisen\pluto\larvikite\larvikite_PPL_72526923.jpg,larvikite,PPL,2,Plagioclasa
raw_strekeisen\pluto\larvikite\larvikite_XPL_65144071.jpg,larvikite,XPL,5,Olivino;Plagioclasa
raw_strekeisen\pluto\larvikite\larvikite_PPL_51790431.jpg,larvikite,PPL,1,Hornblenda
raw_strekeisen\pluto\larvikite\larvikite_PPL_2316450.jpg,larvikite,PPL,1,Plagioclasa
raw_strekeisen\pluto\larvikite\larvikite_XPL_62064783.jpg,larvikite,XPL,3,Ortopiroxeno;Plagioclasa
raw_strekeisen\pluto\larvikite\larvikite_XPL_7082189.jpg,larvikite,XPL,1,Plagioclasa
raw_strekeisen\pluto\larvikite\larvikite_XPL_32015473.jpg,larvikite,XPL,1,Plagioclasa
raw_strekeisen\pluto\larvikite\larvikite_XPL_14330802.jpg,larvikite,XPL,2,Antipertita;Plagioclasa
raw_strekeisen\pluto\larvikite\larvikite_XPL_8166234.jpg,larvikite,XPL,1,Plagioclasa
raw_strekeisen\pluto\larvikite\larvikite_XPL_47527575.jpg,larvikite,XPL,3,Plagioclasa
raw_strekeisen\pluto\monzonite\monzonite_PPL_19901373.jpg,monzonite,PPL,5,Mineral opaco;Olivino
raw_strekeisen\pluto\monzonite\monzonite_XPL_27017317.jpg,monzonite,XPL,1,Mineral opaco
raw_strekeisen\pluto\monzonite\monzonite_PPL_40088726.jpg,monzonite,PPL,1,Olivino
raw_strekeisen\pluto\monzonite\monzonite_XPL_81060482.jpg,monzonite,XPL,0,
raw_strekeisen\pluto\monzonite\monzonite_PPL_89579981.jpg,monzonite,PPL,1,Piroxeno
raw_strekeisen\pluto\monzonite\monzonite_XPL_52687598.jpg,monzonite,XPL,1,Olivino
raw_strekeisen\pluto\monzonite\monzonite_PPL_41735465.jpg,monzonite,PPL,2,Mineral opaco;Olivino
raw_strekeisen\pluto\monzonite\monzonite_XPL_43395141.jpg,monzonite,XPL,1,Mineral opaco
raw_strekeisen\pluto\monzonite\monzonite_PPL_20862176.jpg,monzonite,PPL,1,Olivino
raw_strekeisen\pluto\monzonite\monzonite_XPL_37827548.jpg,monzonite,XPL,0,
raw_strekeisen\pluto\monzonite\monzonite_PPL_15788791.jpg,monzonite,PPL,1,Olivino
raw_strekeisen\pluto\monzonite\monzonite_XPL_41780247.jpg,monzonite,XPL,2,Cancrinita;Hornblenda
raw_strekeisen\pluto\monzonite\monzonite_PPL_20301383.jpg,monzonite,PPL,2,Mineral opaco;Olivino
raw_strekeisen\pluto\monzonite\monzonite_XPL_88509960.jpg,monzonite,XPL,7,Aegirina;Antipertita;Hornblenda;Plagioclasa
raw_strekeisen\pluto\monzonite\monzonite_PPL_66957893.jpg,monzonite,PPL,2,Olivino;Ortopiroxeno
raw_strekeisen\pluto\monzonite\monzonite_XPL_60320289.jpg,monzonite,XPL,6,Plagioclasa
raw_strekeisen\pluto\monzonite\monzonite_XPL_27482376.jpg,monzonite,XPL,4,Aegirina;Plagioclasa
raw_strekeisen\pluto\monzonite\monzonite_XPL_38391234.jpg,monzonite,XPL,3,Plagioclasa
raw_strekeisen\pluto\monzonite\monzonite_XPL_36669896.jpg,monzonite,XPL,6,Plagioclasa
raw_strekeisen\pluto\nephelinesyenite\nephelinesyenite_XPL_72886327.jpg,nephelinesyenite,XPL,1,Plagioclasa
raw_strekeisen\pluto\nephelinesyenite\nephelinesyenite_XPL_43555102.jpg,nephelinesyenite,XPL,0,
raw_strekeisen\pluto\nephelinesyenite\nephelinesyenite_PPL_56272461.jpg,nephelinesyenite,PPL,2,Aegirina
raw_strekeisen\pluto\nephelinesyenite\nephelinesyenite_XPL_86529498.jpg,nephelinesyenite,XPL,0,
raw_strekeisen\pluto\nephelinesyenite\nephelinesyenite_PPL_13074396.jpg,nephelinesyenite,PPL,0,
raw_strekeisen\pluto\nephelinesyenite\nephelinesyenite_XPL_36068436.jpg,nephelinesyenite,XPL,1,Plagioclasa
raw_strekeisen\pluto\nephelinesyenite\nephelinesyenite_PPL_52063271.jpg,nephelinesyenite,PPL,0,
raw_strekeisen\pluto\nephelinesyenite\nephelinesyenite_PPL_62199727.jpg,nephelinesyenite,PPL,3,Aegirina;Cuarzo
raw_strekeisen\pluto\nephelinesyenite\nephelinesyenite_XPL_11722867.jpg,nephelinesyenite,XPL,1,Mineral opaco
raw_strekeisen\pluto\nephelinesyenite\nephelinesyenite_PPL_50994721.jpg,nephelinesyenite,PPL,0,
raw_strekeisen\pluto\nephelinesyenite\nephelinesyenite_XPL_37719618.jpg,nephelinesyenite,XPL,2,Mineral opaco;Plagioclasa
raw_strekeisen\pluto\nephelinesyenite\nephelinesyenite_PPL_45431572.jpg,nephelinesyenite,PPL,1,Arfvedsonita
raw_strekeisen\pluto\pulaskite\pulaskite_XPL_23047626.jpg,pulaskite,XPL,1,Cuarzo
raw_strekeisen\pluto\pulaskite\pulaskite_XPL_69149659.jpg,pulaskite,XPL,1,Plagioclasa
raw_strekeisen\pluto\pulaskite\pulaskite_XPL_99100214.jpg,pulaskite,XPL,0,
raw_strekeisen\pluto\pulaskite\pulaskite_XPL_55717195.jpg,pulaskite,XPL,1,Plagioclasa
raw_strekeisen\pluto\pulaskite\pulaskite_XPL_60672181.jpg,pulaskite,XPL,1,Cuarzo
raw_strekeisen\pluto\pulaskite\pulaskite_XPL_61535840.jpg,pulaskite,XPL,3,Cuarzo;Plagioclasa;nefelina
raw_strekeisen\pluto\pulaskite\pulaskite_XPL_32669687.jpg,pulaskite,XPL,2,Plagioclasa
raw_strekeisen\pluto\pulaskite\pulaskite_PPL_70180110.jpg,pulaskite,PPL,2,Cancrinita;Cuarzo
raw_strekeisen\pluto\pulaskite\pulaskite_XPL_73794369.jpg,pulaskite,XPL,2,Plagioclasa
raw_strekeisen\pluto\pulaskite\pulaskite_PPL_31782379.jpg,pulaskite,PPL,3,Cuarzo;Plagioclasa
raw_strekeisen\pluto\pulaskite\pulaskite_XPL_87003463.jpg,pulaskite,XPL,2,Cuarzo;Plagioclasa
raw_strekeisen\pluto\pulaskite\pulaskite_PPL_28465288.jpg,pulaskite,PPL,1,Cuarzo
raw_strekeisen\pluto\pulaskite\pulaskite_PPL_75442545.jpg,pulaskite,PPL,1,Plagioclasa
raw_strekeisen\pluto\pulaskite\pulaskite_XPL_43110624.jpg,pulaskite,XPL,1,nefelina
raw_strekeisen\pluto\pulaskite\pulaskite_PPL_78884137.jpg,pulaskite,PPL,2,Aegirina;Plagioclasa
raw_strekeisen\pluto\pulaskite\pulaskite_XPL_93651568.jpg,pulaskite,XPL,4,Cuarzo;Plagioclasa
raw_strekeisen\pluto\pegmatite\pegmatite_XPL_75706796.jpg,pegmatite,XPL,2,Cuarzo
raw_strekeisen\pluto\pegmatite\pegmatite_XPL_39698599.jpg,pegmatite,XPL,2,Ortopiroxeno;nefelina
raw_strekeisen\pluto\pegmatite\pegmatite_XPL_68642735.jpg,pegmatite,XPL,2,Cuarzo;Olivino
raw_strekeisen\pluto\pegmatite\pegmatite_XPL_84506977.jpg,pegmatite,XPL,2,Antipertita;Plagioclasa
raw_strekeisen\pluto\pegmatite\pegmatite_XPL_32082607.jpg,pegmatite,XPL,4,Olivino;Ortopiroxeno;Plagioclasa
raw_strekeisen\pluto\cancrinitepegmatite\cancrinitepegmatite_PPL_23248638.jpg,cancrinitepegmatite,PPL,3,Aegirina;Cancrinita
raw_strekeisen\pluto\cancrinitepegmatite\cancrinitepegmatite_XPL_59516320.jpg,cancrinitepegmatite,XPL,2,Aegirina;Plagioclasa
raw_strekeisen\pluto\cancrinitepegmatite\cancrinitepegmatite_XPL_56807491.jpg,cancrinitepegmatite,XPL,4,Aegirina;Plagioclasa
raw_strekeisen\pluto\cancrinitepegmatite\cancrinitepegmatite_PPL_10663280.jpg,cancrinitepegmatite,PPL,2,Aegirina;Cancrinita
raw_strekeisen\pluto\cancrinitepegmatite\cancrinitepegmatite_PPL_86157607.jpg,cancrinitepegmatite,PPL,2,Aegirina;Cancrinita
raw_strekeisen\pluto\cancrinitepegmatite\cancrinitepegmatite_XPL_97416301.jpg,cancrinitepegmatite,XPL,2,Mineral opaco;Plagioclasa
raw_strekeisen\pluto\cancrinitepegmatite\cancrinitepegmatite_XPL_38053211.jpg,cancrinitepegmatite,XPL,4,Aegirina;Plagioclasa
raw_strekeisen\pluto\cancrinitepegmatite\cancrinitepegmatite_XPL_15313609.jpg,cancrinitepegmatite,XPL,4,Aegirina;Hornblenda;Plagioclasa
raw_strekeisen\pluto\cancrinitepegmatite\cancrinitepegmatite_XPL_55379166.jpg,cancrinitepegmatite,XPL,4,Aegirina;Plagioclasa
raw_strekeisen\pluto\cancrinitepegmatite\cancrinitepegmatite_XPL_29556203.jpg,cancrinitepegmatite,XPL,2,Aegirina
raw_strekeisen\pluto\cancrinitepegmatite\cancrinitepegmatite_XPL_18613761.jpg,cancrinitepegmatite,XPL,1,Cancrinita
raw_strekeisen\pluto\cancrinitepegmatite\cancrinitepegmatite_XPL_24555081.jpg,cancrinitepegmatite,XPL,2,Aegirina;Plagioclasa
raw_strekeisen\pluto\cancrinitepegmatite\cancrinitepegmatite_XPL_18629838.jpg,cancrinitepegmatite,XPL,3,Aegirina;Cancrinita
raw_strekeisen\pluto\cancrinitepegmatite\cancrinitepegmatite_XPL_52858984.jpg,cancrinitepegmatite,XPL,9,Aegirina;Antipertita;Arfvedsonita;Plagioclasa
raw_strekeisen\pluto\cancrinitepegmatite\cancrinitepegmatite_PPL_49036622.jpg,cancrinitepegmatite,PPL,3,Plagioclasa;nefelina
raw_strekeisen\pluto\nephelinepegmatite\nephelinepegmatite_XPL_73993616.jpg,nephelinepegmatite,XPL,4,Aegirina;Anfibol;Cuarzo
raw_strekeisen\pluto\peralkalinegranite\peralkalinegranite_XPL_64709045.jpg,peralkalinegranite,XPL,3,Cuarzo;Plagioclasa
raw_strekeisen\pluto\peralkalinegranite\peralkalinegranite_XPL_41530388.jpg,peralkalinegranite,XPL,1,Ortopiroxeno
raw_strekeisen\pluto\peralkalinegranite\peralkalinegranite_XPL_10672584.jpg,peralkalinegranite,XPL,2,Plagioclasa
raw_strekeisen\pluto\peralkalinegranite\peralkalinegranite_XPL_75820801.jpg,peralkalinegranite,XPL,1,Plagioclasa
raw_strekeisen\pluto\peralkalinegranite\peralkalinegranite_XPL_79932858.jpg,peralkalinegranite,XPL,0,
raw_strekeisen\pluto\peralkalinegranite\peralkalinegranite_XPL_81199212.jpg,peralkalinegranite,XPL,5,Arfvedsonita;Cuarzo;Ortopiroxeno;Plagioclasa
raw_strekeisen\pluto\peralkalinegranite\peralkalinegranite_XPL_77469140.jpg,peralkalinegranite,XPL,5,Cuarzo;Mineral opaco;Plagioclasa
raw_strekeisen\pluto\peralkalinegranite\peralkalinegranite_XPL_97606225.jpg,peralkalinegranite,XPL,4,Cuarzo;Plagioclasa
raw_strekeisen\pluto\peralkalinegranite\peralkalinegranite_XPL_20435373.jpg,peralkalinegranite,XPL,3,Aegirina;Plagioclasa
raw_strekeisen\pluto\peralkalinegranite\peralkalinegranite_XPL_78182711.jpg,peralkalinegranite,XPL,5,Mineral opaco;Olivino;Plagioclasa
raw_strekeisen\pluto\peralkalinegranite\peralkalinegranite_XPL_62957594.jpg,peralkalinegranite,XPL,4,Arfvedsonita;Mineral opaco;Plagioclasa
raw_strekeisen\pluto\peralkalinegranite\peralkalinegranite_XPL_17317987.jpg,peralkalinegranite,XPL,7,Cuarzo;Plagioclasa
raw_strekeisen\pluto\peralkalinegranite\peralkalinegranite_XPL_64302224.jpg,peralkalinegranite,XPL,7,Aegirina;Cuarzo;Plagioclasa;nefelina
raw_strekeisen\pluto\peralkalinegranite\peralkalinegranite_XPL_60146401.jpg,peralkalinegranite,XPL,2,Mineral opaco;Plagioclasa
raw_strekeisen\pluto\peralkalinegranite\peralkalinegranite_XPL_98077799.jpg,peralkalinegranite,XPL,3,Cuarzo;Plagioclasa
raw_strekeisen\pluto\peralkalinegranite\peralkalinegranite_XPL_96742096.jpg,peralkalinegranite,XPL,4,Arfvedsonita;Plagioclasa;nefelina
raw_strekeisen\pluto\syenogranite\syenogranite_XPL_70835749.jpg,syenogranite,XPL,6,Cuarzo;Plagioclasa
raw_strekeisen\pluto\syenogranite\syenogranite_XPL_48831385.jpg,syenogranite,XPL,5,Plagioclasa
raw_strekeisen\pluto\syenogranite\syenogranite_XPL_59658694.jpg,syenogranite,XPL,3,Antipertita;Plagioclasa
raw_strekeisen\pluto\syenogranite\syenogranite_XPL_43422820.jpg,syenogranite,XPL,5,Plagioclasa
raw_strekeisen\pluto\syenogranite\syenogranite_XPL_22103361.jpg,syenogranite,XPL,6,Olivino;Plagioclasa
raw_strekeisen\pluto\syenogranite\syenogranite_XPL_47985334.jpg,syenogranite,XPL,6,Cuarzo;Hornblenda;Plagioclasa
raw_strekeisen\pluto\tonalite\tonalite_XPL_67803548.jpg,tonalite,XPL,6,Antipertita;Plagioclasa
raw_strekeisen\pluto\tonalite\tonalite_PPL_38288821.jpg,tonalite,PPL,3,Antipertita;Plagioclasa
raw_strekeisen\pluto\tonalite\tonalite_XPL_31166835.jpg,tonalite,XPL,11,Antipertita;Hornblenda;Plagioclasa
raw_strekeisen\pluto\tonalite\tonalite_XPL_42134149.jpg,tonalite,XPL,8,Aegirina;Cuarzo;Hornblenda;Plagioclasa
raw_strekeisen\pluto\tonalite\tonalite_XPL_94051459.jpg,tonalite,XPL,11,Plagioclasa
raw_strekeisen\pluto\tonalite\tonalite_XPL_36943532.jpg,tonalite,XPL,7,Antipertita;Hornblenda;Plagioclasa
raw_strekeisen\pluto\tonalite\tonalite_XPL_41789397.jpg,tonalite,XPL,6,Plagioclasa
raw_strekeisen\vulc\cordierite\cordierite_PPL_67146330.jpg,cordierite,PPL,0,
raw_strekeisen\vulc\cordierite\cordierite_PPL_52222374.jpg,cordierite,PPL,0,
raw_strekeisen\vulc\cordierite\cordierite_PPL_68828294.jpg,cordierite,PPL,0,
raw_strekeisen\vulc\cordierite\cordierite_PPL_89839622.jpg,cordierite,PPL,1,Plagioclasa
raw_strekeisen\vulc\cordierite\cordierite_PPL_25424623.jpg,cordierite,PPL,2,Ortopiroxeno;Piroxeno
raw_strekeisen\vulc\cordierite\cordierite_XPL_29982748.jpg,cordierite,XPL,3,Aegirina;Plagioclasa
raw_strekeisen\vulc\cordierite\cordierite_PPL_10762294.jpg,cordierite,PPL,1,Arfvedsonita
raw_strekeisen\vulc\ilmenite\ilmenite_PPL_98898860.jpg,ilmenite,PPL,1,Cuarzo
raw_strekeisen\vulc\ilmenite\ilmenite_PPL_34099002.jpg,ilmenite,PPL,0,
raw_strekeisen\vulc\ilmenite\ilmenite_PPL_727573.jpg,ilmenite,PPL,1,Turmalina
raw_strekeisen\vulc\ilmenite\ilmenite_PPL_59850598.jpg,ilmenite,PPL,0,
raw_strekeisen\vulc\ilmenite\ilmenite_PPL_5149620.jpg,ilmenite,PPL,1,Antipertita
raw_strekeisen\vulc\ilmenite\ilmenite_PPL_67516722.jpg,ilmenite,PPL,0,
raw_strekeisen\vulc\ilmenite\ilmenite_PPL_54085295.jpg,ilmenite,PPL,0,
raw_strekeisen\vulc\ilmenite\ilmenite_PPL_24757514.jpg,ilmenite,PPL,0,
raw_strekeisen\vulc\ilmenite\ilmenite_PPL_36472709.jpg,ilmenite,PPL,0,
raw_strekeisen\vulc\ilmenite\ilmenite_PPL_84740904.jpg,ilmenite,PPL,0,
raw_strekeisen\vulc\glomerophyric\glomerophyric_PPL_66069064.jpg,glomerophyric,PPL,1,Piroxeno
raw_strekeisen\vulc\glomerophyric\glomerophyric_PPL_96662566.jpg,glomerophyric,PPL,0,
raw_strekeisen\vulc\glomerophyric\glomerophyric_PPL_40113607.jpg,glomerophyric,PPL,0,
raw_strekeisen\vulc\glomerophyric\glomerophyric_XPL_45040191.jpg,glomerophyric,XPL,0,
raw_strekeisen\vulc\glomerophyric\glomerophyric_PPL_12671108.jpg,glomerophyric,PPL,1,Olivino
raw_strekeisen\vulc\glomerophyric\glomerophyric_PPL_63154932.jpg,glomerophyric,PPL,0,
raw_strekeisen\vulc\glomerophyric\glomerophyric_PPL_87024924.jpg,glomerophyric,PPL,0,
raw_strekeisen\vulc\glomerophyric\glomerophyric_XPL_2289856.jpg,glomerophyric,XPL,1,Mineral opaco
raw_strekeisen\vulc\glomerophyric\glomerophyric_PPL_93748029.jpg,glomerophyric,PPL,1,Flogopita
raw_strekeisen\vulc\glomerophyric\glomerophyric_XPL_28820765.jpg,glomerophyric,XPL,0,
raw_strekeisen\vulc\glomerophyric\glomerophyric_PPL_34663968.jpg,glomerophyric,PPL,1,Piroxeno
raw_strekeisen\vulc\glomerophyric\glomerophyric_XPL_77273548.jpg,glomerophyric,XPL,0,
raw_strekeisen\vulc\porphyritic\porphyritic_XPL_17266389.jpg,porphyritic,XPL,1,Plagioclasa
raw_strekeisen\vulc\porphyritic\porphyritic_PPL_73635552.jpg,porphyritic,PPL,1,Plagioclasa
raw_strekeisen\vulc\porphyritic\porphyritic_XPL_3716099.jpg,porphyritic,XPL,2,Aegirina;Plagioclasa
raw_strekeisen\vulc\porphyritic\porphyritic_PPL_85161331.jpg,porphyritic,PPL,1,Plagioclasa
raw_strekeisen\vulc\porphyritic\porphyritic_XPL_1378039.jpg,porphyritic,XPL,0,
raw_strekeisen\vulc\porphyritic\porphyritic_PPL_60855787.jpg,porphyritic,PPL,2,Plagioclasa
raw_strekeisen\vulc\pseudomorph\pseudomorph_XPL_36872819.jpg,pseudomorph,XPL,0,
raw_strekeisen\vulc\andesite\andesite_PPL_33291996.jpg,andesite,PPL,1,Plagioclasa
raw_strekeisen\vulc\andesite\andesite_XPL_69471415.jpg,andesite,XPL,0,
raw_strekeisen\vulc\andesite\andesite_PPL_87362332.jpg,andesite,PPL,0,
raw_strekeisen\vulc\andesite\andesite_PPL_16153603.jpg,andesite,PPL,0,
raw_strekeisen\vulc\andesite\andesite_XPL_96373859.jpg,andesite,XPL,6,Aegirina;Arfvedsonita;Plagioclasa
raw_strekeisen\vulc\andesite\andesite_PPL_13652395.jpg,andesite,PPL,0,
raw_strekeisen\vulc\andesite\andesite_PPL_28964843.jpg,andesite,PPL,2,Cuarzo;Plagioclasa
raw_strekeisen\vulc\andesite\andesite_PPL_83607010.jpg,andesite,PPL,1,Ilmenita
raw_strekeisen\vulc\andesite\andesite_XPL_93189510.jpg,andesite,XPL,1,Cuarzo
raw_strekeisen\vulc\andesite\andesite_PPL_11188405.jpg,andesite,PPL,0,
raw_strekeisen\vulc\andesite\andesite_PPL_29480026.jpg,andesite,PPL,0,
raw_strekeisen\vulc\andesite\andesite_PPL_29382768.jpg,andesite,PPL,1,Plagioclasa
raw_strekeisen\vulc\andesite\andesite_XPL_62054317.jpg,andesite,XPL,3,Antipertita;Plagioclasa
raw_strekeisen\vulc\breccia\breccia_PPL_94592077.jpg,breccia,PPL,0,
raw_strekeisen\vulc\breccia\breccia_XPL_38632723.jpg,breccia,XPL,0,
raw_strekeisen\vulc\wollastonitephonolite\wollastonitephonolite_PPL_12554333.jpg,wollastonitephonolite,PPL,0,
raw_strekeisen\vulc\wollastonitephonolite\wollastonitephonolite_XPL_616343.jpg,wollastonitephonolite,XPL,0,
raw_strekeisen\vulc\kersantite\kersantite_PPL_44207977.jpg,kersantite,PPL,1,Olivino
raw_strekeisen\vulc\kersantite\kersantite_XPL_73041148.jpg,kersantite,XPL,1,Mineral opaco
raw_strekeisen\vulc\kersantite\kersantite_PPL_77107388.jpg,kersantite,PPL,0,
raw_strekeisen\vulc\kersantite\kersantite_XPL_37463360.jpg,kersantite,XPL,1,Mineral opaco
raw_strekeisen\vulc\kersantite\kersantite_PPL_80585929.jpg,kersantite,PPL,1,Olivino
raw_strekeisen\vulc\kersantite\kersantite_XPL_70011042.jpg,kersantite,XPL,1,Plagioclasa
raw_strekeisen\vulc\kersantite\kersantite_PPL_33658878.jpg,kersantite,PPL,1,Mineral opaco
raw_strekeisen\vulc\kersantite\kersantite_PPL_23838706.jpg,kersantite,PPL,0,
raw_strekeisen\vulc\kersantite\kersantite_XPL_74302942.jpg,kersantite,XPL,2,Olivino;Plagioclasa
raw_strekeisen\vulc\kimberlite2\kimberlite2_PPL_14770547.jpg,kimberlite2,PPL,0,
raw_strekeisen\vulc\kimberlite2\kimberlite2_XPL_84093698.jpg,kimberlite2,XPL,0,
raw_strekeisen\vulc\kimberlite2\kimberlite2_PPL_80533411.jpg,kimberlite2,PPL,0,
raw_strekeisen\vulc\kimberlite2\kimberlite2_XPL_43295528.jpg,kimberlite2,XPL,0,
raw_strekeisen\vulc\kimberlite2\kimberlite2_PPL_52901862.jpg,kimberlite2,PPL,1,Ilmenita
raw_strekeisen\vulc\kimberlite2\kimberlite2_XPL_79347604.jpg,kimberlite2,XPL,2,Ilmenita;Mineral opaco
raw_strekeisen\vulc\kimberlite2\kimberlite2_PPL_72848342.jpg,kimberlite2,PPL,0,
raw_strekeisen\vulc\kimberlite2\kimberlite2_XPL_9213985.jpg,kimberlite2,XPL,1,Olivino
raw_strekeisen\vulc\kimberlite2\kimberlite2_PPL_3649997.jpg,kimberlite2,PPL,0,
raw_strekeisen\vulc\kimberlite2\kimberlite2_XPL_79122039.jpg,kimberlite2,XPL,1,Turmalina
raw_strekeisen\vulc\kimberlite2\kimberlite2_PPL_10958086.jpg,kimberlite2,PPL,0,
raw_strekeisen\vulc\kimberlite2\kimberlite2_XPL_78842883.jpg,kimberlite2,XPL,0,
raw_strekeisen\vulc\kimberlite2\kimberlite2_PPL_72650394.jpg,kimberlite2,PPL,0,
raw_strekeisen\vulc\kimberlite2\kimberlite2_XPL_70612787.jpg,kimberlite2,XPL,0,
raw_strekeisen\vulc\kimberlite2\kimberlite2_PPL_62727643.jpg,kimberlite2,PPL,0,
raw_strekeisen\vulc\kimberlite2\kimberlite2_PPL_24461362.jpg,kimberlite2,PPL,0,
raw_strekeisen\vulc\kimberlite2\kimberlite2_PPL_33240206.jpg,kimberlite2,PPL,0,
raw_strekeisen\vulc\kimberlite2\kimberlite2_XPL_60621410.jpg,kimberlite2,XPL,0,
raw_strekeisen\vulc\kimberlite2\kimberlite2_PPL_91381286.jpg,kimberlite2,PPL,0,
raw_strekeisen\vulc\kimberlite2\kimberlite2_XPL_951712.jpg,kimberlite2,XPL,0,
raw_strekeisen\vulc\kimberlite2\kimberlite2_PPL_94015416.jpg,kimberlite2,PPL,0,
raw_strekeisen\vulc\kimberlite2\kimberlite2_XPL_55484666.jpg,kimberlite2,XPL,1,Olivino
raw_strekeisen\vulc\kimberlite2\kimberlite2_PPL_97950854.jpg,kimberlite2,PPL,1,Olivino
raw_strekeisen\vulc\kimberlite2\kimberlite2_XPL_39929695.jpg,kimberlite2,XPL,1,Olivino
raw_strekeisen\vulc\kimberlite2\kimberlite2_PPL_11773823.jpg,kimberlite2,PPL,0,
raw_strekeisen\vulc\kimberlite2\kimberlite2_XPL_77241669.jpg,kimberlite2,XPL,0,
raw_strekeisen\vulc\kimberlite2\kimberlite2_PPL_35466478.jpg,kimberlite2,PPL,1,Olivino
raw_strekeisen\vulc\kimberlite2\kimberlite2_XPL_17997180.jpg,kimberlite2,XPL,1,Plagioclasa
raw_strekeisen\vulc\kimberlite2\kimberlite2_PPL_91375592.jpg,kimberlite2,PPL,0,
raw_strekeisen\vulc\kimberlite2\kimberlite2_XPL_76423661.jpg,kimberlite2,XPL,1,Olivino
raw_strekeisen\vulc\kimberlite2\kimberlite2_PPL_61970027.jpg,kimberlite2,PPL,1,Olivino
raw_strekeisen\vulc\kimberlite2\kimberlite2_XPL_33985887.jpg,kimberlite2,XPL,0,
raw_strekeisen\vulc\kimberlite2\kimberlite2_PPL_92190793.jpg,kimberlite2,PPL,2,Olivino
raw_strekeisen\vulc\kimberlite2\kimberlite2_XPL_6075500.jpg,kimberlite2,XPL,1,Olivino
raw_strekeisen\vulc\kimberlite2\kimberlite2_PPL_81749558.jpg,kimberlite2,PPL,0,
raw_strekeisen\vulc\kimberlite2\kimberlite2_XPL_86727004.jpg,kimberlite2,XPL,3,Arfvedsonita;Olivino
raw_strekeisen\vulc\kimberlite2\kimberlite2_PPL_66548093.jpg,kimberlite2,PPL,0,
raw_strekeisen\vulc\kimberlite2\kimberlite2_XPL_56095230.jpg,kimberlite2,XPL,0,
raw_strekeisen\vulc\kimberlite2\kimberlite2_PPL_93488670.jpg,kimberlite2,PPL,0,
raw_strekeisen\vulc\kimberlite2\kimberlite2_XPL_60487202.jpg,kimberlite2,XPL,0,
raw_strekeisen\vulc\kimberlite2\kimberlite2_XPL_87620921.jpg,kimberlite2,XPL,2,Aegirina;Olivino
raw_strekeisen\vulc\kimberlite2\kimberlite2_XPL_20253019.jpg,kimberlite2,XPL,1,Olivino
raw_strekeisen\vulc\kimberlite2\kimberlite2_XPL_10768915.jpg,kimberlite2,XPL,0,
raw_strekeisen\vulc\kimberlite2\kimberlite2_XPL_61840996.jpg,kimberlite2,XPL,1,Plagioclasa
raw_strekeisen\vulc\kimberlite2\kimberlite2_XPL_19234213.jpg,kimberlite2,XPL,1,Mineral opaco
raw_strekeisen\vulc\kimberlite2\kimberlite2_XPL_44392102.jpg,kimberlite2,XPL,3,Aegirina;Olivino
raw_strekeisen\vulc\kimberlite2\kimberlite2_XPL_89710598.jpg,kimberlite2,XPL,0,
raw_strekeisen\vulc\kimberlite2\kimberlite2_XPL_69794327.jpg,kimberlite2,XPL,1,Olivino
raw_strekeisen\vulc\kimberlite2\kimberlite2_PPL_31066906.jpg,kimberlite2,PPL,0,
raw_strekeisen\vulc\kimberlite2\kimberlite2_XPL_46973513.jpg,kimberlite2,XPL,1,Olivino alterado con serpentina
raw_strekeisen\vulc\kimberlite2\kimberlite2_PPL_21181478.jpg,kimberlite2,PPL,2,Mineral opaco;Olivino
raw_strekeisen\vulc\kimberlite2\kimberlite2_PPL_44947728.jpg,kimberlite2,PPL,1,Olivino
raw_strekeisen\vulc\kimberlite2\kimberlite2_XPL_5483920.jpg,kimberlite2,XPL,1,Olivino
raw_strekeisen\vulc\vosegite\vosegite_PPL_81199678.jpg,vosegite,PPL,1,Aegirina
raw_strekeisen\vulc\vosegite\vosegite_XPL_77548876.jpg,vosegite,XPL,2,Aegirina;Cuarzo
raw_strekeisen\vulc\vosegite\vosegite_PPL_46198715.jpg,vosegite,PPL,2,Ortopiroxeno
raw_strekeisen\vulc\vosegite\vosegite_XPL_94254668.jpg,vosegite,XPL,3,Aegirina
raw_strekeisen\vulc\vosegite\vosegite_PPL_6548632.jpg,vosegite,PPL,0,
raw_strekeisen\vulc\vosegite\vosegite_XPL_44228301.jpg,vosegite,XPL,5,Anfibol;Cuarzo
raw_strekeisen\vulc\vosegite\vosegite_XPL_49298376.jpg,vosegite,XPL,0,
raw_strekeisen\vulc\vosegite\vosegite_XPL_43938045.jpg,vosegite,XPL,4,Aegirina;Cuarzo;Hornblenda
raw_strekeisen\vulc\vosegite\vosegite_XPL_48206794.jpg,vosegite,XPL,2,Aegirina;Cuarzo
raw_strekeisen\vulc\vosegite\vosegite_XPL_94291868.jpg,vosegite,XPL,2,Cuarzo
raw_strekeisen\vulc\vosegite\vosegite_PPL_57968178.jpg,vosegite,PPL,2,Anfibol;Olivino
raw_strekeisen\vulc\vosegite\vosegite_XPL_74606767.jpg,vosegite,XPL,1,Aegirina
raw_strekeisen\vulc\vosegite\vosegite_XPL_43022482.jpg,vosegite,XPL,2,Aegirina;Mineral opaco
raw_strekeisen\vulc\latite\latite_PPL_25936986.jpg,latite,PPL,0,
raw_strekeisen\vulc\latite\latite_XPL_93610825.jpg,latite,XPL,1,nefelina
raw_strekeisen\vulc\latite\latite_PPL_44271491.jpg,latite,PPL,0,
raw_strekeisen\vulc\latite\latite_XPL_75676339.jpg,latite,XPL,0,
raw_strekeisen\vulc\leucitite\leucitite_XPL_65317347.jpg,leucitite,XPL,0,
raw_strekeisen\vulc\leucitite\leucitite_XPL_40547564.jpg,leucitite,XPL,0,
raw_strekeisen\vulc\pyroclasticflow\pyroclasticflow_PPL_98144211.jpg,pyroclasticflow,PPL,0,
raw_strekeisen\vulc\pyroclasticflow\pyroclasticflow_PPL_52885022.jpg,pyroclasticflow,PPL,4,Ilmenita
raw_strekeisen\vulc\pyroclasticflow\pyroclasticflow_PPL_91135800.jpg,pyroclasticflow,PPL,1,Plagioclasa
raw_strekeisen\vulc\pyroclasticflow\pyroclasticflow_PPL_79379558.jpg,pyroclasticflow,PPL,2,Ilmenita;Piroxeno
raw_strekeisen\vulc\pyroclasticflow\pyroclasticflow_PPL_42220780.jpg,pyroclasticflow,PPL,1,Plagioclasa
raw_strekeisen\vulc\pyroclasticflow\pyroclasticflow_PPL_50700200.jpg,pyroclasticflow,PPL,1,Ilmenita
raw_strekeisen\vulc\pyroclasticflow\pyroclasticflow_PPL_28792540.jpg,pyroclasticflow,PPL,2,Eudialita;Ilmenita
raw_strekeisen\vulc\pyroclasticflow\pyroclasticflow_PPL_62509182.jpg,pyroclasticflow,PPL,0,
raw_strekeisen\vulc\pyroclasticflow\pyroclasticflow_PPL_87047600.jpg,pyroclasticflow,PPL,0,
raw_strekeisen\vulc\pyroclasticflow\pyroclasticflow_PPL_16852651.jpg,pyroclasticflow,PPL,3,Ilmenita;Olivino;Plagioclasa
raw_strekeisen\pluto\foyaite\foyaite_PPL_15508573.jpg,foyaite,PPL,0,
raw_strekeisen\pluto\granite\granite_XPL_2499887.jpg,granite,XPL,3,Cuarzo;Plagioclasa;nefelina
raw_strekeisen\pluto\granite\granite_PPL_7931542.jpg,granite,PPL,3,Hornblenda
raw_strekeisen\pluto\granite\granite_XPL_16831881.jpg,granite,XPL,4,Antipertita;Plagioclasa;nefelina
raw_strekeisen\pluto\granite\granite_PPL_79041458.jpg,granite,PPL,2,Hornblenda;Piroxeno
raw_strekeisen\pluto\granite\granite_XPL_18452340.jpg,granite,XPL,1,nefelina
raw_strekeisen\pluto\granite\granite_XPL_19573910.jpg,granite,XPL,1,Plagioclasa
raw_strekeisen\pluto\granite\granite_XPL_38615794.jpg,granite,XPL,7,Antipertita;Plagioclasa
raw_strekeisen\pluto\granite\granite_PPL_23697326.jpg,granite,PPL,1,Plagioclasa
raw_strekeisen\pluto\granite\granite_XPL_51335116.jpg,granite,XPL,7,Aegirina;Antipertita;Olivino alterado con serpentina;Plagioclasa;Venas de serpentina
raw_strekeisen\pluto\granite\granite_PPL_27970321.jpg,granite,PPL,0,
raw_strekeisen\pluto\granite\granite_XPL_77539598.jpg,granite,XPL,2,Antipertita;Plagioclasa
raw_strekeisen\meta\olivine\olivine_PPL_39865159.jpg,olivine,PPL,2,Cuarzo;Olivino
raw_strekeisen\meta\olivine\olivine_PPL_74740694.jpg,olivine,PPL,0,
raw_strekeisen\meta\olivine\olivine_PPL_58801477.jpg,olivine,PPL,1,Olivino
raw_strekeisen\meta\olivine\olivine_PPL_75008501.jpg,olivine,PPL,0,
raw_strekeisen\meta\olivine\olivine_XPL_42753004.jpg,olivine,XPL,2,Plagioclasa
raw_strekeisen\meta\sapphirine\sapphirine_PPL_81360705.jpg,sapphirine,PPL,1,Hornblenda
raw_strekeisen\meta\sapphirine\sapphirine_PPL_88431077.jpg,sapphirine,PPL,1,Plagioclasa
raw_strekeisen\meta\sapphirine\sapphirine_PPL_7883634.jpg,sapphirine,PPL,4,Cuarzo;Plagioclasa
raw_strekeisen\meta\sapphirine\sapphirine_PPL_64016721.jpg,sapphirine,PPL,0,
raw_strekeisen\meta\sapphirine\sapphirine_XPL_81931095.jpg,sapphirine,XPL,1,Cuarzo
raw_strekeisen\meta\sapphirine\sapphirine_PPL_75775755.jpg,sapphirine,PPL,0,
raw_strekeisen\meta\sapphirine\sapphirine_PPL_59085665.jpg,sapphirine,PPL,3,Hornblenda;Plagioclasa
raw_strekeisen\meta\sapphirine\sapphirine_PPL_9980941.jpg,sapphirine,PPL,1,Plagioclasa
raw_strekeisen\meta\sapphirine\sapphirine_PPL_51705705.jpg,sapphirine,PPL,1,Ortopiroxeno
raw_strekeisen\meta\sapphirine\sapphirine_PPL_2973310.jpg,sapphirine,PPL,2,Ortopiroxeno;Plagioclasa
raw_strekeisen\meta\sapphirine\sapphirine_XPL_21098132.jpg,sapphirine,XPL,1,Mineral opaco
raw_strekeisen\meta\sapphirine\sapphirine_PPL_7693442.jpg,sapphirine,PPL,1,Plagioclasa
raw_strekeisen\meta\sapphirine\sapphirine_PPL_6201733.jpg,sapphirine,PPL,1,Plagioclasa
raw_strekeisen\meta\sapphirine\sapphirine_PPL_26843579.jpg,sapphirine,PPL,0,
raw_strekeisen\meta\sapphirine\sapphirine_PPL_37392018.jpg,sapphirine,PPL,2,Plagioclasa
raw_strekeisen\meta\sapphirine\sapphirine_PPL_22951689.jpg,sapphirine,PPL,1,Ortopiroxeno
raw_strekeisen\meta\sapphirine\sapphirine_PPL_6152123.jpg,sapphirine,PPL,0,
raw_strekeisen\meta\sapphirine\sapphirine_PPL_3234949.jpg,sapphirine,PPL,3,Hornblenda;Olivino;Plagioclasa
raw_strekeisen\meta\sapphirine\sapphirine_PPL_88847944.jpg,sapphirine,PPL,2,Hornblenda;Plagioclasa
raw_strekeisen\meta\serpentine\serpentine_PPL_74731623.jpg,serpentine,PPL,10,Olivino alterado con serpentina;Venas de serpentina
raw_strekeisen\meta\serpentine\serpentine_PPL_5266661.jpg,serpentine,PPL,1,Piroxeno
raw_strekeisen\meta\serpentine\serpentine_XPL_83187608.jpg,serpentine,XPL,0,
raw_strekeisen\meta\staurolite\staurolite_PPL_49031599.jpg,staurolite,PPL,2,Piroxeno;Plagioclasa
raw_strekeisen\meta\staurolite\staurolite_PPL_6591591.jpg,staurolite,PPL,1,Piroxeno
raw_strekeisen\meta\staurolite\staurolite_PPL_22457937.jpg,staurolite,PPL,2,Piroxeno;Plagioclasa
raw_strekeisen\meta\staurolite\staurolite_PPL_78071257.jpg,staurolite,PPL,1,Olivino alterado con serpentina
raw_strekeisen\meta\staurolite\staurolite_PPL_84439594.jpg,staurolite,PPL,3,Ortopiroxeno;Plagioclasa
raw_strekeisen\meta\staurolite\staurolite_PPL_63797989.jpg,staurolite,PPL,4,Hornblenda;Piroxeno;Plagioclasa
raw_strekeisen\meta\staurolite\staurolite_PPL_89140804.jpg,staurolite,PPL,6,Ortopiroxeno;Piroxeno;Plagioclasa
raw_strekeisen\meta\staurolite\staurolite_PPL_81717497.jpg,staurolite,PPL,1,Plagioclasa
raw_strekeisen\meta\staurolite\staurolite_PPL_44074276.jpg,staurolite,PPL,3,Piroxeno;Plagioclasa
raw_strekeisen\meta\kelyphite\kelyphite_PPL_8668540.jpg,kelyphite,PPL,2,Aegirina;Olivino
raw_strekeisen\meta\kelyphite\kelyphite_PPL_93252485.jpg,kelyphite,PPL,1,Olivino
raw_strekeisen\meta\kelyphite\kelyphite_XPL_12414535.jpg,kelyphite,XPL,0,
raw_strekeisen\meta\kelyphite\kelyphite_PPL_27631465.jpg,kelyphite,PPL,1,Turmalina
raw_strekeisen\meta\kelyphite\kelyphite_XPL_5873131.jpg,kelyphite,XPL,1,Plagioclasa
raw_strekeisen\meta\kelyphite\kelyphite_PPL_9041093.jpg,kelyphite,PPL,0,
raw_strekeisen\meta\kelyphite\kelyphite_XPL_22504583.jpg,kelyphite,XPL,0,
raw_strekeisen\meta\kelyphite\kelyphite_PPL_23534095.jpg,kelyphite,PPL,0,
raw_strekeisen\meta\kelyphite\kelyphite_XPL_16332039.jpg,kelyphite,XPL,0,
raw_strekeisen\meta\kelyphite\kelyphite_PPL_94621906.jpg,kelyphite,PPL,0,
raw_strekeisen\meta\kelyphite\kelyphite_XPL_9322323.jpg,kelyphite,XPL,0,
raw_strekeisen\meta\kelyphite\kelyphite_PPL_51050292.jpg,kelyphite,PPL,2,Plagioclasa
raw_strekeisen\meta\kelyphite\kelyphite_PPL_26212577.jpg,kelyphite,PPL,0,
raw_strekeisen\meta\kelyphite\kelyphite_PPL_94536015.jpg,kelyphite,PPL,0,
raw_strekeisen\meta\kelyphite\kelyphite_PPL_75472132.jpg,kelyphite,PPL,1,Olivino
raw_strekeisen\meta\kelyphite\kelyphite_PPL_40527192.jpg,kelyphite,PPL,4,Cuarzo;Olivino alterado con serpentina;Plagioclasa
raw_strekeisen\meta\kelyphite\kelyphite_XPL_97951199.jpg,kelyphite,XPL,1,Mineral opaco
raw_strekeisen\meta\kelyphite\kelyphite_PPL_1989279.jpg,kelyphite,PPL,2,Cuarzo
raw_strekeisen\meta\kelyphite\kelyphite_XPL_60629375.jpg,kelyphite,XPL,0,
raw_strekeisen\meta\kelyphite\kelyphite_PPL_46947853.jpg,kelyphite,PPL,3,Cuarzo;Olivino alterado con serpentina
raw_strekeisen\meta\kelyphite\kelyphite_XPL_48562746.jpg,kelyphite,XPL,3,Cuarzo;Plagioclasa;Venas de serpentina
raw_strekeisen\meta\meshstructures\meshstructures_PPL_3119149.jpg,meshstructures,PPL,0,
raw_strekeisen\meta\meshstructures\meshstructures_XPL_94501542.jpg,meshstructures,XPL,0,
raw_strekeisen\meta\meshstructures\meshstructures_PPL_37457123.jpg,meshstructures,PPL,2,Aegirina;Olivino
raw_strekeisen\meta\meshstructures\meshstructures_XPL_55593731.jpg,meshstructures,XPL,2,Olivino
raw_strekeisen\meta\meshstructures\meshstructures_PPL_98490540.jpg,meshstructures,PPL,0,
raw_strekeisen\meta\meshstructures\meshstructures_XPL_82924271.jpg,meshstructures,XPL,0,
raw_strekeisen\meta\meshstructures\meshstructures_PPL_84019122.jpg,meshstructures,PPL,1,Olivino
raw_strekeisen\meta\meshstructures\meshstructures_XPL_76652288.jpg,meshstructures,XPL,1,Olivino alterado con serpentina
raw_strekeisen\meta\meshstructures\meshstructures_PPL_88787087.jpg,meshstructures,PPL,1,Plagioclasa
raw_strekeisen\meta\meshstructures\meshstructures_XPL_85135141.jpg,meshstructures,XPL,0,
raw_strekeisen\meta\meshstructures\meshstructures_PPL_3123296.jpg,meshstructures,PPL,0,
raw_strekeisen\meta\meshstructures\meshstructures_XPL_38910840.jpg,meshstructures,XPL,0,
raw_strekeisen\meta\meshstructures\meshstructures_PPL_80169572.jpg,meshstructures,PPL,0,
raw_strekeisen\meta\meshstructures\meshstructures_XPL_16750761.jpg,meshstructures,XPL,0,
raw_strekeisen\meta\meshstructures\meshstructures_XPL_73881544.jpg,meshstructures,XPL,0,
raw_strekeisen\meta\meshstructures\meshstructures_PPL_91961517.jpg,meshstructures,PPL,0,
raw_strekeisen\meta\meshstructures\meshstructures_XPL_60284373.jpg,meshstructures,XPL,0,
raw_strekeisen\meta\meshstructures\meshstructures_PPL_79279114.jpg,meshstructures,PPL,0,
raw_strekeisen\meta\meshstructures\meshstructures_XPL_14920536.jpg,meshstructures,XPL,1,Olivino
raw_strekeisen\meta\meshstructures\meshstructures_PPL_25956523.jpg,meshstructures,PPL,1,Olivino
raw_strekeisen\meta\meshstructures\meshstructures_XPL_42373583.jpg,meshstructures,XPL,1,Olivino
raw_strekeisen\meta\buchite\buchite_PPL_56895093.jpg,buchite,PPL,1,Eudialita
raw_strekeisen\meta\buchite\buchite_PPL_16266780.jpg,buchite,PPL,1,Eudialita
raw_strekeisen\meta\felsicgranulite\felsicgranulite_PPL_41304508.jpg,felsicgranulite,PPL,1,Antipertita
raw_strekeisen\meta\maficgranulite\maficgranulite_PPL_74426344.jpg,maficgranulite,PPL,3,Piroxeno;Plagioclasa
raw_strekeisen\meta\maficgranulite\maficgranulite_PPL_63478346.jpg,maficgranulite,PPL,3,Piroxeno;Plagioclasa
raw_strekeisen\meta\maficgranulite\maficgranulite_PPL_96482735.jpg,maficgranulite,PPL,1,Plagioclasa
raw_strekeisen\meta\maficgranulite\maficgranulite_XPL_55815287.jpg,maficgranulite,XPL,2,Antipertita;Plagioclasa
raw_strekeisen\meta\maficgranulite\maficgranulite_PPL_74448874.jpg,maficgranulite,PPL,2,Cuarzo;Piroxeno
raw_strekeisen\meta\maficgranulite\maficgranulite_PPL_73216869.jpg,maficgranulite,PPL,3,Cuarzo;Piroxeno;Plagioclasa
raw_strekeisen\meta\maficgranulite\maficgranulite_XPL_77288349.jpg,maficgranulite,XPL,1,Antipertita
raw_strekeisen\meta\maficgranulite\maficgranulite_PPL_37674090.jpg,maficgranulite,PPL,2,Piroxeno
raw_strekeisen\meta\maficgranulite\maficgranulite_PPL_70173005.jpg,maficgranulite,PPL,1,Piroxeno
raw_strekeisen\meta\maficgranulite\maficgranulite_PPL_42874830.jpg,maficgranulite,PPL,5,Ilmenita;Piroxeno;Plagioclasa
raw_strekeisen\meta\maficgranulite\maficgranulite_XPL_26323484.jpg,maficgranulite,XPL,4,Cuarzo;Plagioclasa
raw_strekeisen\meta\maficgranulite\maficgranulite_XPL_67744502.jpg,maficgranulite,XPL,7,Antipertita;Cuarzo;Ilmenita;Plagioclasa
raw_strekeisen\meta\maficgranulite\maficgranulite_PPL_52610442.jpg,maficgranulite,PPL,1,Piroxeno
raw_strekeisen\meta\maficgranulite\maficgranulite_XPL_49602563.jpg,maficgranulite,XPL,2,Antipertita;Plagioclasa
raw_strekeisen\meta\maficgranulite\maficgranulite_PPL_11762307.jpg,maficgranulite,PPL,1,Plagioclasa
raw_strekeisen\meta\maficgranulite\maficgranulite_PPL_65618916.jpg,maficgranulite,PPL,2,Plagioclasa
raw_strekeisen\meta\maficgranulite\maficgranulite_XPL_6134886.jpg,maficgranulite,XPL,0,
raw_strekeisen\meta\maficgranulite\maficgranulite_PPL_70729929.jpg,maficgranulite,PPL,3,Hornblenda;Piroxeno
raw_strekeisen\meta\maficgranulite\maficgranulite_XPL_86374314.jpg,maficgranulite,XPL,1,Plagioclasa
raw_strekeisen\meta\maficgranulite\maficgranulite_PPL_36389243.jpg,maficgranulite,PPL,4,Hornblenda;Ilmenita;Mineral opaco
raw_strekeisen\meta\maficgranulite\maficgranulite_XPL_60267288.jpg,maficgranulite,XPL,5,Cuarzo;Piroxeno;Plagioclasa
raw_strekeisen\meta\maficgranulite\maficgranulite_PPL_48453065.jpg,maficgranulite,PPL,2,Hornblenda;Mineral opaco
raw_strekeisen\meta\maficgranulite\maficgranulite_PPL_68366880.jpg,maficgranulite,PPL,2,Hornblenda
raw_strekeisen\meta\maficgranulite\maficgranulite_PPL_54741636.jpg,maficgranulite,PPL,4,Hornblenda;Mineral opaco;Plagioclasa
raw_strekeisen\meta\maficgranulite\maficgranulite_XPL_1621428.jpg,maficgranulite,XPL,0,
raw_strekeisen\meta\maficgranulite\maficgranulite_PPL_41884504.jpg,maficgranulite,PPL,4,Hornblenda;Piroxeno
raw_strekeisen\meta\maficgranulite\maficgranulite_PPL_35679367.jpg,maficgranulite,PPL,4,Hornblenda;Piroxeno;Plagioclasa
raw_strekeisen\meta\maficgranulite\maficgranulite_PPL_6855086.jpg,maficgranulite,PPL,4,Hornblenda;Piroxeno;Plagioclasa
raw_strekeisen\meta\maficgranulite\maficgranulite_XPL_46906559.jpg,maficgranulite,XPL,4,Antipertita;Plagioclasa
raw_strekeisen\meta\maficgranulite\maficgranulite_PPL_59368130.jpg,maficgranulite,PPL,2,Hornblenda;Piroxeno
raw_strekeisen\meta\maficgranulite\maficgranulite_XPL_54225012.jpg,maficgranulite,XPL,2,Plagioclasa
raw_strekeisen\meta\maficgranulite\maficgranulite_PPL_38299978.jpg,maficgranulite,PPL,2,Hornblenda;Plagioclasa
raw_strekeisen\meta\maficgranulite\maficgranulite_PPL_417052.jpg,maficgranulite,PPL,5,Hornblenda;Mineral opaco;Piroxeno;Plagioclasa
raw_strekeisen\meta\maficgranulite\maficgranulite_PPL_69084696.jpg,maficgranulite,PPL,3,Hornblenda;Piroxeno;Plagioclasa
raw_strekeisen\meta\maficgranulite\maficgranulite_PPL_29268772.jpg,maficgranulite,PPL,3,Hornblenda;Ilmenita
raw_strekeisen\meta\sapphirinegranulite\sapphirinegranulite_XPL_79376132.jpg,sapphirinegranulite,XPL,6,Antipertita;Cuarzo;Hornblenda;nefelina
raw_strekeisen\meta\sapphirinegranulite\sapphirinegranulite_XPL_56389733.jpg,sapphirinegranulite,XPL,4,Cuarzo;Olivino;nefelina
raw_strekeisen\meta\sapphirinegranulite\sapphirinegranulite_XPL_2405794.jpg,sapphirinegranulite,XPL,3,Cuarzo;Ilmenita;Piroxeno
raw_strekeisen\meta\sapphirinegranulite\sapphirinegranulite_PPL_94623182.jpg,sapphirinegranulite,PPL,0,
raw_strekeisen\meta\sapphirinegranulite\sapphirinegranulite_PPL_37769516.jpg,sapphirinegranulite,PPL,0,
raw_strekeisen\meta\sapphirinegranulite\sapphirinegranulite_XPL_17744757.jpg,sapphirinegranulite,XPL,0,
raw_strekeisen\meta\sapphirinegranulite\sapphirinegranulite_PPL_53173365.jpg,sapphirinegranulite,PPL,4,Ortopiroxeno;Plagioclasa
